product_id,Type,air_temp,process_temp,speed,torque,tool_wear,air_temp_phase,process_temp_phase,speed_phase,torque_phase,tool_wear_phase,in_pocket,target_real,target
M14860,M,298.1,308.6,1551,42.8,0,-1.88964,-1.85228,0.787141,0.644122,-3.14159,0,0,0
L47181,L,298.2,308.7,1408,46.3,3,-1.76122,-1.66981,-1.82516,1.45885,-3.01923,0,0,0
L47182,L,298.1,308.5,1498,49.4,5,-1.79442,-1.97552,-0.0893121,2.04447,-2.94583,0,0,0
L47183,L,298.2,308.6,1433,39.5,7,-1.73753,-1.92409,-1.37606,-0.17594,-2.94213,0,0,0
L47184,L,298.2,308.7,1408,40,9,-1.77696,-1.6531,-1.87543,-0.0288181,-2.83906,0,0,0
M14865,M,298.1,308.6,1425,41.9,11,-1.80858,-1.94691,-1.53916,0.443565,-2.79092,0,0,0
L47186,L,298.1,308.6,1558,42.4,14,-1.83985,-1.90488,0.875469,0.528261,-2.66013,0,0,0
L47187,L,298.1,308.6,1527,40.2,16,-1.82477,-1.89283,0.431436,0.010005,-2.6484,0,0,0
M14868,M,298.3,308.7,1667,28.6,18,-1.59152,-1.649,2.04549,-2.3443,-2.5417,0,0,0
M14869,M,298.5,309,1741,28,21,-1.47639,-1.31328,2.49587,-2.43405,-2.43148,0,0,0
H29424,H,298.4,308.9,1782,23.9,24,-1.46979,-1.55174,2.63823,-2.77977,-2.3917,0,0,0
H29425,H,298.6,309.1,1423,44.3,29,-1.29796,-1.17723,-1.56028,1.05073,-2.26069,0,0,0
M14872,M,298.6,309.1,1339,51.1,34,-1.30818,-1.29324,-2.76865,2.31454,-2.11048,0,0,0
M14873,M,298.6,309.2,1742,30,37,-1.3124,-1.08944,2.52016,-2.16872,-2.02306,0,0,0
L47194,L,298.6,309.2,2035,19.6,40,-1.29491,-1.14663,3.01326,-3.01505,-1.91479,0,0,0
L47195,L,298.6,309.2,1542,48.4,42,-1.29343,-1.11019,0.633828,1.8922,-1.8416,0,0,0
M14876,M,298.6,309.2,1311,46.6,44,-1.30887,-1.10909,-2.94887,1.53602,-1.81382,0,0,0
M14877,M,298.7,309.2,1410,45.6,47,-1.22206,-1.10136,-1.8244,1.34248,-1.74089,0,0,0
H29432,H,298.8,309.2,1306,54.5,50,-1.13868,-1.08713,-2.98911,2.73129,-1.65039,0,0,0
M14879,M,298.9,309.3,1632,32.5,55,-0.931124,-0.94222,1.78288,-1.72677,-1.5471,0,0,0
H29434,H,298.9,309.3,1375,42.7,58,-0.948253,-0.999118,-2.35386,0.681068,-1.43129,0,0,0
L47201,L,298.8,309.3,1450,44.8,63,-1.15131,-0.913551,-1.00959,1.1309,-1.28055,0,0,0
M14882,M,298.9,309.3,1581,30.7,65,-0.927486,-0.914173,1.19921,-2.02634,-1.20912,0,0,0
L47203,L,299,309.4,1758,25.7,68,-0.8112,-0.907436,2.5423,-2.63803,-1.14,0,0,0
M14884,M,299,309.4,1561,37.3,70,-0.788953,-0.920055,0.943561,-0.7088,-1.0892,0,0,0
L47205,L,299,309.5,1861,23.3,73,-0.789765,-0.711416,2.83023,-2.86832,-0.968498,0,0,0
L47206,L,299.1,309.5,1512,39,75,-0.713401,-0.664575,0.161269,-0.299971,-0.898959,0,0,0
H29441,H,299.1,309.4,1811,24.6,77,-0.672055,-0.908294,2.70729,-2.74361,-0.88564,0,0,0
L47208,L,299.1,309.4,1439,44.2,82,-0.680174,-0.925375,-1.24729,0.976563,-0.755508,0,0,0
L47209,L,299,309.4,1693,30.1,84,-0.825718,-0.888748,2.24661,-2.11288,-0.66795,0,0,0
M14890,M,299.1,309.5,1339,48.2,86,-0.715406,-0.676007,-2.77675,1.87286,-0.62797,0,0,0
L47211,L,299,309.4,1798,25.5,89,-0.803649,-0.916328,2.6583,-2.63822,-0.550951,0,0,0
L47212,L,299,309.4,1419,48.3,91,-0.819989,-0.882638,-1.61082,1.86184,-0.49206,0,0,0
L47213,L,298.9,309.3,1665,32.5,93,-0.951035,-0.964818,2.06899,-1.7029,-0.422372,0,0,0
M14894,M,298.8,309.1,1559,34.7,95,-1.18843,-1.28618,0.901847,-1.28369,-0.398842,0,0,0
M14895,M,298.8,309.2,1452,48.6,98,-1.19834,-1.09264,-0.998173,1.93886,-0.267397,0,0,0
M14896,M,298.9,309.2,1581,36.7,101,-0.946588,-1.13454,1.22494,-0.815626,-0.200635,0,0,0
L47217,L,298.8,309.1,1439,39.2,104,-1.1742,-1.21583,-1.2314,-0.201264,-0.117143,0,0,0
H29452,H,298.9,309.2,1379,50.7,106,-0.964776,-1.09659,-2.26806,2.26699,-0.0322021,0,0,0
L47219,L,298.8,309.1,1350,52.5,111,-1.15964,-1.25227,-2.65224,2.49002,0.113552,0,0,0
L47220,L,298.8,309.1,1362,45.4,113,-1.20083,-1.25103,-2.5301,1.27757,0.176124,0,0,0
L47221,L,298.8,309.1,1368,50.8,115,-1.14684,-1.28928,-2.48767,2.30876,0.189244,0,0,0
M14902,M,298.8,309.1,1368,49.1,117,-1.1774,-1.24832,-2.48866,1.98633,0.273792,0,0,0
H29457,H,298.8,309.2,1372,48.5,120,-1.15553,-1.11861,-2.40663,1.89571,0.313735,0,0,0
M14904,M,298.8,309.1,1472,47.5,125,-1.16352,-1.28393,-0.619405,1.72385,0.504883,0,0,0
L47225,L,298.8,309.1,1489,49.1,128,-1.15269,-1.28239,-0.268573,2.00792,0.566289,0,0,0
M14906,M,298.7,309,1843,25.8,130,-1.22226,-1.38634,2.79151,-2.64125,0.679817,0,0,0
L47227,L,298.8,309.1,1418,46.3,133,-1.1893,-1.24359,-1.66149,1.47407,0.699538,0,0,0
H29462,H,298.8,309.2,1425,53.9,135,-1.17128,-1.13716,-1.52752,2.65532,0.762933,0,0,0
M14909,M,298.9,309.2,1412,44.1,140,-0.913417,-1.11287,-1.81555,0.954712,0.885195,0,0,0
L47230,L,298.9,309.1,2861,4.6,143,-1.00028,-1.26755,3.14159,-3.13908,0.982801,0,1,1
L47231,L,298.9,309.1,1383,54.9,145,-0.946526,-1.2312,-2.24466,2.74765,1.0743,0,0,0
H29466,H,298.8,309,1497,43.8,147,-1.16445,-1.3552,-0.0904221,0.894327,1.11106,0,0,0
L47233,L,298.7,309,1565,35.1,152,-1.21217,-1.38562,1.02624,-1.21263,1.25608,0,0,0
L47234,L,298.7,309,1691,30.1,154,-1.22128,-1.39905,2.2722,-2.09796,1.32873,0,0,0
L47235,L,298.8,309.1,1512,40.7,156,-1.14915,-1.2921,0.111406,0.158632,1.37196,0,0,0
L47236,L,298.8,309.1,1477,42.4,158,-1.1623,-1.30048,-0.508356,0.547156,1.47486,0,0,0
L47237,L,298.8,309.1,1513,40.3,160,-1.15664,-1.27968,0.213106,0.0570676,1.47661,0,0,0
M14918,M,298.8,309,1661,29.5,162,-1.1959,-1.34181,2.03776,-2.20874,1.57255,0,0,0
L47239,L,298.8,309.1,1378,54.4,165,-1.15673,-1.2784,-2.32762,2.6955,1.63943,0,0,0
L47240,L,298.8,309.1,1393,52.6,167,-1.12807,-1.27788,-2.0919,2.4932,1.67968,0,0,0
M14921,M,298.8,309,1592,38.2,169,-1.12562,-1.35677,1.3425,-0.443291,1.72235,0,0,0
L47242,L,298.8,309,1829,22.9,172,-1.15839,-1.35635,2.75078,-2.86245,1.82179,0,0,0
M14923,M,298.9,309,1812,25.9,174,-0.932432,-1.40694,2.71308,-2.65948,1.92621,0,0,0
L47244,L,299,309.1,1523,38.6,177,-0.814947,-1.18132,0.382033,-0.369126,1.97314,0,0,0
L47245,L,299,309.1,1394,45.1,179,-0.796963,-1.17782,-2.09112,1.22344,2.07638,0,0,0
M14926,M,298.9,308.9,1679,28.7,181,-0.939158,-1.53244,2.13203,-2.32248,2.07207,0,0,0
H29481,H,298.8,308.9,1466,44.1,184,-1.18861,-1.50342,-0.720883,0.988295,2.20918,0,0,0
L47248,L,298.8,308.9,1527,32.4,189,-1.16254,-1.51857,0.456563,-1.7271,2.31009,0,0,0
L47249,L,298.9,309,1410,65.7,191,-0.960432,-1.37487,-1.78532,3.12654,2.36468,0,1,1
M14930,M,298.9,309,1924,22.6,193,-0.949846,-1.38642,2.92407,-2.87646,2.45505,0,0,0
L47251,L,298.9,309.1,1452,45.5,196,-0.926176,-1.23277,-0.991976,1.30381,2.53013,0,0,0
L47252,L,298.9,309.1,1369,44.4,198,-0.921412,-1.19126,-2.42886,1.04632,2.5672,0,0,0
L47253,L,299,309.1,1592,35,200,-0.793661,-1.25002,1.31234,-1.21221,2.65463,0,0,0
L47254,L,298.9,309,1601,32.3,202,-0.933853,-1.41116,1.43299,-1.74868,2.72613,0,0,0
L47255,L,298.8,308.9,1379,46.7,204,-1.09807,-1.52593,-2.31806,1.52759,2.76882,0,0,0
L47256,L,298.8,308.9,1461,47.9,206,-1.15744,-1.55393,-0.807261,1.78748,2.84119,0,0,0
L47257,L,298.8,308.9,1455,41.3,208,-1.12009,-1.5048,-0.917715,0.317224,2.85338,0,1,1
L47258,L,298.8,308.9,1398,51.5,0,-1.14849,-1.53831,-2.03567,2.35339,-3.05251,0,0,0
L47259,L,298.8,308.9,1402,37.9,2,-1.14391,-1.52845,-1.91739,-0.564649,-3.05078,0,0,0
H29494,H,298.8,308.8,1445,49.9,4,-1.13595,-1.61982,-1.13569,2.16032,-2.98942,0,0,0
L47261,L,298.9,308.9,1450,47.5,9,-0.954493,-1.55203,-1.01905,1.72679,-2.87013,0,0,0
L47262,L,298.9,308.9,1453,40.8,11,-0.902643,-1.52208,-0.920952,0.174224,-2.77963,0,0,0
L47263,L,299,309,1469,40.1,13,-0.832746,-1.32685,-0.648478,0.0408613,-2.73325,0,0,0
L47264,L,298.9,308.9,1422,47.6,15,-0.925692,-1.56998,-1.60767,1.77048,-2.70199,0,0,0
M14945,M,299,309,1804,26.8,17,-0.780604,-1.30864,2.67367,-2.56572,-2.60257,0,0,0
H29500,H,299,309,1436,43.9,20,-0.803667,-1.32422,-1.32816,0.930417,-2.54481,0,0,0
L47267,L,299,309,1544,31.8,25,-0.829096,-1.31258,0.702839,-1.86496,-2.36461,0,0,0
M14948,M,299,309,1419,45.2,27,-0.816933,-1.32864,-1.6263,1.21329,-2.28382,0,0,0
M14949,M,298.9,308.9,1487,39.5,30,-0.943937,-1.51688,-0.307709,-0.151111,-2.20213,0,0,0
L47270,L,298.9,308.9,1753,25.8,33,-0.94652,-1.50187,2.54217,-2.67416,-2.14681,0,0,0
L47271,L,298.9,308.9,1830,24.9,35,-0.943009,-1.49539,2.74176,-2.71481,-2.1038,0,0,0
M14952,M,298.9,308.9,1727,27.1,37,-0.931647,-1.53682,2.39327,-2.5286,-2.00201,0,0,0
L47273,L,299.1,309,1450,43,40,-0.73075,-1.32898,-1.04122,0.694636,-1.93926,0,0,0
L47274,L,299,308.9,1622,31.9,42,-0.820709,-1.53025,1.68833,-1.82812,-1.88667,0,0,0
M14955,M,299,309,1351,52.2,44,-0.824618,-1.33209,-2.6967,2.49929,-1.81439,0,0,0
M14956,M,299,309,1575,35.3,47,-0.80094,-1.30909,1.14328,-1.15354,-1.69945,0,0,0
M14957,M,298.9,308.9,1750,29.9,50,-0.966084,-1.54885,2.51094,-2.18151,-1.64099,0,0,0
L47278,L,298.9,308.8,1529,32.7,53,-0.943349,-1.62866,0.420497,-1.67748,-1.54894,0,0,0
L47279,L,298.8,308.8,1523,44.4,55,-1.2348,-1.59828,0.326888,1.07418,-1.5267,0,0,0
L47280,L,298.8,308.9,1852,25,57,-1.14077,-1.54846,2.77993,-2.67939,-1.4416,0,0,0
L47281,L,298.8,308.8,1991,20.7,59,-1.14246,-1.62558,2.95449,-2.97511,-1.38449,0,0,0
L47282,L,298.8,308.8,1555,40.6,61,-1.13548,-1.60943,0.831135,0.133449,-1.34003,0,0,0
M14963,M,298.8,308.8,1441,40.5,63,-1.10736,-1.56959,-1.21382,0.0918022,-1.29281,0,0,0
L47284,L,298.8,308.7,1450,43.4,66,-1.1447,-1.66136,-1.0313,0.798775,-1.18577,0,0,0
L47285,L,298.8,308.7,1591,31.1,68,-1.14405,-1.64214,1.33246,-1.96704,-1.14773,0,0,0
L47286,L,298.8,308.7,1445,48.5,70,-1.13666,-1.66,-1.13855,1.91597,-1.11015,0,0,0
M14967,M,298.8,308.8,1497,46.8,72,-1.14125,-1.63315,-0.123228,1.56837,-1.05907,0,0,0
H29522,H,298.9,308.8,1621,32.7,75,-0.957298,-1.60265,1.66094,-1.67824,-0.951521,0,0,0
L47289,L,298.9,308.7,1572,34.1,80,-0.978031,-1.65002,1.09133,-1.39083,-0.80037,0,0,0
L47290,L,298.8,308.6,1872,22.5,82,-1.14857,-1.90125,2.83057,-2.89182,-0.730683,0,0,0
H29525,H,298.7,308.6,1499,43.5,84,-1.28647,-1.8792,-0.0739932,0.849813,-0.6794,0,0,0
M14972,M,298.8,308.7,1498,39.5,89,-1.16572,-1.66426,-0.072396,-0.128675,-0.54156,0,0,0
M14973,M,298.8,308.6,1486,41.9,92,-1.18231,-1.8764,-0.297996,0.460959,-0.460592,0,0,0
L47294,L,298.8,308.6,1680,29.4,95,-1.18255,-1.84129,2.1613,-2.28589,-0.352797,0,0,0
L47295,L,298.8,308.6,1431,45.7,97,-1.18061,-1.91246,-1.4217,1.35529,-0.304926,0,0,0
L47296,L,298.9,308.7,1564,34.1,99,-0.952452,-1.62223,1.01677,-1.39222,-0.254587,0,0,0
L47297,L,298.8,308.6,1599,33,101,-1.17473,-1.88596,1.43385,-1.59461,-0.200428,0,0,0
M14978,M,298.8,308.6,1707,28.1,103,-1.12898,-1.88689,2.33779,-2.39403,-0.131888,0,0,0
L47299,L,298.7,308.5,1467,40.7,106,-1.23365,-2.02436,-0.694511,0.175319,-0.0781714,0,0,0
L47300,L,298.9,308.7,1433,44.7,108,-0.990032,-1.64872,-1.38246,1.12615,-0.0361528,0,0,0
L47301,L,298.9,308.7,1558,41.2,110,-0.963917,-1.67296,0.881525,0.231674,0.0665016,0,0,0
L47302,L,299,308.8,1310,50.7,112,-0.788501,-1.59742,-2.97548,2.26134,0.130432,0,0,0
L47303,L,298.9,308.7,1546,43.4,114,-1.0112,-1.68104,0.72809,0.835797,0.212143,0,0,0
L47304,L,298.9,308.7,1727,29.4,116,-0.932657,-1.67293,2.43355,-2.21762,0.239598,0,0,0
L47305,L,298.9,308.6,1560,32.2,118,-0.955534,-1.85269,0.970003,-1.76907,0.287744,0,0,0
L47306,L,299,308.6,1329,60.5,120,-0.803106,-1.8427,-2.85286,3.03746,0.339751,0,0,0
L47307,L,298.9,308.6,1413,46.5,122,-0.957822,-1.8729,-1.74388,1.52479,0.39424,0,0,0
L47308,L,299,308.6,1587,38.6,124,-0.826006,-1.86157,1.27142,-0.390789,0.487296,0,0,0
L47309,L,298.9,308.5,1559,34.3,126,-0.943594,-2.04442,0.902495,-1.32685,0.526444,0,0,0
L47310,L,298.8,308.4,1473,41.1,128,-1.15585,-2.16991,-0.58414,0.245053,0.566206,0,0,0
L47311,L,298.8,308.4,1737,27.7,130,-1.14165,-2.1471,2.4524,-2.45872,0.629147,0,0,0
M14992,M,298.7,308.4,1441,43.2,132,-1.18271,-2.16558,-1.23118,0.785433,0.736236,0,0,0
M14993,M,298.7,308.4,1430,49.6,135,-1.20943,-2.1523,-1.43856,2.12831,0.773171,0,0,0
L47314,L,298.8,308.4,1369,53,138,-1.20736,-2.15185,-2.43356,2.53533,0.830071,0,0,0
M14995,M,298.8,308.5,1711,28.5,140,-1.20903,-2.03972,2.34825,-2.36122,0.942645,0,0,0
H29550,H,298.7,308.5,1420,45.7,143,-1.23766,-2.0591,-1.6246,1.31769,1.00279,0,0,0
L47317,L,298.7,308.6,1297,55.3,148,-1.27116,-1.84378,-3.01804,2.76458,1.15251,0,0,0
H29552,H,298.8,308.6,1449,49.4,150,-1.19039,-1.85178,-1.07524,2.04988,1.21986,0,0,0
L47319,L,298.8,308.6,1268,55.8,155,-1.13342,-1.84479,-3.09261,2.82691,1.3936,0,0,0
L47320,L,298.8,308.6,1511,36.1,157,-1.18371,-1.87061,0.165925,-0.935422,1.42055,0,0,0
L47321,L,298.7,308.5,1544,35.2,159,-1.24324,-2.00952,0.718117,-1.16835,1.48112,0,0,0
M15002,M,298.6,308.4,1778,28.2,161,-1.37352,-2.10876,2.62218,-2.38302,1.55523,0,0,0
H29557,H,298.6,308.4,1407,50.5,164,-1.33918,-2.19491,-1.85718,2.2223,1.60346,0,0,0
M15004,M,298.6,308.4,1391,42.4,169,-1.34381,-2.16416,-2.16708,0.570662,1.75965,0,0,0
L47325,L,298.5,308.4,1513,33.6,172,-1.3874,-2.11648,0.183607,-1.52045,1.82341,0,0,0
H29560,H,298.5,308.4,1612,36.1,174,-1.43126,-2.16486,1.57208,-0.991004,1.89966,0,0,0
L47327,L,298.4,308.4,1515,40.1,179,-1.51838,-2.1451,0.218036,0.00535127,2.04906,0,0,0
M15008,M,298.3,308.3,1379,48,181,-1.60515,-2.36436,-2.32922,1.8187,2.15529,0,0,0
L47329,L,298.4,308.3,1473,39.9,184,-1.44919,-2.32505,-0.551685,-0.0741623,2.20881,0,0,0
L47330,L,298.4,308.3,1422,42.7,186,-1.49055,-2.35223,-1.60144,0.63487,2.23534,0,0,0
M15011,M,298.4,308.2,1463,37.6,188,-1.50367,-2.44857,-0.759885,-0.572968,2.30736,0,0,0
M15012,M,298.4,308.2,1584,41,191,-1.50551,-2.4156,1.27049,0.196065,2.38252,0,0,0
L47333,L,298.4,308.2,1850,27,194,-1.48174,-2.42023,2.7994,-2.50764,2.45605,0,0,0
L47334,L,298.4,308.2,1528,36.2,196,-1.4972,-2.45362,0.464917,-0.966121,2.51966,0,0,0
H29569,H,298.4,308.2,1987,19.8,198,-1.50881,-2.43057,3.00009,-2.97514,2.57133,0,0,0
M15016,M,298.4,308.1,1495,46,203,-1.48133,-2.48238,-0.151857,1.41477,2.71007,0,0,0
H29571,H,298.4,308.2,1478,43.5,206,-1.53725,-2.45188,-0.499624,0.812318,2.8289,0,0,0
M15018,M,298.4,308.2,1499,40,211,-1.48884,-2.41336,-0.0822188,-0.0454321,2.90499,0,0,0
L47339,L,298.4,308.2,1471,47,214,-1.51284,-2.48642,-0.601704,1.61161,2.94088,0,0,0
L47340,L,298.4,308.2,1282,60.7,216,-1.47989,-2.45927,-3.05812,3.0215,3.02071,0,1,1
L47341,L,298.3,308.1,1412,52.3,218,-1.59423,-2.45745,-1.77121,2.47933,3.04455,0,1,1
L47342,L,298.3,308.1,1586,35.5,0,-1.65679,-2.48861,1.27501,-1.10452,-3.14159,0,0,0
M15023,M,298.4,308.2,1468,43.8,2,-1.45989,-2.4493,-0.689302,0.865889,-3.03067,0,0,0
M15024,M,298.5,308.3,1440,43.6,5,-1.42148,-2.38281,-1.22683,0.840747,-2.93735,0,0,0
L47345,L,298.5,308.4,1733,26,8,-1.43355,-2.15873,2.47347,-2.57651,-2.88434,0,0,0
H29580,H,298.4,308.2,1612,32.6,10,-1.50123,-2.4663,1.5824,-1.70403,-2.82047,0,0,0
H29581,H,298.4,308.3,1458,42.9,15,-1.49191,-2.38739,-0.879,0.690749,-2.70577,0,0,0
L47348,L,298.4,308.3,1433,62.3,20,-1.5196,-2.37545,-1.38154,3.06091,-2.56289,0,1,1
L47349,L,298.4,308.3,1318,59.1,22,-1.48363,-2.35059,-2.90522,2.96503,-2.48484,0,0,0
M15030,M,298.4,308.2,1610,35,24,-1.45858,-2.45982,1.5295,-1.22776,-2.37781,0,0,0
L47351,L,298.2,308.1,1462,50.8,27,-1.7175,-2.4659,-0.782104,2.30176,-2.32141,0,0,0
M15032,M,298.1,308,1924,20.8,29,-1.81114,-2.56942,2.93294,-2.97537,-2.25705,0,0,0
M15033,M,298.2,308,1591,33.7,32,-1.71727,-2.59368,1.32194,-1.49912,-2.16041,0,0,0
L47354,L,298.2,308.1,1306,58.3,35,-1.72411,-2.48752,-2.9541,2.94215,-2.06945,0,0,0
L47355,L,298.2,308.1,1382,43.5,37,-1.74707,-2.47298,-2.2128,0.858347,-2.02911,0,0,0
L47356,L,298.2,308.1,1618,34.7,39,-1.72323,-2.45523,1.6154,-1.27928,-1.96654,0,0,0
L47357,L,298.2,308.2,1988,21.4,41,-1.71205,-2.45636,2.99474,-2.94515,-1.90674,0,0,0
L47358,L,298.2,308.2,1436,50.2,43,-1.76727,-2.46982,-1.31141,2.21446,-1.87696,0,0,0
L47359,L,298.2,308.3,1304,49.8,45,-1.77008,-2.35012,-3.01251,2.13083,-1.80468,0,0,0
L47360,L,298.2,308.3,1475,49.9,47,-1.7432,-2.31654,-0.482002,2.14604,-1.71653,0,0,0
H29595,H,298.2,308.3,1824,24.2,49,-1.7641,-2.36012,2.77576,-2.7957,-1.64677,0,0,0
M15042,M,298.1,308.2,1342,48.1,54,-1.80457,-2.41819,-2.73667,1.83349,-1.53415,0,0,0
L47363,L,298.1,308.2,1485,40.7,57,-1.79767,-2.44501,-0.333615,0.158898,-1.4875,0,0,0
L47364,L,298.2,308.2,1667,30.6,59,-1.75857,-2.44997,2.0673,-2.04161,-1.36189,0,0,0
L47365,L,298.2,308.2,1446,38.2,61,-1.78508,-2.45169,-1.10867,-0.43332,-1.3513,0,0,0
L47366,L,298.1,308.3,1301,56,63,-1.77912,-2.37369,-3.02506,2.84729,-1.29093,0,0,0
L47367,L,298.2,308.4,1379,43.1,65,-1.80132,-2.14314,-2.2694,0.765572,-1.2234,0,0,0
L47368,L,298.3,308.5,1606,33.6,67,-1.6566,-2.03309,1.47968,-1.48547,-1.169,0,0,0
M15049,M,298.3,308.4,1539,43.4,69,-1.67419,-2.14393,0.596672,0.798247,-1.12123,0,0,0
L47370,L,298.2,308.4,1477,49.9,72,-1.78195,-2.11119,-0.498064,2.15995,-1.00295,0,0,0
L47371,L,298.2,308.4,1666,34.6,74,-1.75788,-2.08678,2.04218,-1.26906,-0.96235,0,0,0
H29606,H,298.2,308.4,1398,51.8,76,-1.72689,-2.09693,-2.04499,2.39431,-0.894948,0,0,0
H29607,H,298.2,308.4,1678,34.6,81,-1.6992,-2.11558,2.14083,-1.27361,-0.760086,0,0,0
M15054,M,298.2,308.5,2678,10.7,86,-1.67131,-2.0262,3.08792,-3.12169,-0.644287,0,1,1
L47375,L,298.3,308.5,1453,42.9,89,-1.6198,-2.05069,-0.964338,0.707111,-0.544443,0,0,0
H29610,H,298.3,308.6,1432,49.5,91,-1.66162,-1.894,-1.40011,2.0969,-0.449836,0,0,0
M15057,M,298.4,308.6,1527,40.9,96,-1.47279,-1.84106,0.422903,0.202652,-0.330648,0,0,0
L47378,L,298.4,308.7,1588,35,99,-1.44941,-1.68664,1.28915,-1.21619,-0.24873,0,0,0
L47379,L,298.4,308.6,1433,47.1,101,-1.48984,-1.84083,-1.39125,1.64256,-0.199036,0,0,0
L47380,L,298.4,308.6,1609,35,103,-1.46529,-1.85293,1.52688,-1.17067,-0.138663,0,0,0
L47381,L,298.3,308.5,1575,41.2,105,-1.61348,-1.98924,1.12747,0.274157,-0.0644771,0,0,0
M15062,M,298.4,308.5,1636,35.7,107,-1.46621,-2.0068,1.80792,-1.09834,-0.0243007,0,0,0
L47383,L,298.4,308.5,1490,37.9,110,-1.51306,-1.9991,-0.251083,-0.554348,0.0543617,0,0,0
L47384,L,298.4,308.5,1741,32.8,112,-1.4601,-2.03455,2.45663,-1.66657,0.0882849,0,0,0
M15065,M,298.5,308.6,1344,53,114,-1.46416,-1.84089,-2.75086,2.56871,0.152581,0,0,0
L47386,L,298.5,308.7,1609,35.3,117,-1.43507,-1.68683,1.52656,-1.1262,0.310642,0,0,0
M15067,M,298.4,308.7,1421,60.7,119,-1.45915,-1.67858,-1.62891,3.02979,0.315835,0,1,1
L47388,L,298.4,308.6,1591,36.7,122,-1.48598,-1.9163,1.36905,-0.848618,0.409701,0,0,0
L47389,L,298.4,308.6,1477,44,124,-1.47243,-1.88097,-0.515671,0.955696,0.436415,0,0,0
L47390,L,298.4,308.7,1523,36.1,126,-1.5015,-1.63289,0.375701,-0.990733,0.499325,0,0,0
L47391,L,298.5,308.7,1575,33.9,128,-1.446,-1.65784,1.12617,-1.44669,0.590407,0,0,0
H29626,H,298.4,308.7,1344,52.9,130,-1.50041,-1.69671,-2.75334,2.51024,0.621564,0,0,0
L47393,L,298.4,308.7,1386,44.9,135,-1.59876,-1.67487,-2.21517,1.18552,0.821194,0,0,0
M15074,M,298.3,308.6,1589,37.1,137,-1.56273,-1.90389,1.32649,-0.692184,0.838644,0,0,0
L47395,L,298.3,308.6,1548,40.3,140,-1.61468,-1.88809,0.711587,0.0894191,0.865782,0,0,0
L47396,L,298.3,308.6,1499,38.3,142,-1.62089,-1.89066,-0.085909,-0.428018,0.988433,0,0,0
L47397,L,298.3,308.5,1664,31.6,144,-1.62188,-2.0039,2.00145,-1.85637,1.02652,0,0,0
L47398,L,298.3,308.6,1447,38.1,146,-1.61935,-1.88023,-1.11182,-0.493797,1.12326,0,0,0
M15079,M,298.3,308.5,1434,46.2,148,-1.60183,-2.03899,-1.31606,1.48472,1.11209,0,0,0
L47400,L,298.3,308.5,1416,52.7,151,-1.60215,-1.97458,-1.68926,2.53309,1.24462,0,0,0
H29635,H,298.4,308.5,1827,24.3,153,-1.56685,-2.02775,2.74071,-2.74499,1.3024,0,0,0
L47402,L,298.4,308.6,1304,45,158,-1.568,-1.90806,-2.99085,1.16116,1.42675,0,0,0
L47403,L,298.4,308.6,1569,34.4,160,-1.53268,-1.87607,1.07038,-1.33402,1.50883,0,0,0
L47404,L,298.3,308.6,1584,29.3,162,-1.6101,-1.88891,1.27276,-2.26321,1.58033,0,0,0
L47405,L,298.3,308.5,1362,53.8,164,-1.62509,-2.03659,-2.55416,2.62508,1.60573,0,0,0
L47406,L,298.3,308.4,1329,49.2,166,-1.6395,-2.15145,-2.86914,1.98559,1.6388,0,0,0
L47407,L,298.3,308.5,1539,36.1,168,-1.66406,-2.02178,0.612745,-0.949943,1.70521,0,0,0
M15088,M,298.3,308.5,1629,37.1,170,-1.60521,-1.98479,1.7465,-0.71086,1.81089,0,0,0
L47409,L,298.3,308.5,1538,32.2,173,-1.54028,-1.9938,0.58681,-1.74497,1.86557,0,0,0
L47410,L,298.3,308.6,1570,34.8,175,-1.60096,-1.9033,1.08458,-1.28469,1.93745,0,0,0
L47411,L,298.3,308.4,1408,43.1,177,-1.58615,-2.19596,-1.86648,0.734896,1.97435,0,0,0
L47412,L,298.2,308.4,1424,47.6,179,-1.69494,-2.21996,-1.57212,1.72119,2.00388,0,0,0
L47413,L,298.2,308.4,1512,34.9,181,-1.72912,-2.22389,0.170245,-1.26909,2.08076,0,0,0
L47414,L,298.2,308.4,1478,42.9,183,-1.68483,-2.22391,-0.485306,0.683314,2.11845,0,0,0
M15095,M,298.1,308.3,1680,33.7,185,-1.8285,-2.2519,2.11545,-1.48362,2.23146,0,0,0
L47416,L,298.1,308.3,1495,38.7,188,-1.81359,-2.29979,-0.153589,-0.329652,2.30649,0,0,0
M15097,M,298,308.1,1552,36.6,190,-2.03027,-2.53853,0.796884,-0.847561,2.3755,0,0,0
L47418,L,297.9,308.1,1393,50.3,193,-2.071,-2.51702,-2.10506,2.23676,2.46858,0,0,0
L47419,L,298,308.2,1611,30.6,195,-1.96118,-2.41291,1.55877,-2.0584,2.51878,0,0,0
M15100,M,298,308.1,1339,51.6,197,-2.02067,-2.53516,-2.77427,2.3906,2.52777,0,0,0
L47421,L,298,308.1,1777,24.3,200,-2.01241,-2.54039,2.64257,-2.74135,2.64519,0,0,0
L47422,L,298,308.2,1348,58.8,202,-2.00467,-2.48371,-2.68524,2.94846,2.70729,0,1,1
L47423,L,298,308.2,1442,44.1,204,-1.96647,-2.46711,-1.22721,0.955106,2.72256,0,0,0
M15104,M,298,308.2,1395,49.1,206,-2.02608,-2.43973,-2.05352,1.98618,2.8182,0,0,0
M15105,M,297.9,308.1,1627,31.4,209,-2.06992,-2.53084,1.7109,-1.89956,2.88245,0,0,0
L47426,L,297.9,308.1,1585,33.5,212,-2.0817,-2.5044,1.2856,-1.4852,2.96431,0,0,0
L47427,L,298,308.2,1469,45.5,214,-1.98954,-2.49583,-0.66204,1.29088,2.97339,0,0,0
L47428,L,298,308.3,1362,56.8,216,-2.0059,-2.3612,-2.55409,2.88868,3.02454,0,1,1
L47429,L,298,308.3,1405,56.2,218,-1.98958,-2.35117,-1.86151,2.83645,2.98091,0,1,1
L47430,L,298,308.3,1662,32.7,0,-2.0389,-2.2783,2.00947,-1.66013,-3.09356,0,0,0
M15111,M,298,308.2,1466,42.6,2,-2.03948,-2.41439,-0.657187,0.604524,-3.06981,0,0,0
L47432,L,298,308.2,1620,35.8,5,-2.02126,-2.38381,1.64372,-1.02814,-2.96756,0,0,0
L47433,L,298,308.2,1357,48.2,7,-2.05013,-2.38938,-2.57106,1.86317,-2.89088,0,0,0
L47434,L,298,308.2,1514,37.9,9,-2.03479,-2.33709,0.191603,-0.501047,-2.83194,0,0,0
L47435,L,298,308.2,1489,40.4,11,-2.03609,-2.37977,-0.251983,0.123672,-2.77656,0,0,0
L47436,L,298.1,308.3,1331,63,13,-1.81874,-2.28118,-2.82195,3.09383,-2.69109,0,0,0
L47437,L,298,308,1615,29.5,15,-2.02204,-2.53637,1.62721,-2.21373,-2.69849,0,0,0
L47438,L,298.1,308.2,1482,37.9,17,-1.83094,-2.41919,-0.355527,-0.531227,-2.56184,0,0,0
M15119,M,298.1,308.2,1420,63.9,19,-1.79816,-2.36116,-1.60257,3.08959,-2.55906,0,1,1
M15120,M,298.2,308.3,1522,49.1,22,-1.69067,-2.26315,0.320823,2.01279,-2.42234,0,0,0
L47441,L,298.1,308.2,1654,32.1,25,-1.84517,-2.39218,1.95133,-1.76718,-2.34474,0,0,0
M15122,M,298.1,308.2,1736,26.8,27,-1.81417,-2.38252,2.43718,-2.53857,-2.31831,0,0,0
M15123,M,298,308.1,1587,32.3,30,-2.01608,-2.53821,1.22974,-1.76153,-2.2101,0,0,0
L47444,L,298.1,308.2,1390,47.5,33,-1.78256,-2.39286,-2.1327,1.68737,-2.10797,0,0,0
L47445,L,298,308.1,1454,37.1,35,-1.99176,-2.52244,-0.937134,-0.752748,-2.04542,0,0,0
H29680,H,298,308.1,1440,43.7,37,-1.9726,-2.50804,-1.21031,0.883262,-2.04948,0,0,0
L47447,L,297.9,308,1954,21.1,42,-2.01059,-2.60551,2.9492,-2.95035,-1.87138,0,0,0
H29682,H,297.9,308,1800,24.8,44,-2.05602,-2.57371,2.66486,-2.74986,-1.83503,0,0,0
L47449,L,298,308,1524,37,49,-2.04524,-2.60823,0.332508,-0.764099,-1.7156,0,0,0
H29684,H,298,308,1520,39.6,51,-2.05925,-2.61541,0.301782,-0.108393,-1.57809,0,0,0
M15131,M,298.1,308.1,1452,40.8,56,-1.84422,-2.53535,-0.964124,0.171908,-1.48089,0,0,0
L47452,L,298.1,308.1,1484,40.4,59,-1.78071,-2.5279,-0.38158,0.0675948,-1.38156,0,0,0
L47453,L,298.1,308,1426,46,61,-1.8044,-2.60323,-1.53113,1.42158,-1.31703,0,0,0
L47454,L,298.1,308,1652,28.5,63,-1.81331,-2.57214,1.96457,-2.39217,-1.29272,0,0,0
L47455,L,298,308,1401,54.7,65,-2.02085,-2.59731,-2.00093,2.72281,-1.21364,0,0,0
M15136,M,298,307.9,1750,26.6,67,-1.99566,-2.73836,2.58156,-2.59645,-1.1555,0,0,0
H29691,H,298,308,1479,50.7,70,-1.9674,-2.56807,-0.460393,2.23966,-1.06598,0,0,0
M15138,M,298,308,1620,29.4,75,-1.99759,-2.64133,1.71502,-2.21605,-0.891351,0,0,0
L47459,L,298,308.1,1819,23.4,78,-1.99775,-2.48989,2.76153,-2.80105,-0.851482,0,0,0
M15140,M,298.1,308.1,1456,43.7,80,-1.82512,-2.53347,-0.932184,0.850318,-0.786387,0,0,0
L47461,L,298.1,308,1626,36.5,83,-1.82153,-2.59542,1.71533,-0.836947,-0.67368,0,0,0
M15142,M,298.1,308.1,1390,49.8,85,-1.80323,-2.507,-2.15533,2.11981,-0.620481,0,0,0
L47463,L,298.2,308.2,1469,43,88,-1.72286,-2.40481,-0.666359,0.72146,-0.541319,0,0,0
L47464,L,298.2,308.3,2051,19.2,90,-1.7137,-2.26151,3.00898,-3.0474,-0.530828,0,0,0
L47465,L,298.2,308.3,1568,36,92,-1.67019,-2.22004,1.05927,-0.994817,-0.450544,0,0,0
L47466,L,298.2,308.3,1589,33.2,94,-1.7066,-2.25754,1.31806,-1.55923,-0.377098,0,0,0
L47467,L,298.2,308.3,1805,31.6,96,-1.71213,-2.26846,2.66515,-1.8784,-0.348575,0,0,0
H29702,H,298.2,308.4,1385,42.2,98,-1.70407,-2.22486,-2.215,0.523344,-0.297009,0,0,0
L47469,L,298.1,308.4,1436,46.7,103,-1.83179,-2.22395,-1.29229,1.60272,-0.112089,0,0,0
L47470,L,298.1,308.4,1438,45.6,105,-1.81874,-2.18395,-1.30357,1.34474,-0.10266,0,0,0
L47471,L,298,308.3,1473,42.6,107,-2.03764,-2.2149,-0.531727,0.592287,-0.0138986,0,0,0
L47472,L,298.1,308.4,1335,40.2,109,-1.82107,-2.20115,-2.82788,0.0111887,0.0480008,0,0,0
H29707,H,298.1,308.5,1392,44.8,111,-1.82175,-1.95051,-2.09667,1.19209,0.0852739,0,0,0
M15154,M,298.1,308.5,1372,51.1,116,-1.865,-1.98454,-2.43749,2.35669,0.207653,0,0,0
M15155,M,298.1,308.6,1716,30.7,119,-1.85895,-1.88148,2.36012,-2.0468,0.314242,0,0,0
L47476,L,298,308.5,1395,46.2,122,-1.94528,-2.03419,-2.04627,1.42385,0.393721,0,0,0
L47477,L,298,308.5,1713,25.3,124,-1.93052,-2.05817,2.39278,-2.63264,0.475217,0,0,0
H29712,H,297.9,308.5,2129,18.7,126,-2.08388,-2.04768,3.04058,-3.05951,0.498609,0,0,0
M15159,M,297.8,308.3,1567,35.6,131,-2.13571,-2.26578,1.05254,-1.0934,0.680604,0,0,0
L47480,L,297.8,308.4,1622,38.3,134,-2.15154,-2.19104,1.68304,-0.391793,0.758296,0,0,0
L47481,L,297.7,308.4,1740,27.1,136,-2.21425,-2.22199,2.50154,-2.47644,0.784489,0,0,0
H29716,H,297.8,308.4,1512,35.1,138,-2.10679,-2.1529,0.174613,-1.17693,0.886075,0,0,0
M15163,M,297.8,308.4,1479,43.5,143,-2.13932,-2.17537,-0.462924,0.813985,1.01121,0,0,0
L47484,L,297.8,308.4,1737,27.5,146,-2.13387,-2.17884,2.48075,-2.51496,1.13161,0,0,0
L47485,L,297.8,308.4,2129,19.2,148,-2.10602,-2.16634,3.04912,-3.02435,1.18524,0,0,0
L47486,L,297.8,308.4,1374,47.1,150,-2.12063,-2.215,-2.35766,1.69119,1.17259,0,0,0
M15167,M,297.8,308.4,1579,36.6,152,-2.10804,-2.17238,1.18932,-0.815377,1.25907,0,0,0
L47488,L,297.9,308.5,1305,47.2,155,-2.10561,-2.0098,-2.98698,1.64986,1.36738,0,0,0
M15169,M,297.9,308.5,1449,40.8,157,-2.11871,-2.01119,-1.06824,0.195439,1.40024,0,0,0
H29724,H,298,308.6,1526,41.8,160,-1.92304,-1.87926,0.348078,0.424306,1.48886,0,0,0
M15171,M,298,308.6,1453,44.1,165,-1.94656,-1.84484,-0.971418,0.942356,1.66482,0,0,0
L47492,L,297.9,308.6,1468,36,168,-2.06887,-1.84415,-0.664706,-1.00115,1.71489,0,0,0
L47493,L,298,308.6,1313,50.8,170,-1.91339,-1.85587,-2.94837,2.28714,1.77551,0,0,0
M15174,M,297.9,308.5,1300,53,172,-2.07435,-1.92912,-3.0073,2.53306,1.82708,0,0,0
L47495,L,297.9,308.4,1646,40.6,175,-2.04689,-2.18561,1.90318,0.103436,1.931,0,0,0
L47496,L,297.8,308.4,1714,33.2,177,-2.16661,-2.22243,2.39053,-1.58034,1.99037,0,0,0
L47497,L,297.8,308.4,1685,28.4,179,-2.1128,-2.18167,2.19168,-2.32846,2.07053,0,0,0
L47498,L,297.8,308.4,1512,39.9,181,-2.15959,-2.17935,0.176462,-0.0644094,2.09977,0,0,0
L47499,L,297.8,308.4,1612,32.1,183,-2.15507,-2.23421,1.5638,-1.78428,2.16277,0,0,0
H29734,H,297.8,308.4,1550,38.2,185,-2.18487,-2.20044,0.774843,-0.437413,2.18299,0,0,0
L47501,L,297.8,308.4,1518,32.5,190,-2.13742,-2.21751,0.255209,-1.66554,2.34542,0,0,0
L47502,L,297.8,308.5,1448,40,192,-2.16029,-1.9474,-1.06378,-0.0353219,2.4176,0,0,0
L47503,L,297.8,308.5,1561,46.3,194,-2.1276,-2.04177,0.920742,1.45051,2.45109,0,0,0
M15184,M,297.8,308.5,1488,41.9,196,-2.16609,-2.01748,-0.281271,0.419381,2.5494,0,0,0
L47505,L,297.8,308.5,1699,27.8,199,-2.13968,-1.99448,2.29761,-2.41029,2.63015,0,0,0
L47506,L,297.7,308.5,1501,41.4,201,-2.25396,-1.98148,-0.0504889,0.328813,2.70654,0,0,0
L47507,L,297.7,308.5,1373,56.7,203,-2.2231,-1.98505,-2.36392,2.84522,2.72415,0,1,1
H29742,H,297.6,308.4,1703,31.4,205,-2.30266,-2.20862,2.30269,-1.84237,2.77998,0,0,0
H29743,H,297.7,308.5,1720,29.9,210,-2.21757,-1.99267,2.39215,-2.14296,2.91133,0,0,0
M15190,M,297.6,308.4,1398,41.9,215,-2.23933,-2.19829,-1.97507,0.438132,2.99568,0,0,0
M15191,M,297.6,308.4,1391,51.9,218,-2.34203,-2.24721,-2.11598,2.41888,2.99643,0,0,0
M15192,M,297.6,308.3,1538,40.2,0,-2.2968,-2.28571,0.577774,0.0172019,-3.11819,0,0,0
L47513,L,297.5,308.2,1647,31.3,3,-2.40052,-2.43722,1.89053,-1.90585,-3.01522,0,0,0
M15194,M,297.5,308.1,1469,44.8,5,-2.41556,-2.55523,-0.674224,1.13892,-2.94613,0,0,0
L47515,L,297.4,308.1,1749,25.9,8,-2.54983,-2.51391,2.54115,-2.65334,-2.84727,0,0,0
M15196,M,297.6,308.2,1995,20.5,10,-2.3519,-2.4458,2.96971,-2.98171,-2.82797,0,0,0
L47517,L,297.6,308.3,1742,27.7,13,-2.33979,-2.2942,2.45518,-2.44525,-2.76566,0,0,0
L47518,L,297.5,308.2,1563,38.2,15,-2.41999,-2.42948,0.947942,-0.487663,-2.67131,0,0,0
M15199,M,297.5,308.2,1713,32.2,17,-2.40638,-2.41005,2.38099,-1.78829,-2.62304,0,0,0
L47520,L,297.4,308.1,1474,39.4,20,-2.53954,-2.53601,-0.599009,-0.145822,-2.51763,0,0,0
M15201,M,297.4,308.2,1530,32.6,22,-2.5456,-2.41569,0.485922,-1.67233,-2.42656,0,0,0
L47522,L,297.4,308.2,1471,46.5,25,-2.52849,-2.37778,-0.579853,1.51634,-2.3516,0,0,0
L47523,L,297.5,308.3,1388,48.6,27,-2.40222,-2.25487,-2.18707,1.9285,-2.3064,0,0,0
M15204,M,297.5,308.2,2448,13.8,29,-2.43114,-2.37242,3.12312,-3.11185,-2.30011,0,0,0
L47525,L,297.5,308.3,1585,32.9,32,-2.40633,-2.25872,1.25175,-1.61706,-2.22688,0,0,0
M15206,M,297.5,308.3,1459,45.2,34,-2.37889,-2.27488,-0.824206,1.19433,-2.08003,0,0,0
L47527,L,297.5,308.3,1544,40.8,37,-2.40586,-2.28192,0.663526,0.178326,-1.97174,0,0,0
L47528,L,297.6,308.3,1617,31.7,39,-2.37122,-2.3078,1.61584,-1.86991,-1.95697,0,0,0
L47529,L,297.6,308.3,1595,34.3,41,-2.31824,-2.30085,1.33867,-1.32776,-1.88572,0,0,0
H29764,H,297.6,308.3,1400,44.3,43,-2.34133,-2.25798,-1.99184,1.02801,-1.89096,0,0,0
M15211,M,297.6,308.4,1611,31,48,-2.38676,-2.09624,1.54573,-1.91822,-1.71477,0,0,0
M15212,M,297.6,308.4,1507,46,51,-2.36492,-2.09237,0.102941,1.41182,-1.652,0,0,0
H29767,H,297.5,308.3,1674,30,54,-2.39181,-2.25297,2.106,-2.1527,-1.51057,0,0,0
L47534,L,297.6,308.3,1658,34.3,59,-2.34805,-2.30379,1.9914,-1.36568,-1.38549,0,0,0
L47535,L,297.6,308.3,1623,36.9,61,-2.27703,-2.26878,1.70154,-0.805673,-1.32986,0,0,0
M15216,M,297.6,308.4,1398,48.9,63,-2.26192,-2.13062,-1.9897,1.97167,-1.2923,0,0,0
L47537,L,297.6,308.4,1517,34.2,66,-2.24931,-2.16859,0.204053,-1.36085,-1.21426,0,0,0
M15218,M,297.6,308.3,1467,36.7,68,-2.27467,-2.31661,-0.718603,-0.837118,-1.1385,0,0,0
M15219,M,297.6,308.3,1567,34.6,71,-2.26177,-2.33335,1.04894,-1.31452,-1.07973,0,0,0
M15220,M,297.5,308.3,1521,38.2,74,-2.38379,-2.27632,0.291285,-0.420838,-0.992677,0,0,0
L47541,L,297.5,308.3,1596,36.8,77,-2.39177,-2.25449,1.41587,-0.808649,-0.84786,0,0,0
H29776,H,297.6,308.3,1640,30.9,79,-2.28967,-2.23668,1.83294,-2.00435,-0.796802,0,0,0
L47543,L,297.6,308.3,1438,47.8,84,-2.26912,-2.25755,-1.22593,1.79322,-0.700247,0,0,0
L47544,L,297.6,308.4,1407,55.2,86,-2.29344,-2.18285,-1.83317,2.79783,-0.640092,0,0,0
L47545,L,297.6,308.4,1353,57.5,88,-2.32131,-2.16448,-2.6396,2.88108,-0.539988,0,0,0
M15226,M,297.6,308.5,1552,40.9,90,-2.35022,-1.99069,0.807793,0.210362,-0.493683,0,0,0
M15227,M,297.6,308.4,1569,38.3,93,-2.35656,-2.13739,1.06422,-0.433664,-0.442969,0,0,0
L47548,L,297.5,308.4,1489,39.5,96,-2.38645,-2.1118,-0.284113,-0.1448,-0.319623,0,0,0
H29783,H,297.5,308.4,1587,36.1,98,-2.34151,-2.08591,1.28558,-0.972035,-0.25762,0,0,0
M15230,M,297.5,308.3,1622,37.2,103,-2.35534,-2.23853,1.675,-0.666923,-0.1279,0,0,0
L47551,L,297.5,308.4,1604,38.1,106,-2.34972,-2.1127,1.48356,-0.471919,-0.0454332,0,0,0
M15232,M,297.4,308.3,1405,51.7,108,-2.53588,-2.2813,-1.85998,2.41093,0.0313315,0,0,0
L47553,L,297.4,308.3,1412,42,111,-2.55686,-2.26908,-1.73781,0.46411,0.0514247,0,0,0
L47554,L,297.4,308.3,1431,43,113,-2.56871,-2.26421,-1.3747,0.727644,0.172946,0,0,0
L47555,L,297.4,308.2,1533,37.4,115,-2.5399,-2.40538,0.521425,-0.610821,0.186822,0,0,0
M15236,M,297.4,308.2,1401,51.9,117,-2.53733,-2.38878,-1.98362,2.42084,0.248257,0,0,0
M15237,M,297.4,308.2,1424,53.9,120,-2.59088,-2.38789,-1.54146,2.64744,0.323516,0,0,0
L47558,L,297.3,308.2,1754,29.4,123,-2.66746,-2.38386,2.56534,-2.20075,0.429091,0,0,0
L47559,L,297.3,308.2,1754,26.8,125,-2.68144,-2.39463,2.54438,-2.55865,0.496659,0,0,0
L47560,L,297.5,308.3,2564,12.8,127,-2.3468,-2.35906,3.12124,-3.13047,0.565087,0,1,1
L47561,L,297.5,308.5,1546,40.4,129,-2.3832,-1.99334,0.70487,0.0882715,0.614325,0,0,0
L47562,L,297.5,308.5,1335,48,131,-2.37312,-1.94635,-2.77603,1.83207,0.676569,0,0,0
M15243,M,297.5,308.6,1842,27,133,-2.32337,-1.90834,2.78203,-2.53392,0.732769,0,0,0
L47564,L,297.5,308.5,1712,26.8,136,-2.33773,-2.05215,2.40666,-2.57395,0.832266,0,0,0
M15245,M,297.6,308.6,1414,45.4,138,-2.2867,-1.85144,-1.74862,1.26647,0.890905,0,0,0
L47566,L,297.6,308.7,1319,50.9,141,-2.24721,-1.7077,-2.92012,2.27709,0.962503,0,0,0
L47567,L,297.7,308.7,1249,60.4,143,-2.26366,-1.68365,-3.13046,2.99596,0.985669,0,0,0
L47568,L,297.6,308.7,1455,48.2,145,-2.26299,-1.64572,-0.949991,1.85719,1.05569,0,0,0
M15249,M,297.6,308.7,1408,54.8,147,-2.26435,-1.68062,-1.85427,2.71396,1.15213,0,0,0
L47570,L,297.6,308.7,1460,46.7,150,-2.29672,-1.66293,-0.816636,1.54984,1.20074,0,0,0
L47571,L,297.6,308.6,1491,38.1,152,-2.28805,-1.91029,-0.217024,-0.448085,1.28258,0,0,0
M15252,M,297.6,308.5,1490,43.4,154,-2.32243,-2.07305,-0.210643,0.834196,1.3157,0,0,0
M15253,M,297.5,308.4,1350,52.2,157,-2.38389,-2.15438,-2.68,2.43164,1.42596,0,0,0
L47574,L,297.5,308.4,1528,39.9,160,-2.4374,-2.16646,0.448406,-0.0611018,1.50434,0,0,0
L47575,L,297.4,308.3,1571,37.7,162,-2.49661,-2.34213,1.08622,-0.582511,1.53638,0,0,0
L47576,L,297.4,308.3,1490,42.6,164,-2.46607,-2.34037,-0.270565,0.610493,1.62057,0,0,0
M15257,M,297.4,308.3,1774,28.9,166,-2.50212,-2.32118,2.64471,-2.30509,1.65918,0,0,0
H29812,H,297.4,308.3,1502,43.6,169,-2.54173,-2.34398,-0.00923179,0.905755,1.75527,0,0,0
L47579,L,297.4,308.4,1392,49.7,174,-2.55859,-2.15884,-2.10733,2.08132,1.86981,0,0,0
L47580,L,297.4,308.5,2100,16.9,176,-2.52467,-2.03551,3.04435,-3.0912,1.97391,0,0,0
L47581,L,297.5,308.5,1722,30.4,178,-2.4138,-2.02029,2.37667,-2.10017,2.02083,0,0,0
L47582,L,297.4,308.6,1678,32.3,180,-2.59181,-1.94638,2.15598,-1.74956,2.08107,0,0,0
L47583,L,297.3,308.6,1273,59.8,182,-2.74641,-1.91813,-3.0602,2.99142,2.0883,0,0,0
L47584,L,297.3,308.6,1297,45.9,184,-2.74437,-1.89715,-2.98072,1.38478,2.21746,0,0,0
L47585,L,297.3,308.5,1350,57.6,186,-2.73183,-2.00718,-2.6719,2.91412,2.22477,0,0,0
L47586,L,297.4,308.6,1439,51.9,188,-2.5042,-1.91662,-1.27364,2.40103,2.32079,0,0,0
M15267,M,297.4,308.5,1600,42.1,190,-2.52165,-2.06589,1.45219,0.504196,2.36017,0,0,0
M15268,M,297.4,308.6,1434,44.4,193,-2.46566,-1.92585,-1.37883,1.04472,2.43498,0,0,0
L47589,L,297.4,308.6,1459,41.3,196,-2.5194,-1.92027,-0.845177,0.301056,2.56959,0,0,0
M15270,M,297.5,308.6,1472,44.9,198,-2.44613,-1.92765,-0.582871,1.17993,2.62063,0,0,0
L47591,L,297.5,308.7,1429,44.3,201,-2.46434,-1.62573,-1.48521,1.02,2.6431,0,0,0
L47592,L,297.5,308.6,1388,48.2,203,-2.47334,-1.90946,-2.13773,1.8475,2.7468,0,0,0
L47593,L,297.4,308.4,1573,34.5,205,-2.51952,-2.15577,1.08677,-1.31103,2.76106,0,0,0
L47594,L,297.4,308.4,1588,32.5,207,-2.61254,-2.13995,1.28275,-1.72767,2.80509,0,0,0
L47595,L,297.5,308.4,1511,42.8,209,-2.375,-2.18543,0.177866,0.675822,2.87702,0,0,0
L47596,L,297.4,308.5,1495,37.8,211,-2.50783,-2.01207,-0.108349,-0.568145,2.91728,0,0,0
L47597,L,297.4,308.4,1394,50.1,213,-2.46302,-2.17135,-2.02748,2.17043,2.96426,0,0,0
L47598,L,297.4,308.4,2151,17.7,0,-2.51976,-2.13426,3.05065,-3.10438,-3.11175,0,0,0
M15279,M,297.3,308.3,1501,38.2,2,-2.64707,-2.31631,-0.0410198,-0.434735,-3.02071,0,0,0
M15280,M,297.3,308.3,1301,39.6,5,-2.61444,-2.35652,-2.98477,-0.107448,-2.9719,0,0,0
M15281,M,297.3,308.3,1657,31.1,8,-2.64524,-2.35531,1.96622,-1.92069,-2.89127,0,0,0
L47602,L,297.3,308.3,1333,55.2,11,-2.61017,-2.33742,-2.82395,2.75777,-2.77761,0,0,0
L47603,L,297.3,308.3,1484,43.9,13,-2.6254,-2.34228,-0.345806,0.935617,-2.72454,0,0,0
L47604,L,297.3,308.4,1430,45.7,15,-2.62702,-2.20252,-1.41572,1.34986,-2.67081,0,0,0
M15285,M,297.3,308.4,1665,28.9,17,-2.60785,-2.1567,1.99922,-2.30607,-2.62877,0,0,0
L47606,L,297.4,308.5,1501,44.9,20,-2.47906,-1.99131,-0.0439857,1.16482,-2.51735,0,0,0
M15287,M,297.5,308.5,1496,42.2,22,-2.43809,-2.02883,-0.0926942,0.4983,-2.43378,0,0,0
M15288,M,297.6,308.6,1595,36.9,25,-2.31545,-1.92371,1.39887,-0.753855,-2.38219,0,0,0
L47609,L,297.5,308.6,1208,62.3,28,-2.45851,-1.93913,-3.13665,3.08819,-2.30004,0,0,0
L47610,L,297.5,308.6,1596,37.1,30,-2.43263,-1.91831,1.40383,-0.712926,-2.18163,0,0,0
L47611,L,297.5,308.5,1446,41.9,32,-2.43095,-1.98563,-1.10808,0.487937,-2.20224,0,0,0
M15292,M,297.6,308.5,1466,39.7,34,-2.24542,-2.00736,-0.705247,-0.122748,-2.15575,0,0,0
M15293,M,297.6,308.5,1848,23.7,37,-2.27807,-2.01525,2.8037,-2.83457,-2.00052,0,0,0
M15294,M,297.5,308.5,1484,44.7,40,-2.43087,-1.96688,-0.368246,1.10989,-1.9707,0,0,0
L47615,L,297.4,308.3,1493,41.2,43,-2.51379,-2.37084,-0.187959,0.25037,-1.85289,0,0,0
L47616,L,297.3,308.3,1504,36.3,45,-2.67031,-2.37405,0.0426337,-0.896362,-1.81174,0,0,0
L47617,L,297.3,308.3,1538,38.5,47,-2.70756,-2.40679,0.542748,-0.364671,-1.76423,0,0,0
L47618,L,297.4,308.4,1341,52.2,49,-2.50103,-2.12139,-2.7499,2.49261,-1.70293,0,0,0
M15299,M,297.4,308.3,1535,34.6,51,-2.52543,-2.39149,0.567584,-1.30888,-1.65346,0,0,0
L47620,L,297.4,308.5,1389,39.2,54,-2.52752,-1.99072,-2.14603,-0.163188,-1.54327,0,0,0
H29855,H,297.5,308.5,1393,46.6,56,-2.42104,-1.9657,-2.11591,1.52474,-1.48529,0,0,0
L47622,L,297.4,308.5,1399,61.5,61,-2.51861,-1.91263,-2.02518,3.05214,-1.33514,0,1,1
H29857,H,297.4,308.5,1469,45.1,63,-2.51701,-1.99098,-0.631187,1.2154,-1.25866,0,0,0
L47624,L,297.4,308.4,1582,37.2,68,-2.49345,-2.17535,1.25762,-0.63773,-1.11733,0,0,0
L47625,L,297.5,308.6,1793,26.7,70,-2.41917,-1.9637,2.6639,-2.58198,-1.09214,0,0,0
L47626,L,297.5,308.6,1452,39,72,-2.41948,-1.94973,-0.9655,-0.291698,-1.01445,0,0,0
M15307,M,297.6,308.7,1376,59.9,74,-2.28245,-1.67757,-2.35646,3.02758,-0.981438,0,0,0
L47628,L,297.5,308.6,1552,44.9,77,-2.45857,-1.94795,0.836706,1.20725,-0.855724,0,0,0
L47629,L,297.6,308.7,1622,37.9,79,-2.29797,-1.67266,1.69482,-0.559518,-0.796866,0,0,0
M15310,M,297.6,308.7,1419,41.7,81,-2.25466,-1.66333,-1.63547,0.41115,-0.739548,0,0,0
H29865,H,297.5,308.6,1440,46.1,84,-2.45796,-1.84971,-1.24686,1.41061,-0.67873,0,0,0
M15312,M,297.4,308.6,1643,31,89,-2.51788,-1.82271,1.84955,-1.98014,-0.510993,0,0,0
L47633,L,297.4,308.7,1510,36.2,92,-2.47559,-1.65236,0.162891,-0.935536,-0.442308,0,0,0
L47634,L,297.4,308.7,1468,46.6,94,-2.50982,-1.68761,-0.698697,1.5385,-0.413242,0,0,0
L47635,L,297.4,308.7,1429,57.4,96,-2.53926,-1.65888,-1.45385,2.91101,-0.330913,0,0,0
H29870,H,297.3,308.7,1478,47.6,98,-2.69113,-1.66469,-0.469966,1.723,-0.291097,0,0,0
L47637,L,297.4,308.6,1276,53.6,103,-2.50425,-1.7894,-3.05209,2.58717,-0.155831,0,0,0
L47638,L,297.3,308.6,1486,42.6,105,-2.69404,-1.79827,-0.341109,0.599519,-0.0600529,0,0,0
L47639,L,297.4,308.6,1476,42.3,107,-2.50688,-1.83257,-0.480677,0.545523,-0.0356695,0,0,0
H29874,H,297.3,308.6,1431,42,109,-2.67038,-1.80887,-1.38838,0.469081,0.0194431,0,0,0
L47641,L,297.4,308.7,1402,40.2,114,-2.49278,-1.68319,-1.94677,0.0232941,0.167535,0,0,0
L47642,L,297.4,308.7,1433,43.4,116,-2.4977,-1.74172,-1.37133,0.766009,0.245216,0,0,0
L47643,L,297.4,308.7,2874,4.2,118,-2.46458,-1.66365,3.13286,-3.14159,0.293591,0,1,1
L47644,L,297.3,308.6,1511,35.7,120,-2.68354,-1.82029,0.135774,-1.03778,0.355003,0,0,0
M15325,M,297.3,308.6,1456,42.9,122,-2.644,-1.78471,-0.89988,0.681145,0.431801,0,0,0
L47646,L,297.2,308.5,1550,41.5,125,-2.74524,-1.98478,0.766581,0.3416,0.541807,0,0,0
L47647,L,297.2,308.5,2182,16.5,127,-2.78183,-1.99853,3.10461,-3.06234,0.565796,0,0,0
L47648,L,297.3,308.7,1619,31.6,129,-2.67991,-1.62269,1.64809,-1.84794,0.619556,0,0,0
M15329,M,297.3,308.8,1586,32.7,131,-2.68262,-1.62922,1.28583,-1.64998,0.669072,0,0,0
H29884,H,297.3,308.8,1499,44.2,134,-2.67839,-1.61942,-0.0741013,0.978386,0.781071,0,0,0
H29885,H,297.3,308.8,1419,42.4,139,-2.63253,-1.53464,-1.63334,0.556457,0.877606,0,0,0
M15332,M,297.4,309,1497,41.8,144,-2.55686,-1.32854,-0.115066,0.437502,1.05807,0,0,0
M15333,M,297.4,309,1520,37,147,-2.47669,-1.33373,0.298789,-0.720318,1.09742,0,0,0
L47654,L,297.4,309.1,1478,49.8,150,-2.49823,-1.24011,-0.432897,2.15939,1.24749,0,0,0
L47655,L,297.4,309.1,1380,41.1,152,-2.51368,-1.20825,-2.28769,0.244462,1.25822,0,0,0
L47656,L,297.4,309,1570,37.9,154,-2.47994,-1.42695,1.10188,-0.516991,1.32837,0,0,0
H29891,H,297.4,309,1468,41.4,156,-2.48567,-1.42724,-0.653824,0.320982,1.38223,0,0,0
L47658,L,297.4,309,1833,22.6,161,-2.49882,-1.4475,2.78555,-2.89541,1.54888,0,0,0
M15339,M,297.4,308.9,1323,57.3,163,-2.48508,-1.51878,-2.91638,2.87716,1.56412,0,0,0
L47660,L,297.4,309,1583,32,166,-2.51964,-1.40237,1.23394,-1.7921,1.64418,0,0,0
M15341,M,297.3,309,1556,39.5,168,-2.65262,-1.43094,0.867492,-0.130049,1.71276,0,0,0
L47662,L,297.3,309,1548,37.4,171,-2.6685,-1.43702,0.746339,-0.655035,1.81476,0,0,0
L47663,L,297.4,309,1324,56.9,173,-2.50698,-1.40381,-2.8422,2.86128,1.87944,0,0,0
L47664,L,297.4,309,1568,33.7,175,-2.48782,-1.4641,1.05522,-1.49602,1.95192,0,0,0
M15345,M,297.4,309,1685,30.7,177,-2.49793,-1.4277,2.1894,-2.02897,1.96895,0,0,0
M15346,M,297.4,309.1,1582,35.9,180,-2.49328,-1.23314,1.22731,-0.995137,2.11755,0,0,0
M15347,M,297.4,309.1,1463,35,183,-2.47181,-1.19999,-0.733763,-1.20327,2.18872,0,0,0
L47668,L,297.4,309.2,1584,42.8,186,-2.48817,-1.05071,1.26086,0.6718,2.25825,0,0,0
M15349,M,297.5,309.2,1347,55.8,188,-2.4524,-1.06023,-2.75107,2.79986,2.24499,0,0,0
L47670,L,297.4,309.2,1459,37.9,191,-2.54113,-1.04637,-0.862578,-0.507427,2.40338,0,0,0
L47671,L,297.4,309.2,1420,45.6,193,-2.5412,-1.01437,-1.58017,1.2988,2.46772,0,0,0
L47672,L,297.5,309.3,1404,43.5,195,-2.44697,-0.986576,-1.89171,0.819081,2.50174,0,0,0
L47673,L,297.5,309.3,1470,38.8,197,-2.47169,-1.0113,-0.636886,-0.344767,2.5398,0,0,0
L47674,L,297.6,309.4,1326,49.8,199,-2.31166,-0.849335,-2.86847,2.0963,2.60284,0,0,0
H29909,H,297.5,309.3,1459,49.7,201,-2.46563,-1.00749,-0.842049,2.12699,2.68584,0,0,0
M15356,M,297.5,309.2,1530,40,206,-2.45356,-1.04117,0.489483,-0.0405342,2.83951,0,0,0
L47677,L,297.4,309,1505,39.2,209,-2.53769,-1.421,0.0300515,-0.192227,2.91026,0,0,0
L47678,L,297.5,309.1,1611,30.2,211,-2.43436,-1.20671,1.57105,-2.11789,2.94579,0,0,0
L47679,L,297.5,309.1,1515,35.1,213,-2.45255,-1.25636,0.234417,-1.20202,2.92748,0,0,0
M15360,M,297.5,309.2,1804,27.4,215,-2.45158,-1.15525,2.73969,-2.48479,2.96225,0,0,0
M15361,M,297.6,309.3,1464,46.2,218,-2.32674,-0.965846,-0.706536,1.43005,2.99518,0,0,0
L47682,L,297.6,309.2,1390,43.3,221,-2.33571,-1.10495,-2.14933,0.738489,3.07316,0,0,0
M15363,M,297.6,309.2,1442,48.1,0,-2.30294,-1.17638,-1.17761,1.83243,-3.09304,0,0,0
M15364,M,297.6,309.3,1529,41.9,3,-2.32705,-0.934611,0.467271,0.461339,-3.02558,0,0,0
L47685,L,297.6,309.3,1610,35,6,-2.32094,-1.03846,1.51461,-1.17674,-2.93276,0,0,0
L47686,L,297.6,309.3,1543,34.3,8,-2.3467,-1.01833,0.635139,-1.39335,-2.88989,0,0,0
H29921,H,297.8,309.4,1445,48.2,10,-2.15767,-0.907425,-1.10632,1.86825,-2.79653,0,0,0
L47688,L,297.7,309.3,1893,24.6,15,-2.23264,-1.0317,2.87944,-2.75549,-2.64374,0,0,0
M15369,M,297.6,309.3,1415,41.3,17,-2.32102,-1.03294,-1.74619,0.308625,-2.62004,0,0,0
L47690,L,297.5,309.3,1564,37.5,20,-2.43664,-0.997957,0.962359,-0.62206,-2.49225,0,0,0
L47691,L,297.5,309.3,1479,39.4,22,-2.46199,-0.995578,-0.46307,-0.184311,-2.45519,0,0,0
L47692,L,297.5,309.2,1426,44.8,24,-2.46455,-1.14326,-1.52468,1.18388,-2.35416,0,0,0
L47693,L,297.4,309.2,1428,38.8,26,-2.55772,-1.10285,-1.48715,-0.29995,-2.32187,0,0,0
L47694,L,297.4,309.2,1620,33.2,28,-2.54733,-1.08738,1.66143,-1.59255,-2.26568,0,0,0
L47695,L,297.5,309.2,1715,28,30,-2.45711,-1.14303,2.31804,-2.40246,-2.19688,0,0,0
L47696,L,297.5,309.3,1732,29.9,32,-2.43226,-1.00993,2.48143,-2.16579,-2.14612,0,0,0
M15377,M,297.5,309.4,1391,58.2,34,-2.46186,-0.91908,-2.10478,2.93987,-2.12934,0,0,0
L47698,L,297.6,309.5,1924,20.6,37,-2.32164,-0.684441,2.90437,-2.96169,-2.04353,0,0,0
M15379,M,297.7,309.5,2027,19.8,39,-2.28425,-0.704263,3.05288,-3.03523,-1.95244,0,0,0
L47700,L,297.6,309.5,1617,36.2,42,-2.25383,-0.679937,1.59749,-0.940426,-1.89313,0,0,0
L47701,L,297.5,309.4,1497,35.8,44,-2.41842,-0.880921,-0.135424,-1.0151,-1.78651,0,0,0
M15382,M,297.5,309.5,1448,43.7,46,-2.41508,-0.704269,-1.06535,0.872093,-1.74662,0,0,0
L47703,L,297.4,309.4,1401,45.9,49,-2.5813,-0.883918,-1.95631,1.3667,-1.67298,0,0,0
L47704,L,297.4,309.4,1620,35.4,51,-2.55624,-0.805858,1.66511,-1.15212,-1.63313,0,0,0
L47705,L,297.4,309.4,1466,45.5,53,-2.54894,-0.793227,-0.69067,1.26623,-1.6019,0,0,0
L47706,L,297.6,309.5,1373,50.6,55,-2.32911,-0.682361,-2.34364,2.26266,-1.53958,0,0,0
M15387,M,297.6,309.6,1592,35.8,57,-2.3228,-0.580828,1.31834,-1.00119,-1.46092,0,0,0
M15388,M,297.5,309.5,1553,42.4,60,-2.4063,-0.678937,0.868449,0.572111,-1.34444,0,0,0
L47709,L,297.6,309.5,1569,36.2,63,-2.36637,-0.717423,1.10201,-0.905127,-1.25553,0,0,0
M15390,M,297.6,309.5,1709,32.2,65,-2.34319,-0.685628,2.33521,-1.73135,-1.19539,0,0,0
L47711,L,297.6,309.5,1549,34.9,68,-2.33885,-0.6808,0.779025,-1.24182,-1.12643,0,0,0
L47712,L,297.5,309.4,1443,45.4,70,-2.44335,-0.766715,-1.1309,1.26669,-1.07417,0,0,0
L47713,L,297.5,309.3,1675,29.8,72,-2.4015,-1.00533,2.13526,-2.21356,-1.00564,0,0,0
L47714,L,297.5,309.3,1623,33.4,74,-2.44176,-1.03845,1.70208,-1.53619,-0.954246,0,0,0
H29949,H,297.4,309.3,1365,52.4,76,-2.49524,-1.00265,-2.48154,2.47243,-0.927377,0,0,0
L47716,L,297.4,309.3,1759,24.8,81,-2.57193,-1.02633,2.53951,-2.73161,-0.757214,0,0,0
H29951,H,297.4,309.3,1516,43,83,-2.55999,-1.06354,0.203049,0.709968,-0.704093,0,0,0
M15398,M,297.4,309.3,1499,36.8,88,-2.51003,-1.01364,-0.076242,-0.769798,-0.593983,0,0,0
M15399,M,297.4,309.3,1775,25.8,91,-2.49369,-1.00811,2.61485,-2.6688,-0.485943,0,0,0
L47720,L,297.4,309.4,1473,45.5,94,-2.55916,-0.796272,-0.547056,1.28296,-0.417912,0,0,0
L47721,L,297.4,309.4,1296,52.3,96,-2.50337,-0.79706,-3.01495,2.45965,-0.341474,0,0,0
L47722,L,297.5,309.4,1803,24.7,98,-2.40442,-0.803057,2.73007,-2.74017,-0.224412,0,0,0
H29957,H,297.5,309.3,1563,36.1,100,-2.43933,-0.999788,0.943933,-0.99726,-0.227713,0,0,0
M15404,M,297.5,309.4,1831,26.6,105,-2.40328,-0.810569,2.78546,-2.59489,-0.0762295,0,0,0
L47725,L,297.6,309.4,1958,22.1,108,-2.28859,-0.773819,2.92122,-2.86512,0.0216031,0,0,0
L47726,L,297.5,309.4,1809,24.3,110,-2.42471,-0.806824,2.6726,-2.78775,0.0866112,0,0,0
M15407,M,297.5,309.4,1482,39.3,112,-2.41988,-0.822794,-0.406065,-0.166324,0.112453,0,0,0
L47728,L,297.4,309.3,1332,53.2,115,-2.53533,-0.967302,-2.81977,2.57668,0.20807,0,0,0
L47729,L,297.4,309.2,1437,40.4,117,-2.55532,-1.1503,-1.30049,0.0719482,0.272589,0,0,0
L47730,L,297.4,309.2,1698,29.4,119,-2.51386,-1.12746,2.2918,-2.25162,0.291485,0,0,0
L47731,L,297.4,309.2,1274,54.3,121,-2.53594,-1.15037,-3.09401,2.68842,0.366256,0,0,0
M15412,M,297.4,309.3,1622,35,123,-2.54836,-0.986267,1.6727,-1.24054,0.450103,0,0,0
M15413,M,297.4,309.3,1564,36,126,-2.53117,-1.00403,0.976907,-0.941586,0.51963,0,0,0
H29968,H,297.5,309.4,1368,45.3,129,-2.39225,-0.76067,-2.41828,1.23233,0.6614,0,0,0
M15415,M,297.4,309.4,1539,42.2,134,-2.52508,-0.827231,0.595123,0.515629,0.753434,0,0,0
L47736,L,297.5,309.4,1357,50.1,137,-2.41848,-0.79774,-2.59527,2.16726,0.858751,0,0,0
M15417,M,297.5,309.4,1433,48.3,139,-2.40024,-0.792107,-1.40343,1.90061,0.905937,0,0,0
L47738,L,297.5,309.4,1650,34.6,142,-2.38786,-0.838324,1.93739,-1.29203,0.937386,0,0,0
L47739,L,297.5,309.4,1503,40.6,144,-2.43301,-0.781392,-0.0071801,0.115296,1.07325,0,0,0
L47740,L,297.5,309.4,1318,58.2,146,-2.40396,-0.786083,-2.93276,2.92963,1.10038,0,0,0
M15421,M,297.5,309.4,1678,34.4,148,-2.44314,-0.824575,2.16196,-1.30362,1.12018,0,0,0
L47742,L,297.6,309.5,1574,30.9,151,-2.37013,-0.716701,1.11418,-1.98478,1.25545,0,0,0
L47743,L,297.7,309.6,1529,35.2,153,-2.20864,-0.611852,0.453258,-1.18194,1.30753,0,0,0
H29978,H,297.6,309.6,1669,32.1,155,-2.35112,-0.54361,2.09764,-1.79578,1.32184,0,0,0
H29979,H,297.7,309.7,1570,35.8,160,-2.2195,-0.449787,1.0727,-1.05746,1.51905,0,0,0
M15426,M,297.6,309.7,1541,33.7,165,-2.33928,-0.433329,0.608735,-1.49851,1.64581,0,0,0
M15427,M,297.7,309.7,1680,30.2,168,-2.2163,-0.395461,2.14412,-2.09594,1.73145,0,0,0
L47748,L,297.8,309.7,1935,22.1,171,-2.14674,-0.45894,2.90813,-2.8858,1.83971,0,0,0
M15429,M,297.7,309.6,1596,35.2,173,-2.19593,-0.581338,1.3864,-1.1695,1.86133,0,0,0
L47750,L,297.7,309.7,1498,41,176,-2.18119,-0.395582,-0.0891922,0.225596,1.96551,0,0,0
M15431,M,297.8,309.8,1676,29,178,-2.13956,-0.35876,2.16715,-2.28477,2.0124,0,0,0
L47752,L,297.8,309.9,1351,49,181,-2.11585,-0.187807,-2.663,2.00972,2.09006,0,0,0
L47753,L,297.9,309.9,1472,45,183,-2.04888,-0.254123,-0.565898,1.14861,2.18164,0,0,0
M15434,M,297.9,310,1439,41.7,185,-2.06022,-0.147442,-1.25834,0.3952,2.23555,0,0,0
M15435,M,297.9,309.9,1410,55.4,188,-2.00943,-0.146452,-1.79162,2.7718,2.32617,0,0,0
H29990,H,297.7,309.7,1440,51.1,191,-2.19888,-0.403534,-1.22808,2.33076,2.39866,0,0,0
L47757,L,297.7,309.7,1591,37.7,196,-2.19454,-0.411988,1.32005,-0.567188,2.48594,0,0,0
L47758,L,297.8,309.8,1533,36.8,198,-2.1565,-0.311695,0.460135,-0.800202,2.61531,0,0,0
M15439,M,297.8,309.7,1700,31.3,200,-2.16898,-0.334767,2.24694,-1.87853,2.68108,0,0,0
M15440,M,297.8,309.8,1798,25.5,203,-2.12141,-0.347808,2.68409,-2.6949,2.74215,0,0,0
L47761,L,297.8,309.7,1394,42.9,206,-2.16276,-0.392836,-2.05698,0.676718,2.80413,0,0,0
L47762,L,297.8,309.7,1341,49.2,208,-2.13771,-0.414822,-2.72341,2.04288,2.84456,0,0,0
H29997,H,297.7,309.6,1697,32.2,210,-2.23241,-0.611467,2.26922,-1.75556,2.88895,0,0,0
H29998,H,297.6,309.6,1419,48.2,215,-2.30894,-0.609425,-1.63379,1.87623,3.00634,0,0,0
L47765,L,297.6,309.5,2001,20.5,220,-2.3378,-0.697172,2.97749,-2.96259,3.07333,0,0,0
L47766,L,297.6,309.6,1501,49.8,222,-2.27266,-0.568893,-0.0298761,2.11918,3.08057,0,1,1
H30001,H,297.6,309.5,1623,33.1,224,-2.3269,-0.638319,1.70874,-1.59978,3.07475,0,0,0
L47768,L,297.6,309.4,1628,33.4,229,-2.28832,-0.804683,1.73298,-1.50906,3.10525,0,0,0
L47769,L,297.6,309.4,1491,40.2,231,-2.32189,-0.820697,-0.270141,0.0408471,3.09511,0,0,0
L47770,L,297.5,309.4,1517,36.7,233,-2.44328,-0.790537,0.269323,-0.822898,3.12274,0,0,0
H30005,H,297.5,309.3,1525,41.7,235,-2.46487,-1.00612,0.351549,0.395387,3.13542,0,0,0
H30006,H,297.5,309.5,1668,27.9,240,-2.431,-0.644947,2.08683,-2.4269,3.13721,0,0,0
L47773,L,297.5,309.6,1312,50.7,0,-2.43325,-0.574757,-2.93201,2.24566,-3.11391,0,0,0
H30008,H,297.6,309.6,1278,50.4,2,-2.30916,-0.574233,-3.06661,2.20219,-3.05352,0,0,0
M15455,M,297.6,309.6,1330,53.1,7,-2.28357,-0.58777,-2.87054,2.57396,-2.9217,0,0,0
M15456,M,297.6,309.6,1530,37.3,10,-2.35756,-0.649304,0.4395,-0.672206,-2.81614,0,0,0
H30011,H,297.6,309.6,1428,46.6,13,-2.32631,-0.586497,-1.46358,1.48319,-2.72444,0,0,0
L47778,L,297.7,309.6,1480,47.9,18,-2.24992,-0.628792,-0.446683,1.80616,-2.5874,0,0,0
H30013,H,297.7,309.7,1616,31.1,20,-2.26308,-0.403305,1.64787,-1.97548,-2.54922,0,0,0
L47780,L,297.8,309.7,1547,37.3,25,-2.13612,-0.382966,0.742214,-0.689983,-2.34911,0,0,0
L47781,L,297.9,309.7,2194,16.8,27,-2.10204,-0.418224,3.06816,-3.07874,-2.30704,0,0,0
L47782,L,297.9,309.8,2000,21.3,29,-2.07951,-0.339428,3.01731,-2.94424,-2.24371,0,0,0
L47783,L,297.9,309.8,1336,71.6,31,-2.13012,-0.379258,-2.77768,3.10845,-2.19226,0,1,1
L47784,L,297.9,309.9,1542,33.8,33,-2.10526,-0.221188,0.637156,-1.42011,-2.1941,0,0,0
M15465,M,297.9,309.8,1693,29.9,35,-2.08122,-0.303127,2.24891,-2.15897,-2.05672,0,0,0
L47786,L,297.9,309.8,1461,50.5,38,-2.05478,-0.37342,-0.793383,2.23969,-1.98906,0,0,0
M15467,M,298,309.9,1565,33.9,40,-1.92356,-0.18567,0.989651,-1.42939,-1.93575,0,0,0
L47788,L,298,309.9,1403,47.7,43,-1.94065,-0.201065,-1.92832,1.74684,-1.83502,0,0,0
L47789,L,298.1,309.9,1629,32.5,45,-1.87164,-0.22528,1.77033,-1.71362,-1.79468,0,0,0
L47790,L,298.1,310,1534,33.7,47,-1.86865,-0.123479,0.535292,-1.4802,-1.72863,0,0,0
L47791,L,298.1,310,1553,40.9,49,-1.82701,-0.173872,0.834155,0.216987,-1.70588,0,0,0
L47792,L,298.1,309.9,1563,32.8,51,-1.89446,-0.141861,0.957981,-1.59299,-1.61443,0,0,0
L47793,L,298.1,309.9,1634,30,53,-1.8649,-0.176149,1.80247,-2.12431,-1.54669,0,0,0
M15474,M,298,309.9,1445,45.2,55,-1.9251,-0.182771,-1.11996,1.24062,-1.52078,0,0,0
L47795,L,298.1,309.9,1642,30.4,58,-1.8785,-0.18031,1.84894,-2.09449,-1.43315,0,0,0
H30030,H,298.1,309.9,1686,29.1,60,-1.8704,-0.179081,2.22499,-2.26396,-1.32353,0,0,0
M15477,M,298.1,310,1393,43.1,65,-1.86606,-0.0658793,-2.0619,0.743496,-1.21918,0,0,0
H30032,H,298.2,310,1433,44.2,68,-1.75389,-0.133479,-1.37088,1.04659,-1.17648,0,0,0
L47799,L,298.3,310,1507,44.7,73,-1.60274,-0.136029,0.0933351,1.06604,-0.999073,0,0,0
M15480,M,298.3,310.1,1389,49.6,75,-1.64522,-0.00614345,-2.15865,2.066,-0.906259,0,0,0
L47801,L,298.3,310.1,1408,45.3,78,-1.61754,-0.00471508,-1.8186,1.27017,-0.855892,0,0,0
M15482,M,298.4,310.2,1725,32,80,-1.5769,0.182473,2.44759,-1.77807,-0.784928,0,0,0
L47803,L,298.4,310.1,1926,23.7,83,-1.55718,-0.015391,2.92438,-2.81563,-0.711728,0,0,0
H30038,H,298.3,310.1,1509,37.6,85,-1.58877,-0.0108226,0.0937556,-0.630798,-0.648173,0,0,0
L47805,L,298.3,310.1,1545,36.3,90,-1.61389,0.000402189,0.695894,-0.905944,-0.52038,0,0,0
L47806,L,298.4,310.1,1533,35.2,92,-1.55997,0.0118966,0.524245,-1.11129,-0.461544,0,0,0
L47807,L,298.4,310.1,1455,42.2,94,-1.54936,0.00415056,-0.913765,0.476472,-0.416389,0,0,0
M15488,M,298.4,310.1,1335,57.8,96,-1.54396,-0.00601318,-2.80765,2.93264,-0.325406,0,0,0
L47809,L,298.3,310.1,1523,45.9,99,-1.62246,-0.0117144,0.340203,1.40432,-0.228223,0,0,0
L47810,L,298.3,310,1460,47.6,101,-1.6321,-0.122633,-0.824871,1.71064,-0.205059,0,0,0
L47811,L,298.4,310,1554,37.3,103,-1.52815,-0.123321,0.865897,-0.678405,-0.132558,0,0,0
H30046,H,298.3,310,1419,47.1,105,-1.60811,-0.113,-1.65805,1.63276,-0.0649488,0,0,0
L47813,L,298.3,310,1442,43.9,110,-1.65492,-0.0951293,-1.18244,0.916839,0.0919157,0,0,0
L47814,L,298.3,309.9,1507,41.6,112,-1.64164,-0.192241,0.0690619,0.350573,0.143131,0,0,0
L47815,L,298.3,310,1858,23.9,114,-1.63606,-0.0368301,2.82293,-2.77615,0.178724,0,0,0
L47816,L,298.3,309.9,1463,43.9,116,-1.66537,-0.1906,-0.777585,0.946749,0.23344,0,0,0
L47817,L,298.2,309.7,1585,37.4,118,-1.66346,-0.381449,1.27869,-0.639099,0.297284,0,0,0
L47818,L,298,309.6,1536,37.3,120,-1.91933,-0.586932,0.538395,-0.663398,0.415276,0,0,0
L47819,L,298,309.6,1403,51.3,122,-1.95052,-0.621177,-1.94436,2.33131,0.433756,0,0,0
M15500,M,297.9,309.6,1515,38.8,124,-2.08763,-0.609445,0.248326,-0.267431,0.453782,0,0,0
L47821,L,297.9,309.5,1390,47.9,127,-2.06838,-0.672704,-2.12232,1.8245,0.549662,0,0,0
M15502,M,297.8,309.4,1226,58.7,129,-2.10728,-0.789087,-3.12428,2.97651,0.630278,0,0,0
M15503,M,297.8,309.4,1495,36.5,132,-2.12923,-0.806139,-0.123481,-0.869086,0.696636,0,0,0
H30058,H,297.7,309.4,1608,30.2,135,-2.23851,-0.818926,1.49614,-2.11994,0.800334,0,0,0
L47825,L,297.7,309.4,1392,44.1,140,-2.26301,-0.809794,-2.09466,0.969425,0.912443,0,0,0
M15506,M,297.7,309.4,1461,43.7,142,-2.19725,-0.822835,-0.829077,0.850228,0.970827,0,0,0
L47827,L,297.7,309.3,1559,36.9,145,-2.19857,-0.963415,0.915617,-0.781266,1.05034,0,0,0
H30062,H,297.7,309.3,1400,48.9,147,-2.24122,-0.990933,-2.00743,1.9912,1.13856,0,0,0
M15509,M,297.7,309.2,1732,28.8,152,-2.22814,-1.14154,2.43452,-2.34223,1.26057,0,0,0
L47830,L,297.6,309.2,1611,33.1,155,-2.32644,-1.12952,1.55194,-1.56964,1.36482,0,0,0
L47831,L,297.6,309.1,1503,38.9,157,-2.31997,-1.16497,-0.0162508,-0.265254,1.38535,0,0,0
L47832,L,297.7,309.2,1391,44.5,159,-2.24452,-1.17852,-2.1132,1.08436,1.47658,0,0,0
L47833,L,297.8,309.3,2015,20.1,161,-2.14542,-0.961158,3.00274,-3.00872,1.542,0,0,0
L47834,L,297.8,309.2,1683,30.9,163,-2.1044,-1.1421,2.15081,-1.99465,1.60599,0,0,0
L47835,L,297.7,309.1,1435,38.8,165,-2.22609,-1.14168,-1.35152,-0.307189,1.62077,0,0,0
M15516,M,297.7,309.1,1732,28.1,167,-2.21255,-1.17363,2.47137,-2.41407,1.6755,0,0,0
L47837,L,297.7,309.2,1365,58.6,170,-2.2185,-1.16039,-2.52026,2.96988,1.80272,0,0,0
L47838,L,297.7,309.1,1562,36.8,172,-2.19837,-1.18967,0.954876,-0.800688,1.86157,0,0,0
L47839,L,297.6,309.1,1449,49.1,174,-2.29615,-1.15983,-1.05257,1.98641,1.89058,0,0,0
M15520,M,297.7,309.2,1700,27.4,176,-2.26386,-1.14022,2.30126,-2.50826,1.94284,0,0,0
M15521,M,297.6,309,1427,45.6,179,-2.26989,-1.34714,-1.50653,1.30328,2.03276,0,0,0
M15522,M,297.6,308.9,1479,38.1,182,-2.29974,-1.50016,-0.409263,-0.514054,2.12367,0,0,0
L47843,L,297.5,308.9,1469,44,185,-2.46061,-1.50179,-0.64934,0.954834,2.23585,0,0,0
L47844,L,297.5,308.9,1390,47.4,187,-2.47137,-1.50203,-2.13346,1.70332,2.25633,0,0,0
L47845,L,297.5,308.9,1729,28.1,189,-2.44271,-1.49903,2.44104,-2.40278,2.30817,0,0,0
L47846,L,297.5,309,1470,43.5,191,-2.48118,-1.34832,-0.629806,0.819823,2.36418,0,0,0
L47847,L,297.5,308.9,1459,48.5,193,-2.46045,-1.48772,-0.874336,1.95739,2.43318,0,0,0
L47848,L,297.5,308.9,1738,24,195,-2.46794,-1.46558,2.48043,-2.79647,2.55308,0,0,0
H30083,H,297.5,308.9,1471,37.7,197,-2.49738,-1.49201,-0.578388,-0.601645,2.56244,0,0,0
L47850,L,297.6,309,1822,25.4,202,-2.28783,-1.27866,2.72004,-2.68167,2.73159,0,0,0
L47851,L,297.5,308.9,1554,34.8,204,-2.46547,-1.51537,0.847282,-1.26234,2.782,0,0,0
M15532,M,297.6,308.9,1433,43.2,206,-2.27482,-1.46602,-1.36189,0.769305,2.78127,0,0,0
L47853,L,297.6,308.9,1449,47.7,209,-2.30076,-1.48754,-1.05574,1.7691,2.86213,0,0,0
L47854,L,297.8,309,1456,41.2,0,-2.10591,-1.28302,-0.902202,0.280383,-3.13591,0,0,0
M15535,M,297.8,309.1,1424,45.5,2,-2.12768,-1.17725,-1.55134,1.28138,-3.0533,0,0,0
H30090,H,297.9,309.2,1577,34.7,5,-2.1277,-1.12909,1.15345,-1.2695,-2.96401,0,0,0
L47857,L,297.9,309.2,1478,39.7,10,-2.08642,-1.14231,-0.450463,-0.126832,-2.78854,0,0,0
M15538,M,297.8,309.2,1295,61.2,12,-2.13982,-1.13746,-3.02737,3.05508,-2.80279,0,0,0
L47859,L,297.8,309.2,1372,47.3,15,-2.12825,-1.16306,-2.37635,1.64664,-2.67755,0,0,0
M15540,M,297.8,309.1,1432,42.6,17,-2.16756,-1.14751,-1.42159,0.610176,-2.61478,0,0,0
M15541,M,297.7,309,1656,33.2,20,-2.25176,-1.33218,1.99089,-1.57542,-2.491,0,0,0
H30096,H,297.8,309,1410,48.8,23,-2.14069,-1.32467,-1.81443,1.97696,-2.38199,0,0,0
L47863,L,297.7,309,1874,24.4,28,-2.20412,-1.32029,2.8248,-2.76809,-2.26063,0,0,0
L47864,L,297.7,309,1538,43.2,30,-2.21916,-1.34182,0.573905,0.743885,-2.17224,0,0,0
M15545,M,297.7,309,1636,29.7,32,-2.24298,-1.3157,1.83292,-2.20739,-2.17399,0,0,0
M15546,M,297.7,309,1504,40.4,35,-2.18952,-1.28971,-0.00615806,0.0491545,-2.07002,0,0,0
M15547,M,297.7,309,1531,42.4,38,-2.16707,-1.32837,0.443614,0.599236,-1.98726,0,0,0
H30102,H,297.6,309,1735,26.4,41,-2.25361,-1.32191,2.45832,-2.60368,-1.89224,0,0,0
H30103,H,297.6,309,1354,55.6,46,-2.24111,-1.36317,-2.63913,2.83376,-1.78706,0,0,0
H30104,H,297.6,309,1413,40.2,51,-2.2945,-1.31969,-1.76743,0.0442345,-1.64416,0,0,0
L47871,L,297.7,309.1,1563,39.3,56,-2.23579,-1.2956,0.970833,-0.211976,-1.48705,0,0,0
L47872,L,297.7,309.1,1479,42.1,58,-2.23561,-1.25974,-0.43958,0.490094,-1.41587,0,0,0
L47873,L,297.7,309.1,1477,38.3,60,-2.22398,-1.26347,-0.487812,-0.386666,-1.34316,0,0,0
L47874,L,297.6,309.1,1394,50,62,-2.31837,-1.29289,-2.04795,2.17206,-1.30282,0,0,0
L47875,L,297.6,309,1487,45.4,64,-2.36091,-1.3558,-0.294314,1.27802,-1.22643,0,0,0
M15556,M,297.6,309,1815,25.3,66,-2.34958,-1.29778,2.71151,-2.67861,-1.19835,0,0,0
M15557,M,297.6,308.8,1453,39.7,69,-2.34051,-1.63697,-0.994306,-0.13049,-1.13278,0,0,0
L47878,L,297.6,308.8,1539,40.2,72,-2.34776,-1.62455,0.616754,0.0564538,-1.03089,0,0,0
H30113,H,297.5,308.7,1416,39.2,74,-2.46331,-1.67945,-1.69213,-0.200723,-0.994608,0,0,0
M15560,M,297.6,308.8,1683,31.6,79,-2.34515,-1.62592,2.17505,-1.84852,-0.787894,0,0,0
L47881,L,297.7,308.8,1515,40.1,82,-2.21747,-1.6353,0.173379,-0.00729078,-0.754224,0,0,0
M15562,M,297.7,308.9,1531,48.3,84,-2.25271,-1.48743,0.498453,1.86807,-0.681324,0,0,0
H30117,H,297.7,308.9,1479,40.9,87,-2.22818,-1.47858,-0.485566,0.200766,-0.545001,0,0,0
L47884,L,297.7,308.9,1516,33.7,92,-2.20719,-1.4851,0.222947,-1.50161,-0.438906,0,0,0
L47885,L,297.7,309,1507,38.2,94,-2.19947,-1.33835,0.0775181,-0.424664,-0.370991,0,0,0
M15566,M,297.8,309,1434,43.3,96,-2.17391,-1.35186,-1.3885,0.798339,-0.335568,0,0,0
L47887,L,297.7,308.9,1838,27.3,99,-2.20673,-1.51265,2.74975,-2.50577,-0.237056,0,0,0
M15568,M,297.6,308.8,1416,45.9,101,-2.28877,-1.62607,-1.68577,1.39283,-0.202686,0,0,0
M15569,M,297.6,308.8,1357,49.7,104,-2.32336,-1.63472,-2.58507,2.1094,-0.129518,0,0,0
M15570,M,297.5,308.7,1697,28.1,107,-2.48469,-1.65984,2.27755,-2.40557,-0.0517889,0,0,0
L47891,L,297.5,308.7,1443,46.2,110,-2.4839,-1.67151,-1.19224,1.42717,0.0483949,0,0,0
L47892,L,297.5,308.7,1453,37.6,112,-2.4481,-1.67159,-0.926795,-0.619953,0.115378,0,0,0
L47893,L,297.4,308.6,1439,46.4,114,-2.58165,-1.86538,-1.23202,1.49284,0.202216,0,0,0
L47894,L,297.4,308.6,1609,36.2,116,-2.53781,-1.85781,1.52555,-0.937895,0.246846,0,0,0
L47895,L,297.4,308.6,1324,59.1,118,-2.54213,-1.84716,-2.88687,2.95058,0.277197,0,0,0
H30130,H,297.4,308.6,1420,45.8,120,-2.56886,-1.83627,-1.67598,1.36506,0.41374,0,0,0
L47897,L,297.4,308.7,1545,36.9,125,-2.54806,-1.68491,0.698645,-0.743589,0.504787,0,0,0
L47898,L,297.5,308.8,1477,39,127,-2.46048,-1.58733,-0.492834,-0.206857,0.543976,0,0,0
L47899,L,297.4,308.8,1447,58.1,129,-2.55575,-1.55829,-1.08346,2.93206,0.635905,0,0,0
L47900,L,297.4,308.9,1809,23.8,131,-2.54092,-1.56644,2.71524,-2.80377,0.673176,0,0,0
L47901,L,297.5,308.9,1696,30.9,133,-2.50429,-1.50907,2.25966,-1.99281,0.696954,0,0,0
L47902,L,297.5,308.9,1427,44.7,135,-2.4755,-1.49448,-1.52313,1.10937,0.752225,0,0,0
M15583,M,297.4,308.9,1500,46.3,137,-2.47973,-1.54691,-0.0693842,1.42794,0.845566,0,0,0
L47904,L,297.5,308.9,1390,44.6,140,-2.45707,-1.50832,-2.142,1.07921,0.969644,0,0,0
L47905,L,297.4,308.8,1640,34.2,142,-2.48087,-1.53474,1.81849,-1.39898,1.01465,0,0,0
M15586,M,297.4,308.8,1628,37.4,144,-2.498,-1.56559,1.74052,-0.670073,1.04998,0,0,0
H30141,H,297.3,308.6,1499,37.6,147,-2.70612,-1.84615,-0.0884963,-0.593864,1.11656,0,0,0
M15588,M,297.4,308.7,1425,50.3,152,-2.49387,-1.65093,-1.50952,2.22547,1.2778,0,0,0
L47909,L,297.3,308.6,1586,37.7,155,-2.76186,-1.83841,1.26844,-0.591548,1.35621,0,0,0
M15590,M,297.3,308.6,1471,50.7,157,-2.74561,-1.86525,-0.590958,2.29061,1.40032,0,0,0
M15591,M,297.3,308.6,1431,53,160,-2.71262,-1.82419,-1.42917,2.59402,1.50741,0,0,0
L47912,L,297.2,308.6,1924,22.1,163,-2.80018,-1.82914,2.95084,-2.93058,1.61234,0,0,0
M15593,M,297.1,308.4,1421,42,165,-2.82207,-2.17159,-1.60951,0.444407,1.63958,0,0,0
H30148,H,297,308.4,1305,54.6,168,-2.85069,-2.14683,-2.9491,2.73421,1.72029,0,0,0
L47915,L,296.9,308.4,1557,32.4,173,-2.8922,-2.19402,0.864598,-1.72488,1.82621,0,0,0
L47916,L,296.9,308.3,1555,38.2,175,-2.89706,-2.34389,0.895463,-0.44821,1.91336,0,0,0
H30151,H,296.9,308.3,1474,39.2,177,-2.90693,-2.3672,-0.562775,-0.253179,2.01892,0,0,0
L47918,L,296.8,308.3,1506,45.9,182,-2.93589,-2.36557,0.0531398,1.40852,2.1421,0,0,0
L47919,L,296.9,308.4,1390,41.8,184,-2.90995,-2.20276,-2.14494,0.414394,2.1927,0,0,0
M15600,M,296.9,308.4,1450,46.9,186,-2.93355,-2.20741,-1.01165,1.58455,2.25302,0,0,0
L47921,L,296.9,308.3,1513,38.8,189,-2.9209,-2.32381,0.225582,-0.294417,2.35381,0,0,0
L47922,L,296.8,308.2,1643,34.7,191,-2.96109,-2.43387,1.89124,-1.23883,2.42205,0,0,0
L47923,L,296.8,308.2,1361,53.8,193,-2.89074,-2.41312,-2.54158,2.6644,2.44297,0,0,0
L47924,L,296.7,308.1,1450,40.9,195,-2.96848,-2.50186,-1.00402,0.188104,2.51504,0,0,0
L47925,L,296.7,308,1451,50.7,197,-2.99625,-2.55449,-1.02432,2.2961,2.53772,0,0,0
L47926,L,296.8,308.1,1289,62,199,-2.95027,-2.45672,-3.06125,3.0578,2.60204,0,1,1
L47927,L,296.8,308.1,1356,48.3,201,-2.98703,-2.47287,-2.58851,1.86249,2.69282,0,0,0
H30162,H,296.7,308.1,1528,46.3,203,-2.9844,-2.49847,0.427708,1.4513,2.78061,0,0,0
L47929,L,296.6,308,1978,22.3,208,-3.0197,-2.56039,2.99518,-2.93393,2.83771,0,0,0
L47930,L,296.7,308,1535,36.8,210,-2.95787,-2.58856,0.554623,-0.766065,2.88879,0,0,0
M15611,M,296.8,308.1,1843,24.2,212,-2.96087,-2.53173,2.78911,-2.78663,2.95277,0,0,0
L47932,L,296.9,308.1,1422,48.7,215,-2.91673,-2.50358,-1.55423,1.98359,3.00493,0,0,0
L47933,L,296.8,308,1536,40.4,217,-2.96265,-2.56698,0.551092,0.0787269,3.00633,0,0,0
M15614,M,296.9,308.1,1483,44.3,219,-2.91456,-2.47884,-0.367485,1.0131,3.07222,0,0,0
H30169,H,296.8,308.1,1492,43.7,222,-2.9396,-2.53881,-0.219205,0.86751,3.09273,0,0,0
L47936,L,296.8,308,1584,40.4,227,-2.94246,-2.57325,1.23992,0.0990765,3.09337,0,0,0
L47937,L,296.9,308.1,1555,33.7,229,-2.92841,-2.50079,0.855906,-1.4825,3.07572,0,0,0
L47938,L,296.8,308,1497,41.7,231,-2.91834,-2.57223,-0.108785,0.401117,3.13959,0,0,0
M15619,M,296.7,307.8,1537,36.3,233,-2.96394,-2.816,0.564986,-0.929644,3.14159,0,0,0
L47940,L,296.7,307.8,1505,39.4,236,-2.97537,-2.75965,0.0272351,-0.199005,3.14159,0,0,0
L47941,L,296.7,307.8,1646,34.6,238,-2.98171,-2.7811,1.90586,-1.28113,3.14159,0,0,0
M15622,M,296.7,307.8,1286,60.5,0,-3.01475,-2.76643,-3.06578,2.99811,-3.09228,0,0,0
L47943,L,296.7,307.8,1400,47.5,3,-2.95636,-2.79618,-2.01413,1.72451,-3.00359,0,0,0
L47944,L,296.8,307.9,1337,56.5,5,-2.92863,-2.68742,-2.7933,2.82024,-2.9667,0,0,0
L47945,L,296.9,308,1332,53.9,7,-2.90875,-2.55089,-2.84302,2.65966,-2.89081,0,0,0
L47946,L,296.8,308,1561,38.3,9,-2.93662,-2.57248,0.986526,-0.422212,-2.82517,0,0,0
L47947,L,296.9,308,1546,31.1,11,-2.92944,-2.56428,0.674771,-1.93729,-2.76306,0,0,0
L47948,L,296.9,308,1713,29.3,13,-2.87813,-2.54055,2.38721,-2.24675,-2.75178,0,0,0
L47949,L,296.9,308,1343,44.5,15,-2.92206,-2.54846,-2.7536,1.10283,-2.69412,0,0,0
L47950,L,296.8,308,1391,54.4,17,-2.96449,-2.5797,-2.15734,2.67275,-2.56823,0,0,0
H30185,H,296.8,308,1311,58.6,19,-2.93354,-2.58273,-2.93402,2.9698,-2.55635,0,0,0
H30186,H,296.8,308,1453,51,24,-2.90359,-2.57878,-0.954035,2.32577,-2.42084,0,0,0
L47953,L,296.8,308,1510,39.4,29,-2.9484,-2.58612,0.147597,-0.174259,-2.24533,0,0,0
L47954,L,296.8,307.9,1448,48.8,31,-2.91392,-2.65123,-1.05625,1.99986,-2.21129,0,0,0
L47955,L,296.7,307.8,1453,46,33,-2.98844,-2.78368,-0.960751,1.40263,-2.09287,0,0,0
L47956,L,296.7,307.8,1468,39.2,35,-2.97,-2.81,-0.65784,-0.167173,-2.06649,0,0,0
L47957,L,296.7,307.8,1382,47.5,37,-2.9514,-2.80006,-2.26392,1.7056,-2.01757,0,0,0
L47958,L,296.7,308,1580,32.2,39,-2.93993,-2.57817,1.23817,-1.77977,-1.96534,0,0,0
L47959,L,296.8,308,1666,29.8,41,-2.93544,-2.56696,2.06684,-2.20414,-1.8975,0,0,0
M15640,M,296.9,308,1409,50.7,43,-2.93993,-2.52881,-1.83676,2.27735,-1.87616,0,0,0
L47961,L,296.8,308,1675,29.7,46,-2.96236,-2.61606,2.14303,-2.19399,-1.76343,0,0,0
L47962,L,296.8,307.9,1698,30.8,48,-2.96836,-2.72467,2.31379,-2.03791,-1.73532,0,0,0
H30197,H,296.7,307.9,1579,33.4,50,-2.95848,-2.73685,1.18407,-1.50199,-1.66477,0,0,0
L47964,L,296.7,307.9,1743,27.9,55,-2.95344,-2.72702,2.52895,-2.40917,-1.50703,0,0,0
M15645,M,296.9,308,1497,44.8,57,-2.88542,-2.60563,-0.111296,1.16181,-1.4926,0,0,0
L47966,L,296.9,308.1,1741,28.8,60,-2.90365,-2.51431,2.47692,-2.35833,-1.31036,0,0,0
L47967,L,296.9,308.1,1435,45.3,62,-2.92145,-2.4823,-1.34839,1.27264,-1.36247,0,0,0
M15648,M,296.9,308.1,1440,46.3,64,-2.92335,-2.43867,-1.24197,1.47218,-1.2322,0,0,0
M15649,M,296.9,308,1641,33.3,67,-2.94074,-2.56842,1.87559,-1.5446,-1.15151,0,0,0
L47970,L,296.8,307.9,1420,45.4,70,-2.96857,-2.70645,-1.61712,1.30113,-1.05585,0,0,0
L47971,L,296.8,307.9,1611,35.4,72,-2.93315,-2.76107,1.56972,-1.11493,-1.04784,0,0,0
L47972,L,296.8,307.8,1373,42.9,74,-2.98395,-2.81477,-2.36877,0.67708,-0.97146,0,0,0
M15653,M,296.8,307.9,1683,31.8,76,-2.95968,-2.68702,2.18336,-1.83513,-0.899734,0,0,0
H30208,H,296.9,307.9,1547,32.6,79,-2.85797,-2.68956,0.724748,-1.71528,-0.822253,0,0,0
L47975,L,296.9,307.8,1605,37,84,-2.90349,-2.80699,1.50162,-0.728846,-0.676815,0,0,0
M15656,M,296.9,307.9,2010,18.9,86,-2.88442,-2.70028,2.99097,-3.04098,-0.585606,0,0,0
L47977,L,296.8,307.7,1565,40.1,89,-2.98385,-2.8718,1.02254,0.0134652,-0.543716,0,0,0
M15658,M,296.9,307.8,1828,24.6,91,-2.92333,-2.77807,2.77463,-2.70739,-0.486185,0,0,0
M15659,M,297,307.8,1579,34.1,94,-2.83826,-2.82579,1.19559,-1.41878,-0.375085,0,0,0
M15660,M,297,307.9,1882,24.2,97,-2.84478,-2.68823,2.83434,-2.74711,-0.303855,0,0,0
L47981,L,296.9,307.8,1285,52.1,100,-2.91675,-2.81168,-3.08633,2.44331,-0.218201,0,0,0
L47982,L,296.9,307.8,1571,35,102,-2.89961,-2.80446,1.09295,-1.21666,-0.18495,0,0,0
H30217,H,296.9,307.8,1549,37.8,104,-2.89412,-2.83597,0.754726,-0.555108,-0.0963973,0,0,0
M15664,M,296.9,307.8,1544,37.6,109,-2.92728,-2.84959,0.674115,-0.608464,0.0420765,0,0,0
M15665,M,297,307.9,1412,47.4,112,-2.85325,-2.68172,-1.76224,1.7102,0.0877558,0,0,0
M15666,M,297,307.9,1422,53,115,-2.88437,-2.71645,-1.58084,2.55947,0.204603,0,0,0
L47987,L,297,307.7,1867,22.8,118,-2.86096,-2.85032,2.82563,-2.85698,0.292996,0,0,0
L47988,L,296.9,307.7,1424,43.3,120,-2.90465,-2.88418,-1.54998,0.794047,0.3484,0,0,0
L47989,L,296.9,307.6,1452,45.7,122,-2.90141,-2.8802,-0.986879,1.33365,0.425969,0,0,0
L47990,L,296.9,307.7,1550,39.7,124,-2.91555,-2.86185,0.812243,-0.0941058,0.464719,0,0,0
L47991,L,296.8,307.6,1588,37.6,126,-2.94659,-2.9229,1.31382,-0.603476,0.513362,0,0,0
L47992,L,296.8,307.6,1338,44.4,128,-2.94886,-2.91079,-2.76836,1.05242,0.531602,0,0,0
L47993,L,296.8,307.6,1513,40,130,-2.92767,-2.87581,0.216136,-0.029286,0.626743,0,0,0
M15674,M,296.8,307.5,1470,45.9,132,-2.94786,-2.97064,-0.623544,1.38027,0.727014,0,0,0
M15675,M,296.8,307.5,1516,36.7,135,-2.9268,-2.99971,0.236763,-0.845545,0.7638,0,0,0
L47996,L,296.8,307.6,1434,48.3,138,-2.9689,-2.92763,-1.33995,1.85296,0.89972,0,0,0
L47997,L,296.8,307.6,1368,52,140,-2.9187,-2.90942,-2.43984,2.44232,0.88976,0,0,0
L47998,L,296.8,307.6,1304,48.7,142,-2.95277,-2.91306,-2.97585,2.00953,1.0095,0,0,0
L47999,L,296.8,307.6,1398,46.7,144,-2.94678,-2.88887,-2.0303,1.53443,1.02262,0,0,0
L48000,L,296.7,307.6,1516,37.4,146,-2.99478,-2.9056,0.221417,-0.612684,1.14096,0,0,0
L48001,L,296.7,307.6,1474,41.7,148,-2.97194,-2.92343,-0.532099,0.416774,1.13006,0,0,0
M15682,M,296.7,307.6,1547,34.7,150,-2.96654,-2.90096,0.734121,-1.23872,1.25108,0,0,0
M15683,M,296.6,307.5,1482,39.9,153,-3.02082,-2.96412,-0.41098,-0.0345903,1.29553,0,0,0
L48004,L,296.6,307.4,1436,42.8,156,-2.98521,-2.97769,-1.28906,0.67097,1.35475,0,0,0
L48005,L,296.6,307.3,1474,40,158,-2.96773,-3.02849,-0.512506,-0.0105601,1.47086,0,0,0
L48006,L,296.5,307.2,1481,38.2,160,-2.97399,-3.02515,-0.373805,-0.46731,1.5012,0,0,0
L48007,L,296.5,307.3,1501,42.1,162,-3.0148,-3.01955,-0.0378389,0.504873,1.60425,0,0,0
L48008,L,296.5,307.3,1566,37.2,164,-3.04452,-3.01473,1.0026,-0.673803,1.61668,0,0,0
L48009,L,296.5,307.3,1579,34.5,166,-2.99894,-3.02294,1.20811,-1.302,1.66307,0,0,0
L48010,L,296.6,307.4,1631,35,168,-2.99893,-3.01072,1.77263,-1.19836,1.71017,0,0,0
M15691,M,296.6,307.4,1544,42.3,170,-2.97687,-3.03446,0.648783,0.507877,1.76499,0,0,0
L48012,L,296.6,307.4,1521,38.6,173,-2.99828,-2.98326,0.307477,-0.335816,1.85195,0,0,0
L48013,L,296.6,307.4,1616,28,175,-3.02329,-3.01913,1.65483,-2.47581,1.92007,0,0,0
H30248,H,296.6,307.4,1333,50.2,177,-2.96572,-2.9871,-2.83617,2.19005,2.01062,0,0,0
M15695,M,296.7,307.4,1533,32.5,182,-2.95564,-3.01978,0.526346,-1.69801,2.14926,0,0,0
L48016,L,296.6,307.4,1368,45.1,185,-2.96582,-3.00175,-2.48415,1.22277,2.2381,0,0,0
L48017,L,296.6,307.4,1465,47.8,187,-2.99248,-2.99593,-0.678001,1.76896,2.28723,0,0,0
H30252,H,296.6,307.4,1406,41.5,189,-3.00566,-2.99829,-1.87217,0.369271,2.30512,0,0,0
M15699,M,296.5,307.4,1565,43.5,194,-3.02255,-3.03051,1.00594,0.826813,2.4925,0,0,0
L48020,L,296.6,307.5,1582,37.9,197,-3.01697,-2.95369,1.24443,-0.52719,2.57448,0,0,0
L48021,L,296.6,307.5,1439,45.5,199,-2.98557,-2.94854,-1.28752,1.3263,2.6301,0,0,0
M15702,M,296.6,307.5,1566,35,201,-2.9771,-2.98927,0.985726,-1.25897,2.67261,0,0,0
L48023,L,296.6,307.5,1485,42.7,204,-2.97655,-2.95214,-0.337148,0.643196,2.77196,0,0,0
L48024,L,296.5,307.5,1566,35.1,206,-3.0204,-2.92978,1.02287,-1.24477,2.80246,0,0,0
L48025,L,296.3,307.3,1439,41.5,208,-3.01609,-3.02982,-1.26295,0.325584,2.85261,0,0,0
M15706,M,296.4,307.4,1416,50,210,-3.00193,-2.97511,-1.73104,2.09259,2.88855,0,0,0
L48027,L,296.4,307.4,2833,5.6,213,-3.06563,-3.00748,3.14159,-3.12522,2.92701,0,1,1
L48028,L,296.3,307.4,1465,47.1,215,-3.02309,-2.95868,-0.743578,1.65617,2.95795,0,0,0
H30263,H,296.4,307.4,1586,35.5,0,-3.05101,-3.00608,1.25043,-1.09172,-3.11392,0,0,0
L48030,L,296.3,307.3,1567,31.4,5,-3.06754,-3.03528,1.02901,-1.90212,-2.96255,0,0,0
M15711,M,296.2,307.2,1389,48.6,7,-3.06063,-3.05648,-2.16364,1.94252,-2.91492,0,0,0
M15712,M,296.3,307.3,1368,49.5,10,-3.0359,-2.9819,-2.47069,2.07889,-2.79397,0,0,0
L48033,L,296.3,307.3,1444,49,13,-3.05516,-3.03592,-1.17288,2.0111,-2.72286,0,0,0
M15714,M,296.3,307.3,1498,41.6,15,-3.0459,-3.01885,-0.0725616,0.389272,-2.69153,0,0,0
L48035,L,296.1,307.2,1615,30.8,18,-3.06333,-3.02838,1.61272,-2.00769,-2.57347,0,0,0
L48036,L,296.1,307.1,1898,22.7,20,-3.07177,-3.08876,2.88074,-2.88295,-2.48974,0,0,0
M15717,M,296.1,307.1,1350,53.3,22,-3.08636,-3.06263,-2.69337,2.56829,-2.43867,0,0,0
M15718,M,296.2,307,1516,37.6,25,-3.06139,-3.05454,0.209712,-0.5985,-2.40924,0,0,0
H30273,H,296.2,307,1542,40.6,28,-3.06425,-3.07418,0.655848,0.131303,-2.27473,0,0,0
H30274,H,296.1,306.9,1541,32.6,33,-3.04869,-3.061,0.647976,-1.66784,-2.12872,0,0,0
M15721,M,296.1,306.9,1951,23.3,38,-3.07009,-3.06021,2.93918,-2.82842,-1.97397,0,0,0
H30276,H,296.1,306.8,1645,31,41,-3.04781,-3.07502,1.86938,-1.96457,-1.92136,0,0,0
L48043,L,296,306.7,1416,44.2,46,-3.04847,-3.07947,-1.71506,1.00996,-1.78766,0,0,0
M15724,M,296,306.7,2044,22.3,48,-3.0769,-3.03573,3.05385,-2.88334,-1.69361,0,0,0
L48045,L,295.9,306.6,1414,50.2,51,-3.09433,-3.06824,-1.733,2.20478,-1.64712,0,0,0
L48046,L,295.9,306.6,1678,26.7,53,-3.07586,-3.0837,2.152,-2.54007,-1.57364,0,0,0
H30281,H,295.9,306.5,1594,33.2,55,-3.11123,-3.10316,1.33497,-1.59229,-1.49996,0,0,0
M15728,M,295.8,306.5,1514,37.7,60,-3.07956,-3.09701,0.208254,-0.596944,-1.38679,0,0,0
L48049,L,295.8,306.5,1358,49.2,63,-3.11501,-3.10346,-2.54966,2.00645,-1.2507,0,0,0
L48050,L,295.8,306.4,1325,56.2,65,-3.05983,-3.09248,-2.88751,2.8227,-1.22639,0,0,0
L48051,L,295.8,306.4,1339,53.2,67,-3.07258,-3.0868,-2.75356,2.5947,-1.17131,0,0,0
M15732,M,295.8,306.4,1335,51.7,69,-3.07859,-3.092,-2.79924,2.38225,-1.09972,0,0,0
L48053,L,295.9,306.4,1892,21.7,72,-3.07224,-3.10863,2.91553,-2.94746,-1.03091,0,0,0
L48054,L,295.9,306.4,1575,28.5,74,-3.07142,-3.12884,1.1245,-2.38108,-0.99769,0,0,0
M15735,M,295.8,306.3,1444,45.5,76,-3.09095,-3.08884,-1.13042,1.30025,-0.873715,0,0,0
L48056,L,295.7,306.3,1915,22.4,79,-3.09039,-3.10583,2.92559,-2.89512,-0.823556,0,0,0
M15737,M,295.6,306.2,1584,33.6,81,-3.07538,-3.09647,1.25585,-1.46858,-0.732811,0,0,0
M15738,M,295.7,306.3,1685,34.9,84,-3.13,-3.10026,2.17227,-1.23173,-0.706594,0,0,0
L48059,L,295.8,306.3,1337,54.6,87,-3.05618,-3.08238,-2.79732,2.7226,-0.607444,0,0,0
M15740,M,295.8,306.3,1235,76.2,89,-3.08188,-3.0881,-3.12017,3.10098,-0.544085,0,1,1
L48061,L,295.7,306.2,1464,46.2,92,-3.08888,-3.09733,-0.724716,1.42492,-0.449649,0,0,0
M15742,M,295.7,306.2,1739,25.9,94,-3.10578,-3.10333,2.49103,-2.62415,-0.393116,0,0,0
L48063,L,295.7,306.3,1490,34.3,97,-3.09474,-3.12053,-0.27407,-1.34753,-0.316077,0,0,0
L48064,L,295.8,306.4,1356,48,99,-3.11447,-3.10539,-2.60547,1.85552,-0.232536,0,0,0
L48065,L,295.7,306.2,1397,52,101,-3.08187,-3.14159,-2.01906,2.4428,-0.191523,0,0,0
L48066,L,295.7,306.2,1458,40.6,103,-3.08889,-3.10626,-0.827132,0.15747,-0.1397,0,0,0
H30301,H,295.7,306.2,2161,16.5,105,-3.11617,-3.05929,3.05743,-3.06197,-0.0399645,0,0,0
M15748,M,295.6,306.1,1651,28.1,110,-3.12424,-3.11213,1.93684,-2.39388,0.0652411,0,0,0
L48069,L,295.6,306.1,1389,46.2,113,-3.06522,-3.10552,-2.1637,1.47433,0.151414,0,0,0
L48070,L,295.6,306,1370,52.4,115,-3.11205,-3.08261,-2.44195,2.47374,0.204854,0,0,0
L48071,L,295.7,306.1,1408,47.9,117,-3.11709,-3.14159,-1.82449,1.78924,0.257239,0,0,0
L48072,L,295.7,306.1,1343,54.4,119,-3.10277,-3.13883,-2.75553,2.70538,0.354967,0,0,0
M15753,M,295.7,306.2,1423,42.5,121,-3.07997,-3.10113,-1.60805,0.601841,0.371313,0,0,0
L48074,L,295.6,306.2,1426,48.6,124,-3.09183,-3.10995,-1.50806,1.92316,0.442997,0,0,0
M15755,M,295.6,306.2,1435,51.6,126,-3.13833,-3.09317,-1.35993,2.3757,0.512802,0,0,0
L48076,L,295.5,306.1,1573,35.1,129,-3.14159,-3.11523,1.14278,-1.19849,0.608147,0,0,0
L48077,L,295.6,306.2,1612,31.2,131,-3.10806,-3.08697,1.53113,-1.92058,0.639584,0,0,0
L48078,L,295.6,306.2,1446,49.9,133,-3.13382,-3.10278,-1.13582,2.15148,0.758167,0,0,0
H30313,H,295.6,306.2,1329,55.3,135,-3.14159,-3.10369,-2.8218,2.79177,0.823513,0,0,0
L48080,L,295.6,306.2,1569,35.1,140,-3.10838,-3.13535,1.04101,-1.19049,0.948224,0,0,0
H30315,H,295.6,306.1,1256,62.3,142,-3.1263,-3.13023,-3.10581,3.02656,0.982365,0,0,0
L48082,L,295.6,306.1,1383,48.7,147,-3.09187,-3.08052,-2.25367,1.99801,1.12149,0,0,0
L48083,L,295.7,306.2,2270,14.6,149,-3.10965,-3.14159,3.11526,-3.11726,1.22403,0,1,1
H30318,H,295.7,306.2,1458,49.8,151,-3.08744,-3.09721,-0.88458,2.14973,1.23219,0,0,0
L48085,L,295.6,306.1,1474,41.2,156,-3.12807,-3.14159,-0.530212,0.28157,1.37123,0,0,0
M15766,M,295.6,306.1,1462,49.2,158,-3.12361,-3.11447,-0.771368,2.04141,1.47185,0,0,0
M15767,M,295.6,306.1,1669,29,161,-3.13093,-3.13381,2.07147,-2.33739,1.51426,0,0,0
M15768,M,295.5,306.1,1822,24.3,164,-3.11033,-3.11574,2.71915,-2.75903,1.5711,0,0,0
L48089,L,295.5,306,1456,39.2,167,-3.13677,-3.12434,-0.890974,-0.235557,1.71959,0,0,0
L48090,L,295.5,306,1546,35.9,169,-3.09429,-3.13896,0.727818,-1.03849,1.71237,0,0,0
M15771,M,295.6,306.1,1490,42.7,171,-3.11439,-3.11573,-0.23112,0.630358,1.80985,0,0,0
L48092,L,295.6,306,1569,40.4,174,-3.11104,-3.09665,1.05365,0.0485593,1.91537,0,0,0
L48093,L,295.5,306,1621,29.5,176,-3.12021,-3.11548,1.66483,-2.17723,1.9756,0,0,0
M15774,M,295.4,305.9,1518,40.6,178,-3.13013,-3.14159,0.247826,0.117493,2.02439,0,0,0
M15775,M,295.4,305.8,1526,38.2,181,-3.1322,-3.14159,0.43165,-0.457452,2.10897,0,0,0
M15776,M,295.3,305.8,1589,36.2,184,-3.13628,-3.14159,1.32578,-0.911675,2.18815,0,0,0
L48097,L,295.3,305.7,1475,51,187,-3.10347,-3.14067,-0.532297,2.2904,2.23024,0,0,0
M15778,M,295.3,305.7,1473,38.5,189,-3.14159,-3.14159,-0.57908,-0.369228,2.28197,0,0,0
L48099,L,295.4,305.8,1407,50.7,192,-3.14159,-3.14159,-1.83682,2.26501,2.41053,0,0,0
M15780,M,295.5,305.9,1518,44.1,194,-3.14159,-3.12053,0.249293,0.974491,2.43227,0,0,0
H30335,H,295.5,305.9,1593,37.2,197,-3.11445,-3.12936,1.36563,-0.674007,2.5527,0,0,0
M15782,M,295.5,305.9,1380,52.4,202,-3.1362,-3.12351,-2.27105,2.47313,2.70574,0,0,0
M15783,M,295.5,306,1423,45.3,205,-3.14159,-3.11539,-1.56094,1.25796,2.83738,0,0,0
L48104,L,295.5,306,1800,27.6,208,-3.14159,-3.14002,2.71465,-2.48531,2.81859,0,0,0
H30339,H,295.6,306.1,1623,30.9,210,-3.08287,-3.11184,1.66874,-1.97124,2.89551,0,0,0
L48106,L,295.6,306.1,1372,55.6,215,-3.14159,-3.12267,-2.42177,2.77588,2.98597,0,1,1
H30341,H,295.6,306,1396,52.4,0,-3.1297,-3.13286,-2.03623,2.49993,-3.09354,0,0,0
L48108,L,295.6,306,1949,21.9,5,-3.14159,-3.14159,2.94062,-2.88335,-2.92478,0,0,0
L48109,L,295.6,306,1419,51.1,7,-3.12492,-3.11328,-1.67322,2.34447,-2.90109,0,0,0
M15790,M,295.5,305.9,1453,47.3,9,-3.12115,-3.12408,-0.966258,1.67413,-2.86956,0,0,0
L48111,L,295.5,305.9,1542,36.2,12,-3.13742,-3.11421,0.728086,-0.923345,-2.75717,0,0,0
L48112,L,295.6,306,1363,50,14,-3.13299,-3.10715,-2.56282,2.15224,-2.68012,0,0,0
L48113,L,295.5,306,1597,37.2,16,-3.14159,-3.10063,1.43377,-0.704417,-2.64378,0,0,0
M15794,M,295.5,306,1326,50.8,18,-3.14159,-3.14159,-2.86943,2.29647,-2.57406,0,0,0
M15795,M,295.5,306,1641,36.6,21,-3.1287,-3.14159,1.86142,-0.878372,-2.4823,0,0,0
M15796,M,295.6,306.1,1418,46.2,24,-3.08372,-3.09995,-1.67118,1.44662,-2.3769,0,0,0
L48117,L,295.6,306.2,1263,61.8,27,-3.07805,-3.13893,-3.10678,3.05584,-2.27579,0,0,0
L48118,L,295.6,306.2,1823,25.8,29,-3.13137,-3.09663,2.73472,-2.6063,-2.23632,0,0,0
L48119,L,295.5,306.1,1488,40.7,31,-3.13044,-3.13258,-0.260886,0.160069,-2.22836,0,0,0
L48120,L,295.6,306.2,1443,48.9,33,-3.11081,-3.13702,-1.19135,1.95953,-2.17795,0,0,0
L48121,L,295.6,306.2,1650,28.2,35,-3.12958,-3.13044,1.94712,-2.37597,-2.08009,0,0,0
M15802,M,295.7,306.3,1462,44.3,37,-3.12381,-3.08142,-0.828515,0.986675,-2.0079,0,0,0
M15803,M,295.6,306.2,1477,45,40,-3.10324,-3.09182,-0.485579,1.15909,-1.94226,0,0,0
M15804,M,295.7,306.3,1712,28.5,43,-3.09183,-3.1073,2.35094,-2.38416,-1.87938,0,0,0
M15805,M,295.7,306.3,1347,50.4,46,-3.08251,-3.08655,-2.72819,2.20009,-1.79127,0,0,0
L48126,L,295.6,306.2,1287,54.8,49,-3.10603,-3.13611,-3.05445,2.69329,-1.71412,0,0,0
L48127,L,295.6,306.2,1428,44.5,51,-3.10922,-3.08958,-1.50287,1.06334,-1.61881,0,0,0
M15808,M,295.6,306.3,1426,45.5,53,-3.13116,-3.10466,-1.50063,1.30587,-1.55595,0,0,0
L48129,L,295.6,306.3,1636,32.7,56,-3.10234,-3.10472,1.81163,-1.65739,-1.50121,0,0,0
L48130,L,295.6,306.2,1424,42.5,58,-3.13846,-3.09373,-1.59317,0.604385,-1.42236,0,0,0
H30365,H,295.6,306.3,1509,35.8,60,-3.12231,-3.08861,0.125256,-1.03122,-1.37643,0,0,0
L48132,L,295.5,306.2,1448,48.9,65,-3.13415,-3.11879,-1.03026,2.01336,-1.23111,0,0,0
L48133,L,295.5,306.1,1650,32.8,67,-3.13562,-3.13932,1.93749,-1.6443,-1.1106,0,0,0
H30368,H,295.6,306.2,1414,42.5,69,-3.14159,-3.09381,-1.73155,0.571008,-1.11185,0,0,0
L48135,L,295.6,306.3,1911,20.9,74,-3.13066,-3.09332,2.92193,-2.9922,-0.944243,0,0,0
H30370,H,295.6,306.2,1632,32.2,76,-3.12882,-3.08489,1.78156,-1.74505,-0.888839,0,0,0
M15817,M,295.7,306.4,1387,40.1,81,-3.07816,-3.08623,-2.20491,0.0111841,-0.760869,0,0,0
L48138,L,295.8,306.4,1399,47.6,84,-3.04838,-3.1294,-1.99235,1.75255,-0.693418,0,0,0
L48139,L,295.8,306.5,1505,35.2,86,-3.09438,-3.03982,0.0651064,-1.19358,-0.596938,0,0,0
L48140,L,295.8,306.5,1534,37.9,88,-3.06542,-3.06541,0.541373,-0.513918,-0.572564,0,0,0
L48141,L,295.8,306.5,1493,40.5,90,-3.102,-3.0669,-0.17907,0.145459,-0.520949,0,0,0
M15822,M,295.8,306.6,1480,43.2,92,-3.13658,-3.087,-0.424493,0.757598,-0.441881,0,0,0
L48143,L,295.8,306.6,1621,31.6,95,-3.10053,-3.04531,1.6496,-1.84583,-0.378594,0,0,0
L48144,L,295.7,306.5,1737,26.2,97,-3.12435,-3.05697,2.42446,-2.63108,-0.293147,0,0,0
L48145,L,295.8,306.6,1508,46.5,99,-3.09051,-3.05954,0.089541,1.49117,-0.203218,0,0,0
M15826,M,295.8,306.5,1641,32.2,101,-3.08522,-3.08711,1.83108,-1.77064,-0.170617,0,0,0
M15827,M,295.9,306.6,1532,38.6,104,-3.06573,-3.07383,0.484748,-0.338868,-0.15609,0,0,0
L48148,L,295.9,306.7,1547,40.9,107,-3.08632,-3.07699,0.719381,0.203422,-0.0278712,0,0,0
L48149,L,295.9,306.6,1412,41,109,-3.09425,-3.03708,-1.76208,0.247043,0.0236507,0,0,0
L48150,L,295.8,306.5,1568,35.1,111,-3.07138,-3.06688,1.06669,-1.14449,0.0941788,0,0,0
L48151,L,295.9,306.6,1557,41.1,113,-3.0735,-3.07782,0.821364,0.213449,0.145641,0,0,0
L48152,L,295.8,306.6,1644,35.2,115,-3.06721,-3.08699,1.91285,-1.14911,0.206168,0,0,0
L48153,L,295.9,306.6,1679,30.4,117,-3.04506,-3.04101,2.16086,-2.10229,0.29726,0,0,0
L48154,L,296,306.6,1511,35.2,119,-3.07552,-3.07978,0.147097,-1.18482,0.364785,0,0,0
M15835,M,296,306.6,1628,36.8,121,-3.05476,-3.05283,1.74985,-0.820455,0.366573,0,0,0
M15836,M,296,306.6,1392,51.3,124,-3.0534,-3.08596,-2.04176,2.3548,0.441604,0,0,0
L48157,L,296,306.7,1917,21,127,-3.04856,-3.0547,2.90636,-2.96304,0.575588,0,0,0
M15838,M,296.2,306.8,1526,42.3,129,-3.03535,-3.05188,0.39452,0.539882,0.634202,0,0,0
L48159,L,296.2,306.8,1389,53.3,132,-3.03739,-3.12949,-2.17954,2.56719,0.683088,0,0,0
L48160,L,296.1,306.7,1409,42.8,134,-3.06418,-3.05185,-1.81888,0.663164,0.759786,0,0,0
L48161,L,296.2,306.8,1655,31.1,136,-3.01059,-3.08065,1.97932,-1.91177,0.823418,0,0,0
L48162,L,296.2,306.9,1516,39.1,138,-3.09544,-3.05775,0.21939,-0.243222,0.885272,0,0,0
L48163,L,296.2,306.9,1526,34.9,140,-3.04644,-3.0699,0.414623,-1.23945,0.92793,0,0,0
L48164,L,296.3,307.1,1419,48.6,142,-3.03787,-3.04323,-1.6621,1.92133,0.980994,0,0,0
L48165,L,296.4,307.2,1748,25.3,144,-3.03784,-3.06781,2.54526,-2.6962,1.04724,0,0,0
H30400,H,296.4,307.1,1638,32.5,146,-3.02209,-3.0497,1.83232,-1.70364,1.08817,0,0,0
M15847,M,296.3,307.1,1534,33.8,151,-3.02211,-3.06339,0.550056,-1.48005,1.21876,0,0,0
H30402,H,296.3,307.1,1774,25.9,154,-3.0253,-3.05376,2.6007,-2.63301,1.30578,0,0,0
M15849,M,296.2,307,2119,18.3,159,-3.05994,-3.10516,3.04552,-3.06128,1.49331,0,0,0
L48170,L,296.2,307,1414,48.3,162,-3.03014,-3.07857,-1.70921,1.87783,1.51491,0,0,0
M15851,M,296.1,307,1523,42,164,-3.1141,-3.03133,0.352935,0.451695,1.60893,0,0,0
L48172,L,296.1,307.1,1651,35.7,167,-3.08898,-3.02438,1.94642,-1.02448,1.69028,0,0,0
M15853,M,296.1,307.1,1485,36,169,-3.11289,-3.03517,-0.353253,-0.984604,1.77524,0,0,0
M15854,M,296.2,307.2,1168,63.4,172,-3.0523,-3.01248,-3.14138,3.07032,1.84578,0,0,0
L48175,L,296.3,307.3,1566,35.8,175,-3.0515,-2.98854,1.0355,-1.02636,1.92888,0,0,0
M15856,M,296.3,307.2,1286,51.1,177,-3.0238,-3.04689,-3.03792,2.32997,2.01132,0,0,0
M15857,M,296.3,307.2,1446,45.9,180,-3.05787,-3.04562,-1.09909,1.36182,2.07302,0,0,0
M15858,M,296.4,307.2,2071,19.4,183,-3.03252,-3.02048,3.02138,-3.00741,2.17974,0,0,0
L48179,L,296.3,307.1,1560,33.2,186,-3.02159,-3.08671,0.932846,-1.54641,2.23467,0,0,0
L48180,L,296.3,307.1,1654,29.6,188,-3.00712,-3.04584,1.97426,-2.20451,2.29552,0,0,0
L48181,L,296.3,307.1,1662,32.9,190,-3.03503,-3.0588,2.03477,-1.60713,2.3444,0,0,0
L48182,L,296.3,307.2,1646,35,192,-3.02919,-3.01959,1.86933,-1.22308,2.39982,0,0,0
L48183,L,296.2,307.1,1444,46.7,194,-3.05715,-3.06298,-1.16572,1.53632,2.47956,0,0,0
H30418,H,296.3,307.2,1424,42,196,-3.02549,-3.07898,-1.54794,0.443033,2.55735,0,0,0
L48185,L,296.2,307.2,1382,52,201,-3.06527,-3.0546,-2.25336,2.43199,2.67736,0,0,0
L48186,L,296.2,307.1,1413,53.4,203,-3.02582,-3.05412,-1.74446,2.62317,2.71057,0,0,0
M15867,M,296.2,307.2,1633,31.1,0,-3.02359,-3.02036,1.8036,-1.96251,-3.06301,0,0,0
L48188,L,296.2,307.1,1441,41.7,3,-3.04658,-3.06558,-1.16947,0.395286,-3.02695,0,0,0
M15869,M,296.2,307.2,1385,44,5,-3.05535,-3.02343,-2.18713,0.960455,-2.92178,0,0,0
M15870,M,296.2,307.2,1552,34.8,8,-3.03044,-3.06506,0.799004,-1.28164,-2.88196,0,0,0
M15871,M,296.2,307.3,1451,42.8,11,-3.0316,-2.99273,-1.02677,0.658971,-2.76154,0,0,0
M15872,M,296.1,307.1,1433,38.5,14,-3.07925,-3.06113,-1.35979,-0.42276,-2.67918,0,0,0
M15873,M,296.1,307.2,1619,29.7,17,-3.06115,-3.02835,1.6198,-2.20873,-2.60995,0,0,0
L48194,L,296.2,307.2,1445,41.8,20,-3.05356,-3.03768,-1.12645,0.441814,-2.49462,0,0,0
L48195,L,296.2,307.2,1356,43.6,22,-3.07232,-3.05153,-2.56809,0.84449,-2.42781,0,0,0
M15876,M,296.3,307.2,1319,68.3,24,-2.99958,-3.04868,-2.91945,3.127,-2.40731,0,1,1
L48197,L,296.3,307.2,1637,31.6,27,-3.04734,-3.04523,1.84052,-1.86178,-2.31625,0,0,0
L48198,L,296.3,307.2,1291,58.6,29,-3.04211,-3.06387,-3.00878,2.90006,-2.27871,0,0,0
L48199,L,296.3,307.3,1398,52.7,31,-3.021,-3.03999,-1.99404,2.54469,-2.22691,0,0,0
L48200,L,296.3,307.3,1372,57.7,33,-3.02927,-3.0324,-2.38807,2.9097,-2.12561,0,0,0
M15881,M,296.3,307.2,1454,42.5,35,-3.00675,-3.02402,-0.898519,0.600864,-2.11496,0,0,0
L48202,L,296.2,307.2,1515,36.5,38,-3.04518,-3.02617,0.186674,-0.841593,-1.98217,0,0,0
L48203,L,296.2,307.3,1881,24.3,40,-3.04242,-3.02687,2.85221,-2.75979,-1.94544,0,0,0
L48204,L,296.2,307.3,1711,29.9,42,-3.04755,-3.05071,2.39167,-2.17735,-1.91471,0,0,0
L48205,L,296.2,307.3,1475,37,44,-3.06774,-3.02439,-0.512452,-0.772824,-1.81638,0,0,0
L48206,L,296.4,307.4,1512,36.8,46,-3.03632,-2.94534,0.172439,-0.751875,-1.78644,0,0,0
M15887,M,296.3,307.4,1335,50.5,48,-3.02208,-3.00799,-2.79257,2.26047,-1.73837,0,0,0
L48208,L,296.3,307.4,1472,39.9,51,-3.05874,-3.01158,-0.610619,-0.076181,-1.63209,0,0,0
M15889,M,296.2,307.3,1477,35.2,53,-3.07687,-3.00895,-0.472903,-1.19812,-1.57568,0,0,0
L48210,L,296.3,307.4,1760,28.4,56,-3.03653,-2.99232,2.55263,-2.35072,-1.46155,0,0,0
L48211,L,296.4,307.5,1549,36.1,58,-3.00428,-2.95921,0.797414,-0.936012,-1.42811,0,0,0
L48212,L,296.3,307.4,1648,34,60,-3.03977,-2.96334,1.89904,-1.40898,-1.35383,0,0,0
H30447,H,296.4,307.5,1556,38,62,-3.03638,-2.96034,0.840567,-0.511112,-1.35698,0,0,0
M15894,M,296.3,307.4,1958,19.1,67,-2.99244,-2.95641,2.98257,-3.0207,-1.13941,0,0,0
L48215,L,296.4,307.4,1403,48.4,70,-2.9944,-2.9656,-1.90004,1.88603,-1.06853,0,0,0
M15896,M,296.4,307.5,1684,31.4,72,-3.03119,-2.98066,2.16667,-1.88727,-1.00393,0,0,0
H30451,H,296.4,307.5,1596,35.1,75,-3.04852,-2.9228,1.42278,-1.19284,-0.949454,0,0,0
L48218,L,296.6,307.6,1498,41.1,80,-2.99249,-2.89036,-0.0983835,0.220153,-0.777529,0,0,0
L48219,L,296.7,307.7,1524,36.8,82,-3.02734,-2.83871,0.385442,-0.794023,-0.710392,0,0,0
L48220,L,296.7,307.7,1502,43.9,84,-2.97556,-2.81632,-0.00870987,0.893537,-0.673332,0,0,0
L48221,L,296.6,307.6,1809,25.1,86,-2.99195,-2.86352,2.74026,-2.69241,-0.637405,0,0,0
L48222,L,296.6,307.6,1542,37.4,88,-3.00445,-2.89182,0.6784,-0.651472,-0.557483,0,0,0
L48223,L,296.5,307.6,1431,45.2,90,-3.02463,-2.86979,-1.41327,1.21698,-0.500901,0,0,0
L48224,L,296.5,307.6,1512,43.6,92,-2.97497,-2.89002,0.195561,0.879045,-0.460453,0,0,0
H30459,H,296.4,307.5,1403,52.8,94,-3.00736,-2.95275,-1.93891,2.52959,-0.418698,0,0,0
L48226,L,296.4,307.5,1331,47.8,99,-3.01544,-2.9594,-2.82582,1.79499,-0.314046,0,0,0
M15907,M,296.6,307.7,1474,52.6,101,-2.98551,-2.87258,-0.556185,2.49416,-0.187353,0,0,0
L48228,L,296.5,307.6,1607,33.5,104,-2.98391,-2.94547,1.51335,-1.50922,-0.13492,0,0,0
L48229,L,296.5,307.6,1415,44.2,106,-2.99386,-2.88487,-1.72894,0.974852,0.00738822,0,0,0
L48230,L,296.6,307.6,1671,28.8,108,-2.99585,-2.92093,2.07588,-2.32112,-0.0010906,0,0,0
L48231,L,296.6,307.7,1556,37.7,110,-2.9908,-2.86063,0.881366,-0.583644,0.0233651,0,0,0
L48232,L,296.7,307.7,1927,23.9,112,-2.99737,-2.84487,2.94399,-2.77596,0.114191,0,0,0
M15913,M,296.7,307.7,1597,32.1,114,-2.98004,-2.83161,1.45166,-1.78264,0.201921,0,0,0
H30468,H,296.8,307.8,1627,30.5,117,-2.9414,-2.81916,1.72381,-2.06359,0.264237,0,0,0
L48235,L,296.8,307.8,1480,39.4,122,-2.94583,-2.7789,-0.400568,-0.160602,0.425713,0,0,0
L48236,L,296.8,307.8,1565,39.5,124,-2.9108,-2.82092,0.998751,-0.125771,0.460732,0,0,0
L48237,L,296.8,307.8,1573,36.4,126,-2.93715,-2.78282,1.13819,-0.871902,0.512992,0,0,0
L48238,L,296.7,307.8,1605,31.3,128,-2.97522,-2.80498,1.47256,-1.91519,0.572071,0,0,0
M15919,M,296.7,307.9,1874,21.3,130,-2.96365,-2.63222,2.87252,-2.9235,0.629456,0,0,0
H30474,H,296.7,307.9,1424,53.8,133,-2.94752,-2.67995,-1.54578,2.67429,0.692646,0,0,0
L48241,L,296.7,307.9,1420,50.1,138,-2.96046,-2.65939,-1.62505,2.16934,0.8771,0,0,0
L48242,L,296.8,307.9,1372,49,140,-2.9696,-2.64348,-2.39046,1.98209,0.927032,0,0,0
M15923,M,296.8,307.8,1664,32.8,142,-2.96733,-2.84133,2.01685,-1.64536,0.984498,0,0,0
M15924,M,296.8,307.9,1409,44.3,145,-2.99524,-2.69086,-1.80766,0.99972,1.05878,0,0,0
L48245,L,296.8,307.9,1718,25.2,148,-2.93108,-2.65438,2.35802,-2.71905,1.15768,0,0,0
M15926,M,296.9,307.8,1544,40.3,150,-2.92509,-2.82149,0.666731,0.0611544,1.16554,0,0,0
L48247,L,296.9,307.8,1466,45.7,153,-2.94594,-2.84159,-0.691293,1.33178,1.27557,0,0,0
L48248,L,296.8,307.8,1394,47.7,155,-2.93476,-2.79663,-2.07114,1.76933,1.35178,0,0,0
M15929,M,296.9,307.8,1840,24.6,157,-2.87833,-2.80711,2.7894,-2.74075,1.39635,0,0,0
M15930,M,296.9,307.8,1477,37.2,160,-2.92146,-2.8044,-0.49515,-0.71016,1.51431,0,0,0
L48251,L,296.9,307.8,1425,49.1,163,-2.89401,-2.7915,-1.56869,2.0265,1.56371,0,0,0
M15932,M,297,307.9,1414,46.2,165,-2.88224,-2.69902,-1.72218,1.46515,1.61772,0,0,0
L48253,L,297,307.8,1414,47.5,168,-2.875,-2.80737,-1.75623,1.76201,1.69896,0,0,0
L48254,L,297,307.9,1595,31.7,170,-2.90142,-2.7028,1.37906,-1.83361,1.78033,0,0,0
H30489,H,296.9,307.8,1345,54.5,172,-2.86294,-2.81386,-2.73685,2.67318,1.83233,0,0,0
L48256,L,296.9,307.7,1653,35.9,177,-2.88796,-2.83484,1.98177,-1.02324,2.03495,0,0,0
L48257,L,296.8,307.6,1547,36.5,179,-2.93544,-2.89916,0.718312,-0.903095,2.01075,0,0,0
H30492,H,296.9,307.7,1656,30.8,181,-2.90032,-2.80282,2.01923,-2.01204,2.08851,0,0,0
L48259,L,297,307.7,1731,28.5,186,-2.88637,-2.8036,2.44974,-2.36087,2.24901,0,0,0
L48260,L,297,307.8,1774,28,188,-2.84919,-2.84378,2.6296,-2.42164,2.28333,0,0,0
L48261,L,297,307.8,1521,40.2,190,-2.86688,-2.75194,0.334511,0.0695056,2.33542,0,0,0
H30496,H,297.1,307.9,1420,39.8,192,-2.8377,-2.67895,-1.64743,-0.0882315,2.37509,0,0,0
L48263,L,297,307.8,1683,32.3,197,-2.82022,-2.73487,2.18849,-1.7282,2.54797,0,0,0
M15944,M,297,307.7,1498,47.1,199,-2.86461,-2.81166,-0.0968595,1.66666,2.61872,0,0,0
L48265,L,297,307.8,1385,56.4,202,-2.87349,-2.72325,-2.21362,2.85141,2.70698,0,1,1
L48266,L,297,307.9,1455,49,204,-2.89914,-2.68548,-0.933911,2.02567,2.74018,0,0,0
H30501,H,296.9,307.8,1549,35.8,206,-2.94358,-2.74243,0.777253,-1.05376,2.7796,0,1,1
M15948,M,296.9,307.8,1392,43.9,0,-2.88915,-2.77724,-2.10818,0.909436,-3.08286,0,0,0
M15949,M,296.9,307.7,2008,17.5,3,-2.89049,-2.84483,3.01685,-3.05137,-3.04669,0,0,0
L48270,L,296.9,307.7,1464,41.4,6,-2.9315,-2.84295,-0.754829,0.328795,-2.96314,0,0,0
L48271,L,297,307.7,1447,46.4,8,-2.8391,-2.81663,-1.0913,1.46491,-2.87036,0,0,0
M15952,M,296.9,307.6,1685,32,10,-2.91955,-2.89433,2.19269,-1.77583,-2.80814,0,0,0
M15953,M,296.8,307.5,1443,39.2,13,-2.91136,-2.98191,-1.19811,-0.196586,-2.74047,0,0,0
L48274,L,296.9,307.5,1354,44.4,16,-2.89471,-2.97209,-2.61728,1.01686,-2.64493,0,0,0
L48275,L,296.9,307.5,2721,9.3,18,-2.90656,-2.94922,3.12925,-3.09382,-2.5574,0,1,1
L48276,L,297,307.6,1680,35.8,20,-2.8861,-2.88648,2.17437,-1.00253,-2.47282,0,0,0
H30511,H,296.9,307.5,1397,48.3,22,-2.92947,-2.91337,-2.0095,1.88716,-2.45842,0,0,0
M15958,M,296.9,307.4,1521,37.9,27,-2.97137,-3.00887,0.346463,-0.566352,-2.3069,0,0,0
M15959,M,296.8,307.4,1472,43.9,30,-2.94388,-2.98463,-0.561444,0.882403,-2.20988,0,0,0
H30514,H,296.8,307.5,1695,30,33,-2.92051,-2.97152,2.26775,-2.10267,-2.12723,0,0,0
H30515,H,296.7,307.5,1607,33.6,38,-2.96147,-2.9969,1.50504,-1.4817,-1.99763,0,0,0
L48282,L,296.8,307.5,1347,54.8,43,-2.93964,-2.88232,-2.707,2.72542,-1.85528,0,0,0
M15963,M,296.7,307.4,1540,38.7,45,-2.97795,-3.0017,0.611183,-0.324125,-1.7781,0,0,0
L48284,L,296.6,307.4,1389,42.7,48,-3.01702,-2.98308,-2.14659,0.62996,-1.68762,0,0,0
M15965,M,296.6,307.5,1734,27,50,-2.98625,-2.96192,2.46783,-2.5047,-1.60525,0,0,0
L48286,L,296.7,307.6,1540,38.6,53,-2.9715,-2.88645,0.592536,-0.376108,-1.5594,0,0,0
M15967,M,296.7,307.5,1515,42.1,55,-2.96482,-2.93056,0.207794,0.487497,-1.51225,0,0,0
L48288,L,296.6,307.4,1504,45.8,58,-2.9961,-2.96314,0.00480083,1.37251,-1.46579,0,0,0
L48289,L,296.6,307.5,1557,35.1,60,-3.02066,-2.9107,0.917079,-1.18911,-1.36646,0,0,0
L48290,L,296.5,307.4,1292,52.5,62,-3.04035,-2.99389,-3.02015,2.47076,-1.30546,0,0,0
H30525,H,296.5,307.4,1432,49.2,64,-3.00706,-2.9892,-1.42339,2.04753,-1.28879,0,0,0
M15972,M,296.5,307.4,1350,55.6,69,-2.98333,-2.9972,-2.69583,2.82198,-1.08873,0,0,0
M15973,M,296.6,307.4,1790,25.8,72,-3.01543,-2.95834,2.63676,-2.64429,-0.985745,0,0,0
H30528,H,296.4,307.3,1540,37.4,75,-3.06857,-2.98679,0.608489,-0.649681,-0.964329,0,0,0
M15975,M,296.4,307.3,2077,19.1,80,-3.02092,-3.02776,3.01949,-3.03714,-0.802091,0,0,0
L48296,L,296.4,307.3,1487,37.5,83,-2.99233,-3.03088,-0.325171,-0.631818,-0.717783,0,0,0
L48297,L,296.5,307.4,1523,40.7,85,-2.99788,-2.96469,0.343602,0.159765,-0.641127,0,0,0
L48298,L,296.5,307.5,1443,41.8,87,-2.99917,-2.92313,-1.17994,0.371935,-0.538019,0,0,0
L48299,L,296.5,307.5,1340,59.1,89,-2.99344,-2.93118,-2.74931,2.95932,-0.554406,0,0,0
H30534,H,296.6,307.7,1654,31,91,-3.00781,-2.84476,1.94942,-1.99358,-0.482831,0,0,0
L48301,L,296.6,307.6,1459,40.2,96,-2.98084,-2.91304,-0.841822,-0.00779959,-0.326166,0,0,0
L48302,L,296.5,307.6,1541,38.5,98,-3.01868,-2.92704,0.604095,-0.365299,-0.296737,0,0,0
H30537,H,296.6,307.7,1386,62.3,100,-2.99077,-2.83741,-2.18005,3.05471,-0.24973,0,1,1
M15984,M,296.7,307.8,1258,69,105,-2.96645,-2.75137,-3.09295,3.1197,-0.0929986,0,1,1
M15985,M,296.7,307.8,1375,51.4,108,-2.94815,-2.71834,-2.33943,2.39046,0.0213363,0,0,0
L48306,L,296.8,307.9,1706,30.8,111,-2.92984,-2.67258,2.34071,-2.00025,0.0961484,0,0,0
M15987,M,296.7,307.8,1672,32.4,113,-2.92479,-2.76024,2.09668,-1.73485,0.164267,0,0,0
M15988,M,296.8,307.9,1843,25.2,116,-2.94099,-2.71214,2.74667,-2.69115,0.205069,0,0,0
L48309,L,296.7,307.9,1690,29.6,119,-2.96897,-2.68608,2.25327,-2.17168,0.324968,0,0,0
L48310,L,296.8,307.9,1413,46.5,121,-2.95758,-2.71176,-1.7635,1.50719,0.337803,0,0,0
L48311,L,296.8,307.9,1489,33.4,123,-2.94562,-2.68787,-0.251319,-1.54262,0.44909,0,0,0
L48312,L,296.8,307.9,1271,61.4,125,-2.95054,-2.69628,-3.11957,3.04511,0.530802,0,0,0
M15993,M,296.8,307.9,1418,47.9,127,-2.94513,-2.67906,-1.69316,1.84478,0.544806,0,0,0
M15994,M,296.9,307.8,1426,50.7,130,-2.89591,-2.759,-1.53186,2.28155,0.650303,0,0,0
L48315,L,296.9,307.9,1535,39.2,133,-2.909,-2.67608,0.545893,-0.224658,0.729691,0,0,0
L48316,L,296.9,307.8,1557,38.1,135,-2.92129,-2.77115,0.865978,-0.517063,0.771621,0,0,0
L48317,L,296.9,307.8,1653,29.7,137,-2.92373,-2.78096,1.98121,-2.22442,0.82724,0,0,0
L48318,L,296.9,307.9,1435,41.6,139,-2.95869,-2.70415,-1.33684,0.321562,0.846576,0,0,0
M15999,M,297,307.9,1569,33.3,141,-2.86488,-2.68105,1.05613,-1.55954,1.00724,0,0,0
M16000,M,296.9,307.9,1385,44.8,144,-2.90323,-2.7388,-2.18283,1.15991,1.02774,0,0,0
L48321,L,297,307.9,1635,31.6,147,-2.85604,-2.65874,1.82022,-1.86424,1.09438,0,0,0
L48322,L,296.9,307.9,1423,43.9,149,-2.87995,-2.68065,-1.58816,0.896118,1.19626,0,0,0
L48323,L,297,307.9,1479,39.2,151,-2.88666,-2.68356,-0.430188,-0.210748,1.20568,0,0,0
L48324,L,297,307.9,1296,69.1,153,-2.86589,-2.66698,-3.00268,3.14159,1.31513,0,1,1
L48325,L,297,307.8,1553,33.3,155,-2.86247,-2.74884,0.825765,-1.50748,1.40223,0,0,0
L48326,L,297,307.9,1529,42.2,157,-2.86172,-2.65398,0.461574,0.497921,1.44495,0,0,0
M16007,M,297.1,308,1690,25.6,159,-2.83002,-2.5581,2.23205,-2.63908,1.47409,0,0,0
L48328,L,297.1,308,1348,58,162,-2.84858,-2.55602,-2.68373,2.90497,1.55174,0,0,0
L48329,L,297.2,308.1,1446,38.5,164,-2.78891,-2.54081,-1.11803,-0.347526,1.64163,0,0,0
L48330,L,297.1,307.9,1456,50,166,-2.81014,-2.67096,-0.866521,2.18341,1.6528,0,0,0
L48331,L,297,307.9,1350,47.7,168,-2.86288,-2.68559,-2.67891,1.76433,1.71871,0,0,0
L48332,L,297.1,307.9,1507,38.3,170,-2.84756,-2.74123,0.0767219,-0.420469,1.78058,0,0,0
H30567,H,297,307.9,1448,45.6,172,-2.86935,-2.67816,-1.08909,1.30823,1.81854,0,0,0
L48334,L,296.9,307.9,1626,29.9,177,-2.94314,-2.7321,1.74762,-2.1882,1.99147,0,0,0
H30569,H,297,307.9,1846,27.3,179,-2.84596,-2.70307,2.8239,-2.4735,2.06188,0,0,0
H30570,H,297,307.8,1404,40.7,184,-2.82742,-2.76628,-1.91555,0.177301,2.18119,0,0,0
L48337,L,297,307.8,1583,37.2,189,-2.90024,-2.80104,1.28254,-0.707214,2.32912,0,0,0
L48338,L,297,307.9,1436,47.7,191,-2.88675,-2.69227,-1.31245,1.74844,2.34944,0,0,0
L48339,L,297,307.8,1609,35.6,193,-2.90041,-2.78837,1.53824,-1.03988,2.45826,0,0,0
H30574,H,297,307.7,1834,23.8,195,-2.835,-2.82279,2.76724,-2.82881,2.4907,0,0,0
L48341,L,297,307.8,1316,61.2,200,-2.91304,-2.76807,-2.89851,3.04266,2.66407,0,1,1
L48342,L,296.9,307.8,1400,57.1,202,-2.90538,-2.79771,-1.97802,2.8686,2.72159,0,1,1
L48343,L,296.9,307.9,1367,47.1,204,-2.8431,-2.71018,-2.47697,1.63714,2.75714,0,0,0
L48344,L,297.1,308.1,1754,30.3,206,-2.82891,-2.53576,2.55461,-2.102,2.78841,0,0,0
L48345,L,297.1,308.1,1487,34.6,208,-2.81381,-2.57175,-0.281866,-1.32457,2.86488,0,0,0
M16026,M,297.1,308.1,1506,37.7,210,-2.82614,-2.54796,0.0406316,-0.603736,2.93711,0,0,0
L48347,L,297,308.1,1362,52.5,213,-2.86416,-2.52781,-2.50118,2.49332,2.97762,0,1,1
L48348,L,297.1,308.1,1584,36.8,215,-2.81291,-2.52945,1.26508,-0.775668,2.97971,0,0,0
L48349,L,297,308.1,1355,43.7,217,-2.86111,-2.50791,-2.64937,0.880526,3.01606,0,0,0
M16030,M,297.1,308.1,1823,24.3,219,-2.81678,-2.57131,2.75505,-2.77427,3.04754,0,0,0
H30585,H,297,308.1,1517,41.4,222,-2.86231,-2.55136,0.234574,0.283944,3.05334,0,0,0
L48352,L,297.1,308.1,1446,36.6,227,-2.81266,-2.5325,-1.11256,-0.848753,3.14159,0,0,0
H30587,H,297.1,308,1559,38.8,229,-2.81461,-2.64041,0.90859,-0.311252,3.10886,0,0,0
M16034,M,297.1,308.1,1352,44.4,0,-2.83161,-2.55077,-2.61252,1.04801,-3.11217,0,0,0
M16035,M,297.2,308.3,1578,37.8,3,-2.79317,-2.29358,1.21699,-0.535456,-2.98871,0,0,0
M16036,M,297.2,308.3,1429,42,6,-2.85551,-2.2871,-1.44808,0.498514,-2.93328,0,0,0
M16037,M,297.2,308.3,1604,39.4,9,-2.82306,-2.28246,1.46181,-0.20824,-2.87272,0,0,0
L48358,L,297.3,308.5,1398,60.4,12,-2.68968,-2.01383,-1.99328,2.98531,-2.70757,0,0,0
L48359,L,297.3,308.4,1441,43.4,14,-2.73355,-2.21722,-1.23422,0.845465,-2.67546,0,0,0
H30594,H,297.3,308.4,1531,35.6,16,-2.69488,-2.21195,0.478487,-1.09185,-2.66305,0,0,0
L48361,L,297.2,308.3,1379,52.1,21,-2.71096,-2.28028,-2.29948,2.45758,-2.46533,0,0,0
L48362,L,297.3,308.3,1410,48.1,23,-2.62526,-2.28737,-1.80129,1.84952,-2.4668,0,0,0
L48363,L,297.3,308.4,1513,40.5,25,-2.70312,-2.18522,0.185876,0.112643,-2.33948,0,0,0
L48364,L,297.3,308.5,1497,47.5,27,-2.62841,-2.02528,-0.102539,1.72464,-2.29716,0,0,0
L48365,L,297.3,308.4,1491,46.5,29,-2.62832,-2.21988,-0.196137,1.47965,-2.24648,0,0,0
L48366,L,297.3,308.4,1417,47.8,31,-2.63806,-2.16124,-1.68821,1.77561,-2.16066,0,0,0
M16047,M,297.4,308.6,1522,38,33,-2.5906,-1.84925,0.332162,-0.490747,-2.11547,0,0,0
L48368,L,297.3,308.4,1339,52.1,36,-2.63427,-2.2131,-2.77889,2.46081,-2.00982,0,0,0
M16049,M,297.2,308.3,1794,27.5,38,-2.78383,-2.27688,2.69564,-2.48146,-1.98404,0,0,0
L48370,L,297.2,308.4,1460,42.1,41,-2.78772,-2.21135,-0.792506,0.49497,-1.91937,0,0,0
M16051,M,297.2,308.3,1776,28,43,-2.81306,-2.27135,2.65075,-2.42918,-1.87399,0,0,0
M16052,M,297.2,308.3,1431,43.7,46,-2.78117,-2.30816,-1.46551,0.877209,-1.77166,0,0,0
L48373,L,297.1,308.2,1347,50.8,49,-2.83216,-2.44872,-2.69745,2.28662,-1.68877,0,0,0
M16054,M,297,308.1,1507,43.1,51,-2.85147,-2.52243,0.0853501,0.752169,-1.60251,0,0,0
M16055,M,297,308,1408,47.9,54,-2.90889,-2.63739,-1.84516,1.80762,-1.57715,0,0,0
M16056,M,297,307.9,1493,34.7,57,-2.81321,-2.6741,-0.183714,-1.27449,-1.46312,0,0,0
M16057,M,296.9,307.9,1441,47.6,60,-2.89767,-2.65244,-1.2309,1.71749,-1.3784,0,0,0
H30612,H,296.9,307.9,1557,36.5,63,-2.88538,-2.68728,0.903886,-0.895501,-1.23252,0,0,0
M16059,M,296.9,307.9,1979,20.4,68,-2.86581,-2.68512,2.9805,-2.95177,-1.13637,0,0,0
M16060,M,296.9,308,1430,55.9,71,-2.90815,-2.59491,-1.40312,2.78854,-1.02278,0,0,0
L48381,L,296.9,308,1658,41,74,-2.88469,-2.59632,1.99,0.214528,-0.952125,0,0,0
M16062,M,297,308.1,1355,51.4,76,-2.83835,-2.5479,-2.58285,2.34449,-0.886705,0,0,0
H30617,H,297,308.1,1410,47.6,79,-2.84092,-2.49515,-1.79697,1.76327,-0.828786,0,0,0
L48384,L,296.9,308,1521,34.5,84,-2.89485,-2.59765,0.363265,-1.33291,-0.654847,0,0,0
L48385,L,296.8,308,1371,54.5,86,-2.91693,-2.60224,-2.42923,2.72567,-0.640324,0,0,0
H30620,H,296.9,308,1318,53.5,88,-2.91273,-2.5802,-2.94912,2.63804,-0.563538,0,0,0
M16067,M,297,308.1,1573,34.9,93,-2.84013,-2.52254,1.13238,-1.24031,-0.42589,0,0,0
L48388,L,297,308.1,1489,44.1,96,-2.84825,-2.50367,-0.23627,1.00056,-0.34273,0,0,0
H30623,H,297,308.1,2540,13.3,98,-2.85036,-2.55887,3.1368,-3.1041,-0.275781,0,0,0
L48390,L,297,308.1,1537,39,103,-2.83208,-2.50011,0.573611,-0.250972,-0.122068,0,0,0
H30625,H,296.9,308,1416,46.9,105,-2.92061,-2.63649,-1.70722,1.61653,-0.110297,0,0,0
L48392,L,296.9,307.9,1359,56.5,110,-2.89531,-2.68587,-2.56498,2.8489,0.069094,0,0,0
M16073,M,296.8,307.8,1551,38.9,112,-2.91771,-2.76386,0.802126,-0.281229,0.139822,0,0,0
M16074,M,296.8,307.8,1694,33,115,-2.89895,-2.81624,2.25401,-1.59662,0.225514,0,0,0
L48395,L,296.8,307.9,1709,28.4,118,-2.95239,-2.6603,2.37026,-2.37079,0.264016,0,0,0
L48396,L,296.9,308,1514,41,120,-2.89435,-2.62717,0.209026,0.204751,0.383671,0,0,0
L48397,L,297,308.1,1455,43.5,122,-2.84599,-2.5558,-0.921182,0.812535,0.409886,0,0,0
M16078,M,297,308.2,1702,30.7,124,-2.81963,-2.43216,2.33131,-2.05651,0.487425,0,0,0
M16079,M,296.9,308.1,1357,41.8,127,-2.8417,-2.55712,-2.554,0.433109,0.509637,0,0,0
L48400,L,297,308.2,1577,29.4,130,-2.87249,-2.44612,1.19179,-2.24668,0.650699,0,0,0
M16081,M,297,308.3,1399,46.4,132,-2.82903,-2.28915,-1.98227,1.49208,0.723646,0,0,0
L48402,L,297,308.3,1399,59,135,-2.86314,-2.23917,-1.99858,2.94714,0.785083,0,0,0
L48403,L,297,308.3,1492,48.1,137,-2.83795,-2.3236,-0.195444,1.82836,0.825914,0,0,0
L48404,L,297.1,308.3,1763,25.7,139,-2.82057,-2.30064,2.59004,-2.66171,0.943967,0,0,0
H30639,H,297.1,308.3,1492,41.5,141,-2.83763,-2.30504,-0.22328,0.329839,0.964986,0,0,0
L48406,L,297.1,308.4,1488,42.5,146,-2.83205,-2.22639,-0.27518,0.588606,1.10772,0,0,0
L48407,L,297.1,308.4,1422,42.1,148,-2.83651,-2.24312,-1.57295,0.505522,1.14936,0,0,0
M16088,M,297.1,308.4,1583,38.2,150,-2.86995,-2.2702,1.24441,-0.487356,1.20286,0,0,0
L48409,L,297.1,308.4,1304,53.5,153,-2.82251,-2.26473,-3.0097,2.64731,1.34055,0,0,0
M16090,M,297.1,308.4,1880,23.5,155,-2.84236,-2.22641,2.87379,-2.84725,1.39595,0,0,0
M16091,M,297.2,308.5,1604,40.7,158,-2.79629,-2.06088,1.4511,0.164508,1.42784,0,0,0
L48412,L,297.2,308.6,1500,37.1,161,-2.77837,-1.82919,-0.0426729,-0.734593,1.55349,0,0,0
M16093,M,297.2,308.5,1364,55.6,163,-2.79683,-2.03509,-2.52044,2.79669,1.59667,0,0,0
H30648,H,297.2,308.5,2440,14,166,-2.77953,-2.05117,3.1009,-3.12461,1.67645,0,0,0
H30649,H,297.1,308.4,1654,31.4,171,-2.84023,-2.24999,1.94815,-1.91326,1.80908,0,0,0
H30650,H,297.1,308.4,1359,46.6,176,-2.82766,-2.22561,-2.58107,1.53652,1.92976,0,0,0
M16097,M,297.1,308.4,1502,37.3,181,-2.86259,-2.23175,-0.0577086,-0.68196,2.07116,0,0,0
M16098,M,297.1,308.4,1615,32.6,184,-2.79306,-2.25682,1.60875,-1.6977,2.16468,0,0,0
H30653,H,297.2,308.5,1482,39.3,187,-2.80834,-2.04005,-0.381564,-0.168999,2.30445,0,0,0
L48420,L,297.2,308.6,1636,31.3,192,-2.78723,-1.84522,1.80788,-1.9072,2.39707,0,0,0
M16101,M,297.1,308.5,1621,32.4,194,-2.82511,-2.00836,1.63039,-1.71081,2.48069,0,0,0
L48422,L,297.1,308.4,1468,44.4,197,-2.80494,-2.24537,-0.670503,1.03311,2.55078,0,0,0
M16103,M,297.1,308.4,1432,53.4,199,-2.81023,-2.24571,-1.40982,2.60845,2.60186,0,0,0
L48424,L,297.1,308.4,1726,28.4,202,-2.80124,-2.25051,2.42983,-2.37329,2.71636,0,0,0
M16105,M,297.1,308.4,1588,33.4,204,-2.83035,-2.25576,1.27941,-1.51615,2.77351,0,0,0
H30660,H,297.2,308.5,1653,33.3,207,-2.76541,-2.05494,1.95662,-1.58467,2.78586,0,0,0
L48427,L,297.2,308.5,1513,42.9,212,-2.80496,-2.04447,0.15702,0.653908,2.94817,0,0,0
L48428,L,297.2,308.6,1489,40.2,214,-2.80189,-1.88448,-0.217482,0.0393073,2.96313,0,0,0
L48429,L,297.3,308.7,1467,36.8,216,-2.62728,-1.68837,-0.663262,-0.834984,2.98352,0,0,0
L48430,L,297.3,308.7,1549,36.1,218,-2.64426,-1.68794,0.788915,-0.986511,3.02005,0,0,0
M16111,M,297.4,308.8,1359,48.7,220,-2.58849,-1.55034,-2.54439,1.95881,3.10236,0,0,0
L48432,L,297.5,308.8,1533,41.5,223,-2.47083,-1.55877,0.538289,0.345251,3.07448,0,0,0
L48433,L,297.5,308.8,1309,57.3,0,-2.47009,-1.57582,-2.99294,2.87505,-3.13329,0,0,0
H30668,H,297.5,308.8,1430,49.4,2,-2.45272,-1.59543,-1.39752,2.10058,-3.03334,0,0,0
H30669,H,297.5,308.9,1419,50.7,7,-2.48028,-1.50321,-1.61478,2.28135,-2.89097,0,0,0
M16116,M,297.5,308.9,1535,37.7,12,-2.47414,-1.46907,0.533891,-0.576514,-2.80722,0,0,0
L48437,L,297.5,308.9,1466,43,15,-2.49678,-1.47975,-0.708295,0.696061,-2.65591,0,0,0
L48438,L,297.5,308.9,1427,50.4,17,-2.4846,-1.46441,-1.54359,2.23112,-2.5912,0,0,0
M16119,M,297.5,308.9,1280,48.5,19,-2.51268,-1.51442,-3.05631,1.90006,-2.56185,0,0,0
L48440,L,297.6,309,1528,33.8,22,-2.29599,-1.35382,0.432891,-1.47257,-2.46285,0,0,0
H30675,H,297.6,309,1885,25.2,24,-2.28573,-1.34012,2.81252,-2.68325,-2.39159,0,0,0
H30676,H,297.8,309.2,1648,33,29,-2.16198,-1.07319,1.87713,-1.56438,-2.26713,0,0,0
L48443,L,297.8,309.2,1400,56.9,34,-2.10129,-1.11314,-2.00269,2.87066,-2.09965,0,0,0
M16124,M,297.8,309.3,2243,15.7,36,-2.1338,-0.896979,3.07207,-3.0892,-2.03378,0,0,0
L48445,L,297.9,309.4,1558,35.7,39,-2.05953,-0.845656,0.885593,-1.05462,-1.95401,0,0,0
L48446,L,298,309.6,1633,34.8,41,-1.98518,-0.642564,1.81083,-1.29841,-1.90204,0,0,0
M16127,M,298.1,309.6,1549,38.7,43,-1.88105,-0.650236,0.760061,-0.328793,-1.82253,0,0,0
L48448,L,298,309.5,1496,45.8,46,-1.93163,-0.688153,-0.102276,1.38346,-1.79313,0,0,0
L48449,L,298.1,309.5,1467,41.8,48,-1.88165,-0.651725,-0.697339,0.424685,-1.72819,0,0,0
M16130,M,298,309.4,1276,65.9,50,-1.98015,-0.834669,-3.06278,3.13311,-1.67139,0,0,0
H30685,H,298,309.4,1490,40.5,53,-2.0056,-0.821011,-0.269174,0.100818,-1.55465,0,0,0
H30686,H,298,309.4,1562,38.1,58,-1.93256,-0.813906,0.926752,-0.472228,-1.45861,0,0,0
L48453,L,298.1,309.4,1397,48.2,63,-1.8776,-0.790444,-2.01293,1.83594,-1.31819,0,0,0
H30688,H,298.1,309.5,1530,40.2,65,-1.84612,-0.68348,0.449822,0.0438426,-1.22803,0,0,0
M16135,M,298.1,309.4,1362,47.6,70,-1.90076,-0.804043,-2.54646,1.72156,-1.1112,0,0,0
M16136,M,298.2,309.4,1693,34.4,73,-1.69229,-0.835524,2.26162,-1.33691,-0.959476,0,0,0
M16137,M,298.2,309.4,1408,46.5,76,-1.70433,-0.831887,-1.87972,1.47713,-0.893135,0,0,0
L48458,L,298.2,309.4,1398,52.9,79,-1.6352,-0.843153,-2.02202,2.55438,-0.796805,0,0,0
M16139,M,298.3,309.6,1531,40.1,81,-1.67617,-0.613098,0.452275,-0.00295202,-0.739993,0,0,0
H30694,H,298.3,309.5,1521,37.1,84,-1.63457,-0.668258,0.306954,-0.704297,-0.650431,0,0,0
H30695,H,298.3,309.5,1427,54.3,89,-1.65802,-0.682998,-1.49348,2.71145,-0.539608,0,0,0
L48462,L,298.3,309.4,1546,36.1,94,-1.69492,-0.807457,0.713372,-0.934069,-0.384789,0,0,0
L48463,L,298.3,309.4,1356,45.4,96,-1.68177,-0.825641,-2.61932,1.24647,-0.333612,0,0,0
L48464,L,298.4,309.5,2153,15.3,98,-1.52712,-0.627621,3.04106,-3.10306,-0.305866,0,1,1
M16145,M,298.5,309.6,1492,41.7,100,-1.39677,-0.608732,-0.207935,0.416379,-0.212991,0,0,0
L48466,L,298.5,309.6,1582,40.3,103,-1.43643,-0.582753,1.23618,0.0883988,-0.108338,0,0,0
L48467,L,298.5,309.6,1419,41.5,105,-1.41214,-0.609999,-1.66401,0.369732,-0.0877756,0,0,0
M16148,M,298.5,309.6,1441,48.2,107,-1.41472,-0.612127,-1.23828,1.83922,-0.00239151,0,0,0
M16149,M,298.6,309.7,1635,32.2,110,-1.30191,-0.4078,1.81362,-1.72607,0.0481892,0,0,0
L48470,L,298.6,309.7,1429,45.8,113,-1.33496,-0.442523,-1.43481,1.37817,0.14108,0,0,0
M16151,M,298.6,309.7,1675,28.4,115,-1.36171,-0.407484,2.14113,-2.37578,0.20594,0,0,0
M16152,M,298.7,309.7,1868,23.8,118,-1.26075,-0.445344,2.82546,-2.79028,0.274938,0,0,0
H30707,H,298.7,309.8,1582,33.4,121,-1.28805,-0.258194,1.21963,-1.53386,0.396975,0,0,0
L48474,L,298.8,309.9,1486,40.3,126,-1.05099,-0.211108,-0.337278,0.0637541,0.559034,0,0,0
L48475,L,298.7,309.8,1402,54.3,128,-1.24276,-0.286169,-1.92587,2.71012,0.594629,0,0,0
L48476,L,298.7,309.9,1621,34.1,130,-1.26055,-0.174319,1.70452,-1.41494,0.658081,0,0,0
L48477,L,298.8,309.9,1428,42.4,132,-1.05873,-0.19423,-1.4617,0.583241,0.672544,0,0,0
M16158,M,298.7,309.8,1343,53.6,134,-1.27832,-0.266015,-2.76406,2.64441,0.745877,0,0,0
M16159,M,298.7,309.9,1458,40.2,137,-1.27197,-0.193484,-0.820916,0.0380997,0.843974,0,0,0
L48480,L,298.7,309.8,1322,57,140,-1.23946,-0.260948,-2.91291,2.84552,0.956041,0,0,0
L48481,L,298.7,309.9,1483,32.8,142,-1.26286,-0.202082,-0.383423,-1.63722,0.958062,0,0,0
L48482,L,298.6,309.8,1505,45.7,144,-1.34463,-0.246828,0.032332,1.37976,1.02581,0,0,0
L48483,L,298.7,309.9,1593,42.5,146,-1.25649,-0.230948,1.38355,0.570364,1.10012,0,0,0
L48484,L,298.8,310,2098,19.6,148,-1.028,-0.0608294,3.05955,-3.057,1.15576,0,0,0
L48485,L,298.8,310,1672,30.4,150,-1.08988,-0.0439601,2.10167,-2.09078,1.23551,0,0,0
L48486,L,298.8,310,1487,41.4,152,-1.05065,-0.0677481,-0.317607,0.295552,1.26658,0,0,0
L48487,L,298.8,310,1423,42.1,154,-1.01703,-0.0620159,-1.5564,0.472754,1.34835,0,0,0
L48488,L,298.9,310.1,1750,25,156,-0.91576,0.032889,2.49416,-2.71841,1.4052,0,0,0
L48489,L,298.9,310.2,1654,31.1,158,-0.931157,0.168695,1.95883,-1.98927,1.44332,0,0,0
L48490,L,298.9,310.2,1498,50.2,160,-0.903663,0.150487,-0.108667,2.2009,1.49105,0,0,0
L48491,L,298.9,310.1,1587,30.2,162,-0.902514,0.0586343,1.235,-2.11857,1.53935,0,0,0
L48492,L,298.9,310.1,1473,42.6,164,-0.925258,0.0662267,-0.5841,0.632548,1.6199,0,0,0
L48493,L,298.9,310.2,1359,56.9,166,-0.905242,0.160886,-2.57626,2.88618,1.66168,0,0,0
M16174,M,299,310.3,1635,34.5,168,-0.824733,0.374448,1.81875,-1.30505,1.7512,0,0,0
L48495,L,299,310.3,1520,45,171,-0.825698,0.372074,0.296499,1.19012,1.76362,0,0,0
L48496,L,299,310.3,1507,36.7,173,-0.814679,0.352883,0.11032,-0.787402,1.91558,0,0,0
L48497,L,299,310.3,1428,46.3,175,-0.78267,0.370449,-1.45389,1.45428,1.94975,0,0,0
M16178,M,299,310.3,1582,33.3,177,-0.814616,0.375368,1.23498,-1.51445,1.98997,0,0,0
L48499,L,299,310.3,1929,24.4,180,-0.74843,0.440854,2.9032,-2.75324,2.0458,0,0,0
M16180,M,299,310.3,1540,38.1,182,-0.797606,0.375196,0.607488,-0.466015,2.15986,0,0,0
L48501,L,298.9,310.2,1362,53,185,-0.90217,0.188537,-2.53733,2.5629,2.23119,0,0,0
H30736,H,298.9,310.1,1452,49.9,187,-0.906561,0.052669,-0.99978,2.16202,2.31033,0,0,0
L48503,L,298.9,310.1,1361,51.7,192,-0.906793,0.0160451,-2.52173,2.39997,2.36685,0,0,0
M16184,M,298.8,310.1,1243,74.5,194,-1.06426,0.0578741,-3.1126,3.14159,2.49041,0,1,1
H30739,H,298.8,310.1,1567,36.8,197,-1.0581,0.00745313,1.00845,-0.802538,2.58892,0,0,0
L48506,L,298.9,310.2,1411,46.5,202,-0.926308,0.173926,-1.78513,1.46332,2.67839,0,0,0
L48507,L,298.8,310.2,1814,26.8,204,-1.0896,0.1904,2.71057,-2.60573,2.76575,0,0,0
M16188,M,298.8,310.1,1719,28.8,206,-1.10631,0.0601257,2.38944,-2.31508,2.83202,0,0,0
H30743,H,298.8,310.2,1663,30.4,209,-1.09672,0.205563,2.06043,-2.06553,2.91289,0,0,0
L48510,L,298.9,310.2,1696,30.2,214,-0.917742,0.21361,2.28054,-2.13249,2.97738,0,0,0
H30745,H,298.9,310.2,1771,26.8,216,-0.915196,0.195231,2.60555,-2.53741,3.00281,0,0,0
L48512,L,299,310.3,1868,24,221,-0.791015,0.353035,2.82837,-2.75801,3.08106,0,0,0
M16193,M,299,310.3,1558,35.4,223,-0.780312,0.371049,0.884934,-1.12772,3.05298,0,0,0
L48514,L,299,310.4,1365,49.1,226,-0.816029,0.551564,-2.50811,2.05256,3.0694,0,1,1
L48515,L,299,310.4,1371,53.8,228,-0.783704,0.510326,-2.41548,2.61591,3.10919,0,1,1
L48516,L,298.9,310.3,1583,32.6,230,-0.905901,0.361852,1.25178,-1.64449,3.10232,0,0,0
H30751,H,298.7,310.2,1613,36,0,-1.18877,0.207221,1.58222,-0.95299,-3.14115,0,0,0
L48518,L,298.6,310.1,1721,27.2,5,-1.38376,-0.0552589,2.39342,-2.52653,-2.87626,0,0,0
M16199,M,298.6,310.2,1668,31.5,7,-1.3609,0.236713,2.09737,-1.89234,-2.9008,0,0,0
L48520,L,298.6,310.2,1569,36.3,10,-1.32779,0.20332,1.0755,-0.893479,-2.84271,0,0,0
M16201,M,298.6,310.2,1328,50.5,12,-1.36313,0.205926,-2.85047,2.22623,-2.7502,0,0,0
M16202,M,298.6,310.1,1596,33,15,-1.36204,-0.0255503,1.39674,-1.60569,-2.64627,0,0,0
L48523,L,298.5,310.2,1676,32.7,18,-1.43228,0.177096,2.13957,-1.70477,-2.57763,0,0,0
L48524,L,298.5,310.1,1809,28.9,20,-1.41862,-0.0336628,2.71841,-2.31744,-2.51834,0,0,0
L48525,L,298.5,310,1804,26.1,22,-1.42145,-0.0554048,2.74747,-2.66654,-2.46216,0,0,0
L48526,L,298.6,310.1,1533,33.9,24,-1.35319,0.021996,0.511596,-1.47789,-2.37518,0,0,0
L48527,L,298.7,310.2,1717,27.3,26,-1.22118,0.19539,2.35784,-2.52004,-2.35799,0,0,0
L48528,L,298.7,310.2,1363,45.5,28,-1.18192,0.201345,-2.53973,1.31297,-2.2808,0,0,0
L48529,L,298.7,310.2,1402,45.9,30,-1.1911,0.197693,-1.93375,1.3787,-2.21574,0,0,0
L48530,L,298.7,310.2,1436,47.5,32,-1.19343,0.185697,-1.33174,1.76502,-2.18964,0,0,0
L48531,L,298.7,310.2,1525,43.7,34,-1.17458,0.175987,0.413602,0.830991,-2.07126,0,0,0
M16212,M,298.7,310.2,1598,33.3,36,-1.19325,0.146185,1.42169,-1.51237,-2.04544,0,0,0
M16213,M,298.6,310.1,1444,48.1,39,-1.37373,-0.0056902,-1.12606,1.80967,-1.96358,0,0,0
L48534,L,298.6,310,1334,48,42,-1.35575,-0.0263284,-2.81906,1.85234,-1.89305,0,0,0
M16215,M,298.6,310,1681,35.5,44,-1.36651,-0.0387657,2.18041,-1.13859,-1.8273,0,0,0
L48536,L,298.6,309.9,1593,37.4,47,-1.33841,-0.17083,1.35496,-0.65783,-1.73847,0,0,0
L48537,L,298.6,309.9,1461,45.7,49,-1.36344,-0.171351,-0.806816,1.31599,-1.6681,0,0,0
M16218,M,298.7,310.1,1693,31.9,51,-1.22382,0.00618624,2.25051,-1.82292,-1.60698,0,0,0
L48539,L,298.7,310.2,1404,50.3,54,-1.15631,0.194366,-1.92939,2.23788,-1.53099,0,0,0
H30774,H,298.8,310.2,1707,27.6,56,-1.1198,0.155586,2.33874,-2.43956,-1.47992,0,0,0
M16221,M,298.6,310.1,1458,41.9,61,-1.36072,-0.00800237,-0.869419,0.442937,-1.31231,0,0,0
L48542,L,298.6,310,1517,41.2,64,-1.37413,-0.0701484,0.23515,0.251725,-1.25099,0,0,0
L48543,L,298.7,310.1,1433,54.6,66,-1.18638,-0.0222098,-1.40762,2.74898,-1.19731,0,0,0
L48544,L,298.7,310.2,1566,33.1,68,-1.20205,0.161217,1.00933,-1.57149,-1.15125,0,0,0
L48545,L,298.7,310.1,1676,33.5,70,-1.23314,0.00654531,2.14757,-1.52625,-1.05384,0,0,0
M16226,M,298.7,310.1,1368,56.8,72,-1.19974,-0.00867798,-2.45192,2.86142,-1.00758,0,0,0
M16227,M,298.8,310.2,1581,37.5,75,-1.10494,0.140955,1.19438,-0.613951,-0.941862,0,0,0
H30782,H,298.8,310.3,1708,27.1,78,-1.10925,0.375069,2.37548,-2.54697,-0.824509,0,0,0
M16229,M,298.7,310.3,1481,41.5,83,-1.22923,0.375952,-0.390395,0.315948,-0.699878,0,0,0
L48550,L,298.7,310.3,1451,40,86,-1.2361,0.356423,-0.999178,-0.0481974,-0.635815,0,0,0
M16231,M,298.7,310.3,1495,38.7,88,-1.21823,0.379523,-0.157369,-0.366564,-0.510618,0,0,0
M16232,M,298.8,310.3,1573,41.8,91,-1.09515,0.37117,1.10019,0.410974,-0.465554,0,0,0
M16233,M,298.8,310.3,1366,59,94,-1.13524,0.396362,-2.47324,2.96929,-0.411512,0,0,0
L48554,L,298.8,310.3,1553,36.8,97,-1.13356,0.349742,0.821903,-0.80483,-0.306407,0,0,0
M16235,M,298.8,310.3,1528,37.1,99,-1.12449,0.370388,0.464956,-0.71802,-0.277328,0,0,0
M16236,M,298.8,310.2,1527,31.2,102,-1.11461,0.210073,0.400269,-1.934,-0.165749,0,0,0
L48557,L,298.8,310.2,1461,46.7,105,-1.102,0.185654,-0.818067,1.554,-0.0528207,0,0,0
H30792,H,298.8,310.2,1455,44.9,107,-1.09218,0.198134,-0.90826,1.15171,-0.0420733,0,0,0
L48559,L,298.7,310.1,1620,34.8,112,-1.21671,-0.0297009,1.6491,-1.29037,0.108427,0,0,0
L48560,L,298.7,310.1,1786,27.7,114,-1.24951,-0.0278156,2.65878,-2.47593,0.180299,0,0,0
M16241,M,298.8,310.2,1583,35.7,116,-1.11816,0.164254,1.2654,-1.08573,0.248572,0,0,0
L48562,L,298.8,310.1,1653,30.3,119,-1.13813,-0.012782,1.95303,-2.10495,0.319934,0,0,0
M16243,M,298.9,310.2,1331,49,121,-0.899786,0.20873,-2.84168,1.99498,0.366477,0,0,0
L48564,L,298.9,310.3,1484,43.8,124,-0.85215,0.363741,-0.339362,0.920799,0.445657,0,0,0
M16245,M,298.9,310.2,1603,36.1,126,-0.904335,0.17974,1.46412,-0.989774,0.510904,0,0,0
L48566,L,298.9,310.2,1445,40,129,-0.89372,0.181117,-1.18082,-0.00918406,0.639135,0,0,0
L48567,L,298.9,310.1,1823,26.1,131,-0.924664,0.0037747,2.71187,-2.60469,0.643839,0,0,0
H30802,H,298.9,310.1,1491,45.3,133,-0.937181,0.0569368,-0.181258,1.22424,0.709441,0,0,0
L48569,L,298.9,310.2,1533,42.8,138,-0.916758,0.180752,0.552469,0.64398,0.826722,0,0,0
L48570,L,298.9,310.2,1409,54.8,140,-0.931367,0.184314,-1.82547,2.7661,0.894038,0,0,0
L48571,L,298.9,310.2,2737,8.8,142,-0.927534,0.179966,3.14159,-3.12878,0.985442,0,1,1
M16252,M,299,310.3,1494,46.6,144,-0.815762,0.297874,-0.148172,1.58978,1.02855,0,0,0
L48573,L,299.1,310.4,1594,33.3,147,-0.685986,0.511326,1.35816,-1.57242,1.11783,0,0,0
L48574,L,299.1,310.4,1527,44,149,-0.734367,0.525021,0.418995,0.937774,1.19578,0,0,0
L48575,L,299.1,310.4,1452,39.7,151,-0.715061,0.536274,-0.935237,-0.0883509,1.24997,0,0,0
L48576,L,299,310.3,1483,39.2,153,-0.796733,0.286835,-0.376084,-0.226479,1.33283,0,0,0
L48577,L,299.1,310.2,1569,38.2,155,-0.683877,0.19512,1.04692,-0.486387,1.36027,0,0,0
L48578,L,299.1,310.3,1472,46.6,157,-0.709145,0.295555,-0.596351,1.53316,1.44262,0,0,0
L48579,L,299,310.2,1533,43.5,159,-0.825183,0.187113,0.538338,0.813736,1.48425,0,0,0
H30814,H,298.9,310.1,1366,62.7,161,-0.934815,0.0917318,-2.51775,3.04465,1.53278,0,0,0
H30815,H,298.9,310.2,1532,37.7,166,-0.930878,0.168445,0.475277,-0.57832,1.67705,0,0,0
M16262,M,298.9,310.1,1313,56.8,171,-0.952908,0.0827715,-2.93783,2.86398,1.77907,0,0,0
L48583,L,299,310.2,1372,48,174,-0.831635,0.176704,-2.37022,1.8164,1.91059,0,0,0
M16264,M,298.9,310.1,1555,40.6,176,-0.880507,0.137372,0.878596,0.0891763,1.9935,0,0,0
L48585,L,298.9,310.1,1394,42.7,179,-0.921586,0.0974164,-2.06095,0.65113,2.05226,0,0,0
L48586,L,298.9,310.1,1442,48,181,-0.897247,0.116013,-1.20936,1.81093,2.10831,0,0,0
L48587,L,298.9,310,1564,33.8,183,-0.91217,-0.0920141,0.9884,-1.43512,2.15182,0,0,0
L48588,L,298.9,310,1452,48.9,185,-0.874515,-0.0415273,-0.98851,1.98099,2.18385,0,0,0
L48589,L,298.9,310.1,1466,42.5,187,-0.941717,0.0896107,-0.730369,0.578599,2.25512,0,0,0
M16270,M,298.9,310.1,1469,53.2,189,-0.90253,0.0725537,-0.649424,2.59512,2.32937,0,0,0
L48591,L,298.9,310.1,1944,23.4,192,-0.908659,0.103796,2.92038,-2.82661,2.40505,0,0,0
M16272,M,298.8,309.9,1415,53.2,194,-1.09914,-0.152635,-1.7518,2.59961,2.45612,0,0,0
M16273,M,298.7,309.8,1528,36.7,197,-1.20062,-0.271444,0.416767,-0.830274,2.56859,0,0,0
M16274,M,298.7,309.8,1570,42.1,200,-1.22471,-0.28756,1.08648,0.457875,2.66114,0,0,0
L48595,L,298.7,309.9,1617,33,203,-1.22485,-0.218043,1.62939,-1.6242,2.67811,0,0,0
M16276,M,298.7,309.9,2083,18.2,205,-1.23758,-0.184479,3.05732,-3.05908,2.81092,0,0,0
L48597,L,298.7,309.9,1541,38.5,208,-1.19781,-0.157206,0.650954,-0.377915,2.85891,0,0,0
L48598,L,298.8,309.9,1320,47.4,210,-1.10215,-0.156522,-2.90595,1.70391,2.86537,0,0,0
L48599,L,298.7,309.8,1354,53.3,212,-1.25428,-0.247824,-2.65169,2.58469,2.94695,0,1,1
M16280,M,298.8,309.9,1495,35.2,214,-1.1221,-0.158255,-0.137466,-1.19871,2.96823,0,0,0
L48601,L,298.7,309.8,1589,31.8,217,-1.21281,-0.239822,1.33066,-1.85648,3.01622,0,0,0
L48602,L,298.7,309.8,1530,35.5,0,-1.20574,-0.231861,0.487284,-1.13401,-3.10149,0,0,0
L48603,L,298.7,309.8,1539,33.4,2,-1.24003,-0.237984,0.571102,-1.49934,-3.01155,0,0,0
L48604,L,298.7,309.7,1462,46.8,4,-1.20898,-0.489903,-0.792788,1.58467,-3.02662,0,0,0
L48605,L,298.6,309.7,1356,54,6,-1.29308,-0.450349,-2.57642,2.66559,-2.91844,0,0,0
M16286,M,298.7,309.7,1622,34.6,8,-1.22605,-0.448813,1.67843,-1.29156,-2.88657,0,0,0
L48607,L,298.7,309.8,1394,40.3,11,-1.19631,-0.293349,-2.04753,0.055392,-2.77215,0,0,0
L48608,L,298.8,309.9,1568,33.7,13,-1.12461,-0.154327,1.0697,-1.47273,-2.71056,0,0,0
M16289,M,298.9,310,1456,43.8,15,-0.920393,-0.0803977,-0.92956,0.899817,-2.65738,0,0,0
L48610,L,298.9,310,1378,49.3,18,-0.931949,-0.0889937,-2.34616,2.08002,-2.57137,0,0,0
M16291,M,298.9,309.9,1404,41.4,20,-0.878562,-0.187878,-1.92909,0.336991,-2.55349,0,0,0
L48612,L,298.8,309.8,1437,42.8,23,-1.12559,-0.279389,-1.29187,0.674454,-2.43544,0,0,0
L48613,L,298.8,309.8,1363,44,25,-1.09266,-0.248627,-2.54419,0.957079,-2.39811,0,0,0
M16294,M,298.8,309.8,1377,49.6,27,-1.12713,-0.285147,-2.34466,2.12668,-2.33178,0,0,0
H30849,H,298.8,309.9,1526,42.1,30,-1.14095,-0.223876,0.397433,0.509372,-2.23916,0,0,0
H30850,H,298.8,309.8,1510,44.2,35,-1.15206,-0.284909,0.0899457,1.00204,-2.04085,0,0,0
H30851,H,298.8,309.9,1439,45.2,40,-1.127,-0.254983,-1.27239,1.21292,-1.94675,0,1,1
L48618,L,298.8,309.9,1482,39.1,45,-1.12312,-0.215318,-0.378524,-0.257372,-1.82203,0,0,0
M16299,M,298.8,309.8,1534,37,47,-1.10773,-0.329856,0.520427,-0.75282,-1.76801,0,0,0
M16300,M,298.8,309.9,1741,27.7,50,-1.14497,-0.235661,2.45921,-2.48174,-1.67791,0,0,0
L48621,L,298.8,309.9,1550,38.8,53,-1.12315,-0.268453,0.798579,-0.310949,-1.57482,0,0,0
M16302,M,298.8,310,1486,38.5,55,-1.13138,-0.0995572,-0.34943,-0.360197,-1.49727,0,0,0
L48623,L,298.9,310.1,1602,38.2,58,-0.917877,0.090381,1.44338,-0.448429,-1.43432,0,0,0
L48624,L,299,310.2,1477,37.9,60,-0.849145,0.214452,-0.534387,-0.522857,-1.37814,0,0,0
L48625,L,299,310.1,1618,29.2,62,-0.824231,0.113518,1.64753,-2.26735,-1.31484,0,0,0
M16306,M,299,310.2,1628,35.8,64,-0.840245,0.162375,1.70682,-1.04959,-1.24848,0,0,0
M16307,M,299,310.3,1662,33.6,67,-0.868465,0.29771,2.03068,-1.48317,-1.19784,0,0,0
M16308,M,299,310.3,1657,31,70,-0.814046,0.271338,1.99882,-1.94085,-1.11843,0,0,0
H30863,H,299,310.4,1677,30.8,73,-0.830067,0.542644,2.13998,-2.01894,-1.00657,0,0,0
M16310,M,299,310.3,1447,39.9,78,-0.863297,0.315956,-1.0785,-0.07171,-0.855949,0,0,0
L48631,L,298.9,310.4,1831,25.4,81,-0.924971,0.536819,2.76242,-2.68207,-0.768601,0,0,0
L48632,L,299,310.3,1584,34.4,83,-0.862303,0.259013,1.2603,-1.31634,-0.746913,0,0,0
L48633,L,299.1,310.4,1450,40.9,85,-0.718351,0.543421,-1.00576,0.217233,-0.628699,0,0,0
L48634,L,299.1,310.4,1428,46.9,87,-0.701343,0.548138,-1.46756,1.58774,-0.572422,0,0,0
L48635,L,299,310.4,1382,53,89,-0.825049,0.559812,-2.27247,2.58087,-0.562015,0,0,0
L48636,L,299,310.3,1501,43,91,-0.830208,0.256264,-0.0654071,0.715251,-0.494912,0,0,0
L48637,L,299,310.3,1475,42.4,93,-0.835174,0.274442,-0.496617,0.554765,-0.431945,0,0,0
L48638,L,298.9,310.3,1364,54,95,-0.907102,0.31137,-2.48346,2.66345,-0.398683,0,0,0
L48639,L,299,310.3,1472,36.1,97,-0.836691,0.328813,-0.5711,-0.970612,-0.298242,0,0,0
L48640,L,299,310.3,1437,47.8,99,-0.836948,0.313726,-1.31575,1.76895,-0.230546,0,0,0
L48641,L,298.9,310.2,1491,45.1,101,-0.918986,0.188669,-0.181388,1.19922,-0.192362,0,0,0
L48642,L,298.9,310.2,1706,27.6,103,-0.973276,0.130611,2.32604,-2.50441,-0.169749,0,0,0
L48643,L,298.8,310.1,1607,39.5,105,-1.06826,0.101853,1.53014,-0.142545,-0.0823317,0,0,0
L48644,L,298.8,310,1412,46.3,107,-1.08122,-0.0737184,-1.7958,1.49471,-0.0420096,0,0,0
L48645,L,298.7,309.8,1546,40.9,109,-1.2003,-0.233838,0.708012,0.242024,0.0311253,0,0,0
L48646,L,298.7,309.8,1365,50.5,111,-1.19164,-0.279638,-2.49107,2.2197,0.0859562,0,0,0
L48647,L,298.6,309.8,1544,30.2,113,-1.28442,-0.310539,0.67363,-2.10341,0.125809,0,0,0
M16328,M,298.6,309.8,1419,44.9,115,-1.30958,-0.301015,-1.64435,1.15237,0.214901,0,0,0
L48649,L,298.6,309.8,1497,41.6,118,-1.29778,-0.242595,-0.120759,0.325174,0.30347,0,0,0
L48650,L,298.5,309.7,1437,42.6,120,-1.4593,-0.449102,-1.3292,0.624888,0.350856,0,0,0
L48651,L,298.5,309.6,1421,53.6,122,-1.46081,-0.642621,-1.60468,2.6134,0.444417,0,0,0
M16332,M,298.5,309.6,1438,44.5,124,-1.4687,-0.635201,-1.27211,1.06754,0.465123,0,0,0
M16333,M,298.5,309.5,1315,48.9,127,-1.48233,-0.654468,-2.94031,1.98569,0.535607,0,0,0
M16334,M,298.5,309.5,1366,61.9,130,-1.46633,-0.653739,-2.49855,3.05621,0.63332,0,0,0
M16335,M,298.4,309.5,1519,35.4,133,-1.57843,-0.669494,0.304332,-1.11541,0.742611,0,0,0
L48656,L,298.4,309.5,1692,28.3,136,-1.52526,-0.676773,2.21493,-2.3704,0.829978,0,0,0
L48657,L,298.3,309.4,1570,35.6,138,-1.57213,-0.782581,1.08484,-1.0898,0.864466,0,0,0
L48658,L,298.3,309.4,1568,35.8,140,-1.58414,-0.795173,1.03124,-1.04803,0.943046,0,0,0
L48659,L,298.2,309.3,1355,43.8,142,-1.72538,-0.989617,-2.61177,0.858983,1.02301,0,0,0
M16340,M,298.2,309.3,2056,18.7,144,-1.7043,-0.930492,3.01596,-3.06253,1.02789,0,0,0
M16341,M,298.2,309.2,1332,60.2,147,-1.71715,-1.17819,-2.82974,3.00873,1.12587,0,0,0
M16342,M,298.1,309.1,1448,52.5,150,-1.87887,-1.33124,-1.05832,2.48209,1.20714,0,0,0
L48663,L,298,308.9,1578,35.6,153,-1.93285,-1.51064,1.18083,-1.06658,1.33445,0,0,0
M16344,M,298,309,1562,39.2,155,-1.96284,-1.40746,0.970554,-0.203205,1.3361,0,0,0
M16345,M,298.1,309,1976,19.3,158,-1.8725,-1.42507,2.95989,-3.00645,1.42416,0,0,0
M16346,M,298.2,309.2,1524,34.6,161,-1.68804,-1.14309,0.341864,-1.28317,1.52029,0,0,0
L48667,L,298.2,309.1,1429,48.5,164,-1.68916,-1.17273,-1.45735,1.92668,1.5947,0,0,0
L48668,L,298.2,309.1,1568,36.3,166,-1.70839,-1.17889,1.05154,-0.899859,1.641,0,0,0
M16349,M,298.2,309,1723,26.6,168,-1.70334,-1.45371,2.41969,-2.56825,1.72769,0,0,0
L48670,L,298.2,309,1341,43.8,171,-1.72391,-1.37581,-2.75554,0.904731,1.79101,0,0,0
M16351,M,298.1,308.9,1353,46.2,173,-1.82982,-1.54997,-2.61283,1.43624,1.8717,0,0,0
M16352,M,298,308.7,1479,58.5,176,-1.96959,-1.66081,-0.457557,2.92199,1.96055,0,1,1
L48673,L,298,308.8,1496,44.9,179,-1.9845,-1.60615,-0.106234,1.12039,2.05567,0,0,0
M16354,M,298,308.7,1377,48.5,181,-1.96873,-1.71019,-2.33219,1.92576,2.08742,0,0,0
H30909,H,297.9,308.5,1383,44.6,184,-2.04858,-1.96344,-2.23639,1.08916,2.16631,0,0,0
L48676,L,298,308.7,1268,69.4,189,-1.97511,-1.70331,-3.08155,3.14129,2.33377,0,1,1
L48677,L,298,308.7,1629,34.3,191,-1.92951,-1.69698,1.73151,-1.37246,2.41324,0,0,0
L48678,L,298,308.8,1790,27.2,193,-1.99403,-1.57326,2.66519,-2.52003,2.49545,0,0,0
M16359,M,298.1,308.8,2206,16.3,195,-1.83365,-1.56348,3.06588,-3.07908,2.49403,0,0,0
M16360,M,298,308.7,2101,17.4,198,-1.97989,-1.68538,3.03865,-3.05448,2.61481,0,0,0
M16361,M,298,308.7,1436,48.2,201,-1.95985,-1.68438,-1.35102,1.89839,2.70751,0,0,0
L48682,L,298,308.7,1462,48.2,204,-1.97855,-1.69675,-0.778724,1.85206,2.78332,0,0,0
L48683,L,298,308.7,1771,26.2,206,-1.94239,-1.70439,2.60279,-2.64184,2.82058,0,0,0
L48684,L,298,308.7,1506,47,208,-1.91136,-1.71112,0.0658479,1.60742,2.873,0,0,0
L48685,L,298,308.7,1626,36.7,210,-1.91668,-1.69364,1.70368,-0.86135,2.89237,0,0,0
L48686,L,298,308.8,1610,33.7,212,-1.93451,-1.5373,1.5712,-1.50591,2.94943,0,0,0
M16367,M,298,308.6,1376,55.7,214,-1.91519,-1.79644,-2.34171,2.81983,2.96457,0,0,0
M16368,M,298,308.6,1507,37.3,217,-1.93831,-1.78742,0.0583724,-0.659849,3.01335,0,0,0
L48689,L,298,308.5,1429,37.7,220,-1.93771,-1.9998,-1.45553,-0.550741,3.06131,0,1,1
M16370,M,298.1,308.7,1547,38.9,0,-1.88693,-1.67026,0.727245,-0.266386,-3.04981,0,0,0
L48691,L,298.1,308.7,1642,30.3,3,-1.87146,-1.68627,1.85642,-2.11156,-2.98193,0,0,0
H30926,H,298,308.7,1503,36.3,5,-1.91676,-1.71607,0.0120074,-0.921831,-2.9213,0,0,0
L48693,L,298.1,308.7,1568,32.9,10,-1.86993,-1.68563,1.05663,-1.61926,-2.81591,0,0,0
M16374,M,298.1,308.8,1628,37.6,12,-1.87685,-1.57184,1.74149,-0.629033,-2.74613,0,0,0
M16375,M,298.2,308.9,1614,35.5,15,-1.71224,-1.55006,1.6037,-1.13218,-2.6549,0,0,0
L48696,L,298.2,308.9,1278,54,18,-1.72529,-1.53141,-3.08407,2.67093,-2.55542,0,0,0
M16377,M,298.2,308.9,1408,38.8,20,-1.73857,-1.53001,-1.86031,-0.315475,-2.50565,0,0,0
H30932,H,298.2,309,1371,55.7,23,-1.69299,-1.41345,-2.38951,2.80779,-2.43202,0,0,0
M16379,M,298.2,308.9,1512,38.5,28,-1.71685,-1.5011,0.189839,-0.35712,-2.29,0,0,0
L48700,L,298.3,309.1,1472,40.1,31,-1.61123,-1.22265,-0.575875,-0.0123065,-2.24747,0,0,0
M16381,M,298.2,308.9,1585,34.3,33,-1.71685,-1.51752,1.26469,-1.40879,-2.12268,0,0,0
H30936,H,298.2,309,1562,37.7,36,-1.7407,-1.38881,0.957659,-0.600843,-2.03813,0,0,0
L48703,L,298.3,309,1519,36.9,41,-1.63285,-1.41485,0.282833,-0.786387,-1.89484,0,0,0
L48704,L,298.2,309,1601,35.8,43,-1.73059,-1.39968,1.44721,-1.07322,-1.8808,0,0,0
L48705,L,298.2,309,2449,13.8,45,-1.67476,-1.39509,3.0933,-3.08728,-1.78727,0,0,0
L48706,L,298.1,309,1787,27.6,47,-1.89317,-1.41189,2.64429,-2.44413,-1.72727,0,0,0
H30941,H,298.1,309.1,1425,44.5,49,-1.92282,-1.16948,-1.51066,1.05629,-1.69652,0,0,0
L48708,L,298.1,309,1559,34,54,-1.90468,-1.40876,0.924395,-1.41398,-1.54521,0,0,0
L48709,L,298.1,309,1557,36,56,-1.9021,-1.39318,0.884365,-0.94034,-1.51079,0,0,0
L48710,L,298.1,309,1497,40.5,58,-1.8718,-1.39364,-0.120695,0.126919,-1.43057,0,0,0
H30945,H,298.1,309,1438,41.4,60,-1.90259,-1.39988,-1.24486,0.299133,-1.34995,0,0,0
M16392,M,298.1,308.9,1417,39.2,65,-1.87247,-1.52919,-1.65697,-0.185032,-1.21623,0,0,0
M16393,M,298,308.9,1339,51.4,68,-1.93172,-1.48883,-2.74261,2.36179,-1.12573,0,0,0
L48714,L,298,308.8,1757,29.1,71,-1.93768,-1.58131,2.52704,-2.25417,-1.05118,0,0,0
L48715,L,298,308.8,1581,36.1,73,-1.94562,-1.54662,1.20615,-0.968991,-0.977871,0,0,0
M16396,M,298.2,308.9,1326,54.4,75,-1.69483,-1.52481,-2.86364,2.70444,-0.902116,0,0,0
M16397,M,298.4,309.1,1467,39.6,78,-1.54561,-1.21232,-0.710076,-0.126312,-0.8655,0,0,0
L48718,L,298.4,309.1,1798,29.6,81,-1.50532,-1.2015,2.68526,-2.16288,-0.748534,0,0,0
M16399,M,298.5,309.2,1449,46.4,83,-1.42817,-1.16562,-1.0636,1.48196,-0.722658,0,0,0
M16400,M,298.4,309.1,1525,39.3,86,-1.54181,-1.21466,0.348058,-0.165145,-0.646964,0,0,0
L48721,L,298.4,309,2304,15.1,89,-1.53978,-1.38256,3.07165,-3.08622,-0.517336,0,0,0
L48722,L,298.3,308.9,1379,54.7,91,-1.61784,-1.54243,-2.3001,2.6942,-0.467984,0,0,0
L48723,L,298.4,308.9,1628,34.9,93,-1.52548,-1.53537,1.71357,-1.22162,-0.389133,0,0,0
L48724,L,298.4,309,1474,52.7,95,-1.54993,-1.3985,-0.592115,2.53893,-0.369949,0,0,0
M16405,M,298.4,309,1544,38.8,97,-1.48254,-1.38933,0.680084,-0.332912,-0.28577,0,0,0
L48726,L,298.4,308.9,1391,48.4,100,-1.55543,-1.50665,-2.11433,1.8933,-0.246108,0,0,0
L48727,L,298.3,308.9,1348,55.5,102,-1.59261,-1.48496,-2.70424,2.79945,-0.144486,0,0,0
M16408,M,298.3,308.8,1349,52.1,104,-1.62496,-1.57337,-2.70762,2.45361,-0.119356,0,0,0
L48729,L,298.4,308.9,1706,29.5,107,-1.53192,-1.53361,2.30197,-2.24694,-0.0421061,0,0,0
L48730,L,298.4,308.9,1638,32.4,109,-1.51119,-1.52234,1.81129,-1.70441,0.0355083,0,0,0
L48731,L,298.4,308.8,1458,40.1,111,-1.53706,-1.58867,-0.836616,0.00788167,0.0780413,0,0,0
L48732,L,298.5,308.9,1781,27.8,113,-1.43208,-1.51952,2.65479,-2.46475,0.166031,0,0,0
L48733,L,298.5,308.8,1332,59.1,115,-1.44413,-1.60288,-2.81018,2.98644,0.1863,0,0,0
M16414,M,298.4,308.7,1584,31.7,117,-1.48433,-1.66585,1.23063,-1.84681,0.292098,0,0,0
L48735,L,298.4,308.6,1491,42,120,-1.5292,-1.9474,-0.18597,0.486826,0.371295,0,0,0
H30970,H,298.4,308.5,1398,47.1,122,-1.41986,-1.95634,-2.0514,1.63408,0.383092,0,0,0
L48737,L,298.3,308.4,1585,30.6,127,-1.6127,-2.23965,1.23657,-2.07452,0.545657,0,0,0
M16418,M,298.2,308.3,1476,43.5,129,-1.68987,-2.36884,-0.487408,0.829034,0.611476,0,0,0
L48739,L,298.2,308.3,1458,41.8,132,-1.67033,-2.33916,-0.853922,0.435013,0.731083,0,0,0
M16420,M,298.2,308.4,1510,39.9,134,-1.67592,-2.24503,0.113252,-0.0395195,0.760038,0,0,0
L48741,L,298.2,308.4,1388,53.8,137,-1.67857,-2.28105,-2.18613,2.6075,0.866437,0,0,0
L48742,L,298.2,308.3,2216,16.8,139,-1.66987,-2.33454,3.07998,-3.02479,0.92373,0,0,0
L48743,L,298.2,308.3,1402,51,141,-1.71038,-2.32324,-1.97524,2.27638,0.963783,0,0,0
M16424,M,298,308.2,2090,19,143,-1.89968,-2.43282,3.04411,-3.03805,1.00894,0,0,0
L48745,L,298,308.2,1459,42.1,146,-2.0045,-2.46681,-0.873869,0.520374,1.10285,0,0,0
M16426,M,298,308.1,1403,44.8,148,-1.91406,-2.49761,-1.90274,1.13938,1.18129,0,0,0
L48747,L,298.1,308.2,1521,39.3,151,-1.85411,-2.41935,0.309182,-0.176212,1.24322,0,0,0
L48748,L,298.2,308.2,1407,47.1,153,-1.71107,-2.42975,-1.82749,1.66014,1.28048,0,0,0
M16429,M,298.1,308.2,1654,35.3,155,-1.86684,-2.42791,1.95409,-1.18612,1.36249,0,0,0
L48750,L,298.2,308.4,1452,43.5,158,-1.66478,-2.22603,-1.02672,0.807093,1.47619,0,0,0
L48751,L,298.3,308.4,1528,37.3,160,-1.56713,-2.22544,0.427074,-0.673596,1.50444,0,0,0
L48752,L,298.2,308.3,1230,59.6,162,-1.68664,-2.3643,-3.12296,2.97589,1.58437,0,0,0
L48753,L,298.2,308.2,1466,42.4,164,-1.6655,-2.45811,-0.662479,0.543476,1.61085,0,0,0
L48754,L,298.2,308.2,1478,50.1,166,-1.65762,-2.41708,-0.522403,2.19675,1.70662,0,0,0
L48755,L,298.2,308.3,2057,18,168,-1.64989,-2.35686,3.01846,-3.05466,1.70108,0,0,0
L48756,L,298.3,308.4,1490,41.7,170,-1.57264,-2.24627,-0.215816,0.399818,1.76388,0,0,0
L48757,L,298.3,308.4,1484,43.4,172,-1.59971,-2.24147,-0.355267,0.835712,1.8433,0,0,0
L48758,L,298.3,308.4,1593,37,174,-1.57996,-2.2755,1.29715,-0.740301,1.89318,0,0,0
L48759,L,298.3,308.3,1444,43.8,176,-1.60472,-2.33146,-1.15551,0.930557,1.96237,0,0,0
M16440,M,298.3,308.4,1444,47.5,178,-1.61139,-2.2465,-1.12213,1.71168,2.01815,0,0,0
M16441,M,298.2,308.3,1560,33,181,-1.65352,-2.27904,0.913043,-1.59095,2.12457,0,0,0
H30996,H,298.1,308.3,1530,42,184,-1.87297,-2.29045,0.449646,0.476978,2.19019,0,0,0
L48763,L,298.2,308.4,1310,61,189,-1.66213,-2.25647,-2.95434,3.00567,2.32265,0,1,1
M16444,M,298.2,308.3,1639,33.3,191,-1.6839,-2.3035,1.83766,-1.56725,2.36971,0,0,0
L48765,L,298.2,308.3,1400,48.7,194,-1.71619,-2.27974,-1.99324,1.9564,2.46563,0,0,0
M16446,M,298.3,308.4,1486,44.2,196,-1.60705,-2.26778,-0.310042,1.03484,2.56409,0,0,0
M16447,M,298.2,308.3,1448,43.3,199,-1.65793,-2.29008,-1.09617,0.819068,2.63287,0,0,0
L48768,L,298.2,308.3,1688,32,202,-1.65549,-2.28701,2.22049,-1.8069,2.72375,0,0,0
M16449,M,298.1,308.3,1453,41.5,204,-1.85661,-2.32437,-0.93134,0.364122,2.79406,0,0,0
L48770,L,298.2,308.4,1497,37.7,207,-1.66852,-2.23049,-0.0820958,-0.563616,2.81178,0,0,0
L48771,L,298.2,308.4,1355,49.4,209,-1.65877,-2.25223,-2.63317,2.0856,2.86361,0,0,0
L48772,L,298.1,308.4,1592,38.2,211,-1.86339,-2.21693,1.33773,-0.445388,2.93508,0,0,0
L48773,L,298,308.3,1544,34.7,213,-1.94361,-2.33088,0.691386,-1.26961,2.96976,0,0,0
M16454,M,298,308.2,1373,51.2,215,-1.95757,-2.44051,-2.3789,2.36416,3.02754,0,0,0
L48775,L,298,308.2,1365,52.9,218,-1.95469,-2.41421,-2.49287,2.55775,3.01953,0,1,1
L48776,L,298,308.1,1877,24.3,0,-1.94352,-2.46865,2.84114,-2.7411,-3.08259,0,0,0
L48777,L,297.9,308.1,1531,40.8,2,-2.09315,-2.50099,0.502621,0.180454,-3.06275,0,0,0
L48778,L,297.9,308,1501,36.7,4,-2.06784,-2.62681,-0.00684447,-0.822316,-2.99244,0,0,0
L48779,L,297.9,308,1490,46.2,6,-2.07985,-2.60476,-0.243237,1.43023,-2.93763,0,0,0
M16460,M,297.8,307.8,1543,43.7,8,-2.17323,-2.75022,0.641558,0.866641,-2.89652,0,0,0
L48781,L,297.8,307.8,1597,38.2,11,-2.18377,-2.74411,1.36211,-0.426579,-2.82148,0,0,0
H31016,H,297.8,307.9,1600,33.5,13,-2.15423,-2.67517,1.39181,-1.5276,-2.68946,0,0,0
M16463,M,297.8,307.8,1622,32.1,18,-2.15072,-2.78812,1.68114,-1.79228,-2.56389,0,0,0
L48784,L,297.8,307.8,1452,39.8,21,-2.138,-2.78616,-0.966374,-0.0570647,-2.45506,0,0,0
L48785,L,297.8,307.8,1396,42.5,23,-2.20522,-2.77339,-2.04451,0.565183,-2.42145,0,0,0
L48786,L,297.8,307.7,1505,39.7,25,-2.20547,-2.88296,-0.0134822,-0.109433,-2.36452,0,0,0
L48787,L,297.8,307.8,1412,48.3,27,-2.16738,-2.76078,-1.77035,1.9027,-2.30737,0,0,0
L48788,L,297.8,307.7,1393,38,29,-2.1928,-2.84756,-2.05584,-0.510072,-2.27115,0,0,0
L48789,L,297.7,307.7,1581,34.9,31,-2.25571,-2.83741,1.21354,-1.21256,-2.1902,0,0,0
L48790,L,297.8,307.8,1573,37.9,33,-2.17151,-2.72331,1.14793,-0.563107,-2.11655,0,0,0
M16471,M,297.8,307.9,1726,27.3,35,-2.18464,-2.72101,2.41649,-2.51559,-2.08357,0,0,0
M16472,M,297.9,307.9,1540,39.8,38,-2.10868,-2.70836,0.621765,-0.099897,-2.00017,0,0,0
L48793,L,297.9,308,1296,62.9,41,-2.01742,-2.56388,-3.02815,3.11448,-1.91521,0,0,0
M16474,M,297.8,307.9,1802,25.8,43,-2.18728,-2.72854,2.68559,-2.63683,-1.83302,0,0,0
L48795,L,297.8,307.9,1447,48.6,46,-2.19794,-2.71963,-1.07804,1.93578,-1.75713,0,0,0
H31030,H,297.8,307.8,1662,30.7,48,-2.20341,-2.7566,2.02692,-2.05492,-1.70869,0,0,0
L48797,L,297.8,307.8,1563,34.3,53,-2.18936,-2.76087,0.955369,-1.37245,-1.55725,0,0,0
L48798,L,297.9,307.8,1286,59.5,55,-2.05772,-2.74761,-3.07085,3.00957,-1.48501,0,0,0
L48799,L,297.9,307.7,1590,34.6,57,-2.05716,-2.82683,1.33556,-1.31289,-1.46077,0,0,0
L48800,L,297.9,307.7,1492,43.7,59,-2.00688,-2.82543,-0.179887,0.864103,-1.37349,0,0,0
L48801,L,297.7,307.6,1844,21.9,61,-2.17568,-2.89488,2.81024,-2.88629,-1.32428,0,0,0
H31036,H,297.7,307.6,1538,38.3,63,-2.18835,-2.90123,0.594891,-0.426598,-1.23342,0,0,0
L48803,L,297.7,307.6,1921,22.9,68,-2.21242,-2.90418,2.93947,-2.86803,-1.14275,0,0,0
M16484,M,297.8,307.8,1310,57.9,70,-2.20522,-2.74444,-2.96791,2.92868,-1.07726,0,0,0
L48805,L,297.9,307.8,1365,46.9,73,-2.06783,-2.7512,-2.50402,1.58248,-0.966805,0,0,0
M16486,M,297.9,307.8,1303,59.3,75,-2.0426,-2.74332,-3.01798,2.98408,-0.958179,0,0,0
L48807,L,297.9,307.8,1499,37.5,78,-2.05141,-2.74585,-0.0765176,-0.653561,-0.874639,0,0,0
L48808,L,297.9,307.8,1451,38.2,80,-2.02597,-2.75443,-1.00594,-0.436134,-0.77707,0,0,0
M16489,M,297.9,307.9,1336,54.4,82,-2.04588,-2.74913,-2.81557,2.76632,-0.722526,0,0,0
L48810,L,297.9,307.9,1412,44.5,85,-2.07254,-2.69655,-1.75375,1.04037,-0.635196,0,0,0
L48811,L,298,308,1433,39.2,87,-1.95566,-2.56038,-1.37182,-0.219261,-0.600834,0,0,0
L48812,L,297.9,307.9,1426,43.6,89,-2.12462,-2.69586,-1.54739,0.85072,-0.515627,0,0,0
L48813,L,297.9,307.9,1476,45.2,91,-2.08507,-2.6904,-0.508392,1.23953,-0.487427,0,0,0
H31048,H,297.9,307.9,1406,58.5,93,-2.08619,-2.6768,-1.88044,2.91748,-0.420809,0,0,0
L48815,L,297.8,307.8,1383,56.5,98,-2.18225,-2.76195,-2.23341,2.86248,-0.245479,0,0,0
L48816,L,297.9,307.8,1505,37.3,100,-2.08747,-2.73722,-0.00740541,-0.688314,-0.233399,0,0,0
L48817,L,297.9,307.8,1665,33.9,102,-2.06667,-2.75226,2.0518,-1.4498,-0.171095,0,0,0
L48818,L,297.9,307.8,1397,45,104,-2.068,-2.74109,-2.01132,1.21124,-0.07876,0,0,0
M16499,M,297.9,307.8,1450,43.5,106,-2.10724,-2.76249,-1.03083,0.814702,-0.0236867,0,0,0
L48820,L,298,307.8,1567,36.4,109,-1.93887,-2.78406,1.02605,-0.866502,0.0130079,0,0,0
M16501,M,298,308,1555,37,111,-1.95865,-2.56543,0.859326,-0.715869,0.0927426,0,0,0
H31056,H,298,307.8,1588,35.4,114,-1.93762,-2.76354,1.28469,-1.12655,0.129027,0,0,0
L48823,L,298,307.8,1453,37.7,119,-1.94353,-2.73511,-0.947097,-0.572025,0.364104,0,0,0
L48824,L,298,307.8,1622,33.3,121,-1.95154,-2.73556,1.71983,-1.52845,0.405853,0,0,0
L48825,L,297.9,307.8,1538,38.5,123,-2.06002,-2.75016,0.589198,-0.364804,0.458272,0,0,0
M16506,M,297.9,307.7,1527,42.8,125,-2.09972,-2.85998,0.429366,0.649456,0.499599,0,0,0
L48827,L,297.8,307.8,1761,28.9,128,-2.20779,-2.74779,2.58782,-2.26974,0.588505,0,0,0
L48828,L,297.9,307.8,1373,50.2,130,-2.06688,-2.75203,-2.38342,2.21814,0.612654,0,0,0
H31063,H,298,307.9,1482,37.8,132,-1.95807,-2.69314,-0.384466,-0.542313,0.713476,0,0,0
M16510,M,298,307.9,1417,51,137,-1.94887,-2.65146,-1.69666,2.31851,0.856305,0,0,0
L48831,L,298,307.8,1414,51.7,140,-1.96864,-2.75694,-1.76779,2.4345,0.929909,0,0,0
H31066,H,297.9,307.8,1635,34,142,-2.05601,-2.76665,1.78767,-1.42458,1.02047,0,0,0
L48833,L,298,307.8,1386,57.3,147,-1.95944,-2.73152,-2.17553,2.87212,1.12906,0,0,0
L48834,L,298.2,308.1,1379,62.3,149,-1.65191,-2.46921,-2.32645,3.03669,1.19416,0,0,0
M16515,M,298.2,308,1577,35.9,151,-1.68946,-2.60682,1.18054,-1.03587,1.19655,0,0,0
L48836,L,298.2,308.1,1532,42.5,154,-1.67284,-2.49311,0.516255,0.59995,1.32501,0,0,0
M16517,M,298.1,308,1374,48.8,156,-1.8849,-2.58678,-2.40068,1.9691,1.40966,0,0,0
H31072,H,298.1,308,1570,35.3,159,-1.86735,-2.51605,1.07229,-1.18375,1.4975,0,0,0
L48839,L,298.1,308,1697,31,164,-1.85936,-2.64667,2.25262,-1.96675,1.62974,0,0,0
L48840,L,298.2,308,1499,44.1,166,-1.6926,-2.63149,-0.0788076,0.957705,1.64817,0,0,0
M16521,M,298.2,308,1411,47.2,168,-1.66794,-2.63277,-1.80219,1.604,1.76508,0,0,0
H31076,H,298.2,307.9,1462,45.5,171,-1.73579,-2.64527,-0.791998,1.30035,1.77135,0,0,0
M16523,M,298.1,307.9,1759,28.6,176,-1.87686,-2.6532,2.58234,-2.36204,1.95927,0,0,0
L48844,L,298.2,308,1535,38,179,-1.72358,-2.57383,0.515337,-0.483931,2.0452,0,0,0
H31079,H,298.2,307.9,1491,39.7,181,-1.72826,-2.64787,-0.222301,-0.0943199,2.10071,0,0,0
L48846,L,298.2,307.9,1551,36,186,-1.7976,-2.66388,0.770644,-1.00087,2.22456,0,0,0
L48847,L,298.2,307.9,1769,27.2,188,-1.80196,-2.64384,2.60716,-2.50755,2.32185,0,0,0
L48848,L,298.2,307.9,1551,34.1,190,-1.84012,-2.64343,0.801133,-1.4082,2.33738,0,0,0
L48849,L,298.2,307.9,1544,31.4,192,-1.78351,-2.63163,0.709977,-1.89933,2.41408,0,0,0
L48850,L,298.2,307.8,1528,31.1,194,-1.76386,-2.72496,0.456143,-1.95281,2.46399,0,0,0
L48851,L,298.1,307.9,1614,35.8,196,-1.87505,-2.64863,1.58248,-1.02471,2.52122,0,0,0
L48852,L,298.1,307.8,1432,49.8,198,-1.89293,-2.77501,-1.40289,2.13077,2.5507,0,0,0
M16533,M,298.1,307.8,1384,43.7,200,-1.86185,-2.76181,-2.22943,0.885732,2.66282,0,0,0
L48854,L,298.1,307.8,1540,37.8,203,-1.88975,-2.7448,0.608163,-0.524521,2.77541,0,0,0
L48855,L,298,307.7,1407,43.9,205,-1.98564,-2.85982,-1.87632,0.932106,2.77806,0,0,0
H31090,H,297.9,307.6,1418,43,207,-2.07145,-2.85723,-1.64025,0.697181,2.86609,0,0,0
M16537,M,297.9,307.5,1647,30.8,212,-2.04737,-2.87955,1.94444,-2.01519,2.92884,0,0,0
L48858,L,298,307.5,1644,32.8,215,-1.98993,-2.93009,1.88872,-1.63243,3.00033,0,0,0
L48859,L,298,307.5,1792,27.9,217,-2.00065,-2.94751,2.69077,-2.41612,3.01758,0,0,0
M16540,M,297.9,307.4,1610,34.6,219,-2.04053,-2.98614,1.55145,-1.33044,3.06476,0,0,0
M16541,M,297.8,307.3,1804,26,222,-2.20004,-3.01783,2.64693,-2.62158,3.10274,0,0,0
H31096,H,297.9,307.4,1604,36.1,225,-2.09193,-2.96461,1.48149,-0.963694,3.06137,0,1,1
M16543,M,297.9,307.4,1403,52.8,0,-2.02643,-2.97858,-1.91478,2.5304,-3.10749,0,0,0
L48864,L,297.8,307.3,1438,44.5,3,-2.16458,-3.04076,-1.24413,1.0334,-3.02386,0,0,0
L48865,L,297.9,307.3,1824,26.3,5,-2.07448,-2.99813,2.7101,-2.62458,-2.93137,0,0,0
H31100,H,297.9,307.3,1663,28.7,7,-2.04111,-2.98189,2.06874,-2.31392,-2.90566,0,0,0
L48867,L,297.9,307.3,1502,36.7,12,-2.07159,-3.04127,-0.0229291,-0.810473,-2.77174,0,0,0
L48868,L,297.9,307.4,1606,35.5,14,-2.0966,-3.0004,1.51414,-1.09613,-2.71283,0,0,0
L48869,L,297.9,307.5,1561,37.7,16,-2.06019,-2.92837,0.926301,-0.571473,-2.66653,0,0,0
M16550,M,297.9,307.4,1435,42.9,18,-2.06724,-2.96645,-1.3248,0.694938,-2.57635,0,0,0
L48871,L,297.9,307.5,1602,38.3,21,-2.05169,-2.95644,1.43395,-0.433818,-2.47611,0,0,0
M16552,M,298.1,307.6,1764,27.7,23,-1.85545,-2.87522,2.60065,-2.44972,-2.4711,0,0,0
H31107,H,298,307.5,1683,27.8,26,-1.98495,-3.00003,2.17753,-2.46685,-2.33585,0,0,0
L48874,L,298,307.5,1618,35.2,31,-1.97403,-3.00336,1.6429,-1.16201,-2.22803,0,0,0
L48875,L,298,307.6,1509,41.6,33,-1.9674,-2.86497,0.103354,0.377924,-2.12868,0,0,0
L48876,L,297.9,307.6,1550,39,35,-2.09349,-2.87394,0.78242,-0.262695,-2.07771,0,0,0
M16557,M,297.9,307.6,1519,44,37,-2.10871,-2.88428,0.264577,0.940469,-2.02527,0,0,0
L48878,L,297.9,307.6,1481,38,40,-2.10898,-2.87056,-0.421254,-0.494439,-1.93183,0,0,0
L48879,L,298.1,307.7,1289,48.3,42,-1.84533,-2.84316,-3.05461,1.9013,-1.88872,0,0,0
M16560,M,298,307.6,1844,23.8,44,-1.9716,-2.8811,2.7746,-2.82722,-1.86826,0,0,0
L48881,L,298,307.7,1479,42.5,47,-1.96527,-2.84297,-0.466066,0.587174,-1.7548,0,0,0
L48882,L,298,307.7,1430,47.3,49,-1.96315,-2.88069,-1.44334,1.67796,-1.71721,0,0,0
M16563,M,298.1,307.8,1636,36.7,51,-1.87079,-2.81442,1.76856,-0.796178,-1.61235,0,0,0
M16564,M,298.1,307.8,1503,44.7,54,-1.87041,-2.80547,-0.00561342,1.09378,-1.54996,0,0,0
M16565,M,298.1,307.8,1608,32.6,57,-1.882,-2.77022,1.5598,-1.69156,-1.474,0,0,0
L48886,L,298.2,307.8,1521,42.9,60,-1.77142,-2.80284,0.30753,0.664089,-1.31868,0,0,0
L48887,L,298.2,307.8,1439,41.6,62,-1.77673,-2.84449,-1.28723,0.345722,-1.3041,0,0,0
L48888,L,298.2,307.8,1627,31.5,64,-1.75329,-2.81288,1.68756,-1.87339,-1.25085,0,0,0
L48889,L,298.2,307.8,1749,26.1,66,-1.78029,-2.82597,2.53737,-2.62647,-1.22398,0,0,0
L48890,L,298.2,307.8,1530,35.9,68,-1.77783,-2.82142,0.490937,-1.00464,-1.14682,0,0,0
L48891,L,298.2,307.8,1355,51.3,70,-1.77493,-2.77262,-2.65639,2.36011,-1.0496,0,0,0
L48892,L,298.3,307.9,1551,33.8,72,-1.62703,-2.64122,0.77246,-1.45176,-1.06367,0,0,0
L48893,L,298.2,307.8,1515,46.7,74,-1.81005,-2.80804,0.212261,1.57663,-0.938874,0,0,0
L48894,L,298.2,307.8,1388,48.6,76,-1.75288,-2.78457,-2.16049,1.91644,-0.92069,0,0,0
L48895,L,298.2,307.8,1585,34.6,78,-1.71246,-2.75451,1.27444,-1.27325,-0.826039,0,0,0
L48896,L,298.1,307.7,1523,37.7,80,-1.88057,-2.81827,0.331025,-0.568006,-0.741158,0,0,0
L48897,L,298.2,307.6,1369,54.5,82,-1.81417,-2.87528,-2.47131,2.69621,-0.744756,0,0,0
M16578,M,298.2,307.7,1681,31,84,-1.77968,-2.85761,2.15046,-1.96958,-0.689623,0,0,0
L48899,L,298.2,307.7,1503,38.3,87,-1.77976,-2.88767,0.0126175,-0.442957,-0.572231,0,0,0
L48900,L,298.2,307.7,1459,44.5,89,-1.77966,-2.86574,-0.807049,1.06811,-0.588029,0,0,0
L48901,L,298.2,307.7,1688,32.4,91,-1.76104,-2.91633,2.22169,-1.73418,-0.517357,0,0,0
M16582,M,298.2,307.7,1952,21.6,93,-1.71781,-2.84951,2.98928,-2.94131,-0.388534,0,0,0
L48903,L,298.2,307.8,2029,19.9,96,-1.74229,-2.75246,3.00202,-2.97501,-0.332845,0,0,0
M16584,M,298.3,307.8,1457,52.5,98,-1.58111,-2.78186,-0.900748,2.48739,-0.298898,0,0,0
M16585,M,298.3,307.8,1392,50.4,101,-1.61524,-2.78138,-2.06663,2.25477,-0.2076,0,0,0
L48906,L,298.3,307.8,1906,22.1,104,-1.58284,-2.76476,2.91949,-2.89302,-0.121603,0,0,0
M16587,M,298.3,307.7,1602,33.4,106,-1.59393,-2.82971,1.50789,-1.53702,-0.103876,0,0,0
L48908,L,298.3,307.7,1465,49.4,109,-1.5713,-2.85437,-0.732021,2.09589,0.0293456,0,0,0
M16589,M,298.3,307.7,1439,43.8,111,-1.61442,-2.89253,-1.25534,0.872035,0.109801,0,0,0
M16590,M,298.3,307.8,1330,55.4,114,-1.61654,-2.7788,-2.87395,2.77659,0.165517,0,0,0
M16591,M,298.3,307.9,1485,42,117,-1.59188,-2.64574,-0.348867,0.444374,0.31896,0,0,0
H31146,H,298.4,307.9,1700,28.2,120,-1.49972,-2.68669,2.30714,-2.36576,0.378031,0,0,0
L48913,L,298.4,308,1515,42.8,125,-1.49406,-2.59183,0.195649,0.658683,0.493398,0,0,0
M16594,M,298.5,308.1,1501,39.2,127,-1.37375,-2.50621,-0.0273516,-0.225247,0.543554,0,0,0
L48915,L,298.4,308,1380,47.6,130,-1.54056,-2.59168,-2.26928,1.71705,0.663178,0,0,0
L48916,L,298.4,307.9,1544,35.9,132,-1.50092,-2.69801,0.65237,-1.03586,0.673306,0,0,0
L48917,L,298.4,307.9,1743,27.3,134,-1.4772,-2.69648,2.49736,-2.52622,0.754638,0,0,0
H31152,H,298.4,307.9,1948,21.4,136,-1.50321,-2.72012,2.88873,-2.92751,0.807256,0,0,0
H31153,H,298.5,307.9,1260,54.2,141,-1.38704,-2.65875,-3.08471,2.64526,0.952119,0,0,0
M16600,M,298.5,307.9,1640,33.1,146,-1.35221,-2.69083,1.84016,-1.57395,1.09525,0,0,0
M16601,M,298.5,308,1363,49.2,149,-1.39762,-2.62584,-2.55253,2.05038,1.14093,0,0,0
L48922,L,298.5,308,1379,49.6,152,-1.37946,-2.66322,-2.28827,2.06718,1.27776,0,0,0
M16603,M,298.5,308,1713,25.8,154,-1.37842,-2.58908,2.39839,-2.65161,1.33837,0,0,0
M16604,M,298.5,308,1461,51.9,157,-1.39358,-2.59354,-0.80113,2.45337,1.43258,0,0,0
L48925,L,298.5,308,1624,29.8,160,-1.37221,-2.59127,1.70917,-2.19068,1.50257,0,0,0
L48926,L,298.4,308,1526,41.1,162,-1.53714,-2.63564,0.391478,0.260915,1.54478,0,0,0
L48927,L,298.4,307.9,2381,14.2,164,-1.44727,-2.67929,3.13575,-3.09337,1.5472,0,0,0
H31162,H,298.4,307.7,1626,31.1,166,-1.51782,-2.82457,1.66346,-1.93263,1.65028,0,0,0
L48929,L,298.3,307.7,1576,33.8,171,-1.61365,-2.86276,1.11354,-1.45338,1.80395,0,0,0
M16610,M,298.4,307.8,1617,31.6,173,-1.52821,-2.75646,1.69035,-1.85696,1.86689,0,0,0
L48931,L,298.3,307.6,1942,20.6,176,-1.60598,-2.90874,2.94358,-2.93931,1.96326,0,0,0
L48932,L,298.2,307.6,1492,37.2,178,-1.75115,-2.8982,-0.157198,-0.732553,2.03651,0,0,0
L48933,L,298.2,307.5,1470,51.3,180,-1.75753,-2.92606,-0.646535,2.34131,2.06279,0,0,0
M16614,M,298,307.4,1463,46.5,182,-1.92475,-3.00406,-0.789447,1.52136,2.15722,0,0,0
L48935,L,298,307.3,1424,46.5,185,-1.93736,-3.0359,-1.57627,1.56471,2.22865,0,0,0
M16616,M,298.1,307.4,1363,60.1,187,-1.85586,-2.95471,-2.47339,3.0176,2.24807,0,0,0
M16617,M,298.1,307.4,1335,56.2,190,-1.85565,-2.98735,-2.80455,2.80957,2.33474,0,0,0
L48938,L,298.1,307.4,1608,33.9,193,-1.87505,-2.96747,1.52665,-1.46699,2.40386,0,0,0
H31173,H,298,307.4,1606,35.2,195,-1.9346,-2.96062,1.51364,-1.16795,2.43089,0,0,0
L48940,L,298.1,307.5,1684,33.1,200,-1.84444,-2.97029,2.17998,-1.61332,2.62916,0,0,0
L48941,L,298.1,307.6,1950,20.3,202,-1.84724,-2.83883,2.96107,-2.98761,2.69278,0,0,0
H31176,H,298.2,307.6,1460,48.6,204,-1.78415,-2.90771,-0.822282,1.93752,2.79538,0,0,0
L48943,L,298.2,307.6,1511,31,209,-1.76447,-2.87513,0.168855,-1.96891,2.85878,0,1,1
H31178,H,298.2,307.6,1318,55.7,0,-1.7986,-2.90911,-2.92029,2.80854,-3.07209,0,0,0
L48945,L,298.2,307.6,1368,51.8,5,-1.79957,-2.91194,-2.43546,2.44027,-2.95186,0,0,0
M16626,M,298.3,307.7,1717,27.1,7,-1.60787,-2.8462,2.39356,-2.5268,-2.95004,0,0,0
M16627,M,298.3,307.7,1520,41.4,10,-1.58428,-2.85647,0.293575,0.304345,-2.84161,0,0,0
M16628,M,298.3,307.8,1485,42,13,-1.61224,-2.76912,-0.314627,0.442678,-2.68969,0,0,0
L48949,L,298.4,307.9,1981,23.2,16,-1.51843,-2.65269,2.9608,-2.83542,-2.60678,0,0,0
H31184,H,298.4,307.9,1605,31,18,-1.51746,-2.70535,1.47447,-1.9633,-2.60527,0,0,0
L48951,L,298.4,307.9,1446,45.3,23,-1.58202,-2.67052,-1.12852,1.25221,-2.44183,0,0,0
L48952,L,298.4,308,1508,47.9,25,-1.57981,-2.6154,0.126822,1.79554,-2.3549,0,0,0
L48953,L,298.5,308,1384,59.5,27,-1.38349,-2.64337,-2.21165,2.9813,-2.31004,0,0,0
M16634,M,298.5,308,1519,37.3,29,-1.43533,-2.66254,0.218897,-0.684734,-2.26889,0,0,0
L48955,L,298.5,308,1404,48.1,32,-1.37769,-2.59895,-1.90997,1.85211,-2.1541,0,0,0
L48956,L,298.5,308.1,1564,31.1,34,-1.36217,-2.5321,0.992274,-1.94689,-2.11829,0,0,0
H31191,H,298.6,308.2,1555,36.8,36,-1.32557,-2.44786,0.823259,-0.775014,-2.06181,0,0,0
L48958,L,298.6,308.2,1325,54,41,-1.34653,-2.43406,-2.87257,2.66064,-1.89957,0,0,0
M16639,M,298.6,308.2,1488,44,43,-1.33232,-2.40108,-0.2465,0.962375,-1.85612,0,0,0
L48960,L,298.5,308.2,1595,32.3,46,-1.38096,-2.43695,1.43332,-1.74213,-1.75421,0,0,0
L48961,L,298.5,308.1,1662,28.6,48,-1.35674,-2.53905,2.00188,-2.34877,-1.72239,0,0,0
L48962,L,298.4,308,1571,37.4,50,-1.52555,-2.61383,1.11627,-0.634916,-1.64773,0,0,0
H31197,H,298.3,308,1553,41,52,-1.63969,-2.63608,0.837323,0.242553,-1.60535,0,0,0
L48964,L,298.3,308,2886,3.8,57,-1.63673,-2.60542,3.13027,-3.14159,-1.45332,0,1,1
L48965,L,298.2,308,1538,38.2,59,-1.76591,-2.58918,0.585047,-0.443109,-1.40448,0,0,0
L48966,L,298.4,308.2,1618,33,61,-1.51015,-2.38852,1.59231,-1.57606,-1.3196,0,0,0
L48967,L,298.4,308.2,1364,45.9,63,-1.48049,-2.4383,-2.51857,1.36143,-1.30353,0,0,0
L48968,L,298.3,308,1442,47.3,65,-1.64432,-2.63025,-1.17667,1.70089,-1.28677,0,0,0
L48969,L,298.2,307.9,1313,67.3,67,-1.77743,-2.66896,-2.94033,3.11842,-1.14353,0,1,1
L48970,L,298.2,307.9,1847,23.6,69,-1.7308,-2.65643,2.82842,-2.81018,-1.10138,0,0,0
L48971,L,298.1,307.8,1524,40.8,71,-1.88247,-2.76872,0.334776,0.211738,-1.00847,0,0,0
M16652,M,298.1,307.7,1445,48,73,-1.83853,-2.89827,-1.14663,1.82376,-0.975151,0,0,0
L48973,L,298.1,307.8,1761,28.2,76,-1.82693,-2.74634,2.5179,-2.36926,-0.920545,0,0,0
M16654,M,298.1,307.8,1514,43.5,78,-1.85925,-2.73644,0.186753,0.818763,-0.887478,0,0,0
M16655,M,298.1,307.7,1498,38.3,81,-1.84564,-2.85469,-0.0574795,-0.422665,-0.765395,0,0,0
H31210,H,298.1,307.6,1542,37.1,84,-1.8137,-2.90083,0.67806,-0.72117,-0.674618,0,0,0
M16657,M,298,307.6,1508,41.8,89,-1.94824,-2.8694,0.0797861,0.414786,-0.526867,0,0,0
M16658,M,298,307.5,1431,52.9,92,-1.95591,-2.94841,-1.41844,2.54182,-0.458409,0,0,0
M16659,M,298,307.5,1427,45.1,95,-1.94685,-2.91909,-1.50578,1.19184,-0.370483,0,0,0
M16660,M,298,307.5,1524,36.3,98,-1.9284,-2.95725,0.368176,-0.923873,-0.262634,0,0,0
M16661,M,298,307.5,1427,43.6,101,-1.93321,-2.94375,-1.53894,0.834906,-0.255022,0,0,0
H31216,H,298.1,307.6,1496,44.1,104,-1.82888,-2.85507,-0.109883,0.989797,-0.0846375,0,0,0
L48983,L,298.1,307.7,1388,40.3,109,-1.84502,-2.87337,-2.20369,0.0401149,0.0326139,0,0,0
L48984,L,298.1,307.7,1495,48.1,111,-1.8253,-2.83717,-0.166617,1.84574,0.0826299,0,0,0
H31219,H,298.1,307.7,1376,56.2,113,-1.85849,-2.9041,-2.36765,2.80482,0.136768,0,0,0
H31220,H,298,307.6,1593,32.2,118,-1.94326,-2.88338,1.3555,-1.75108,0.263937,0,0,0
L48987,L,298,307.6,1654,28.9,123,-1.92207,-2.91381,1.96831,-2.30089,0.417517,0,0,0
L48988,L,298.1,307.7,2567,12.8,125,-1.87429,-2.85574,3.11096,-3.1105,0.51903,0,1,1
L48989,L,298.1,307.7,1767,27,127,-1.84195,-2.87167,2.61507,-2.53364,0.549141,0,0,0
L48990,L,298.1,307.6,1364,53.8,129,-1.83786,-2.87568,-2.51323,2.64248,0.594987,0,0,0
M16671,M,298.1,307.8,1569,31.2,131,-1.84294,-2.78223,1.03938,-1.90673,0.651211,0,0,0
L48992,L,298.2,307.8,1476,36.8,134,-1.73876,-2.84501,-0.50853,-0.809658,0.825428,0,0,0
L48993,L,298.1,307.7,1479,45,136,-1.85835,-2.86198,-0.422544,1.20553,0.763328,0,0,0
L48994,L,298.1,307.7,1650,34.1,138,-1.83237,-2.81647,1.90623,-1.39407,0.855085,0,0,0
M16675,M,298.1,307.6,1565,36.3,140,-1.90381,-2.90503,0.987708,-0.933304,0.97604,0,0,0
L48996,L,298.1,307.6,1460,46.5,143,-1.82578,-2.90474,-0.801346,1.51129,1.04602,0,0,0
L48997,L,298.1,307.7,1664,27.6,145,-1.84403,-2.82197,2.04363,-2.46624,1.0606,0,0,0
M16678,M,298.1,307.7,1435,40.9,147,-1.84142,-2.79502,-1.3433,0.186804,1.10692,0,0,0
M16679,M,298.1,307.6,2066,19.2,150,-1.82865,-2.87691,3.0512,-3.04846,1.21754,0,0,0
L49000,L,298.1,307.5,1493,43.7,153,-1.84914,-2.95779,-0.179854,0.837793,1.29321,0,0,0
L49001,L,298.1,307.6,1354,43.3,155,-1.84465,-2.91259,-2.62475,0.817754,1.35549,0,0,0
L49002,L,298.1,307.6,1488,39.4,157,-1.8389,-2.88809,-0.287163,-0.193819,1.41877,0,0,0
L49003,L,298.1,307.7,1414,48.7,159,-1.82551,-2.81151,-1.75281,1.97988,1.47438,0,0,0
L49004,L,298.1,307.5,1391,57.4,161,-1.86561,-2.95677,-2.14393,2.86519,1.54277,0,0,0
M16685,M,298,307.5,1784,27.8,163,-1.97481,-2.94828,2.61038,-2.44436,1.58988,0,0,0
H31240,H,297.8,307.3,1516,40.1,166,-2.16282,-3.05567,0.22945,-0.00160218,1.66526,0,0,0
M16687,M,297.9,307.3,1420,47.8,171,-2.07252,-2.98396,-1.64053,1.79933,1.78722,0,0,0
L49008,L,297.8,307.2,1351,56.3,174,-2.16477,-3.01733,-2.61401,2.85579,1.89644,0,0,0
L49009,L,297.8,307.2,1880,23,176,-2.1451,-3.04896,2.86851,-2.86541,1.93348,0,0,0
L49010,L,297.8,307.3,1859,24,178,-2.15191,-3.00583,2.83709,-2.80656,2.02211,0,0,0
M16691,M,297.8,307.3,1315,54,180,-2.18451,-3.01324,-2.97075,2.68367,2.07621,0,0,0
M16692,M,297.8,307.4,1330,51.7,183,-2.19542,-2.9942,-2.85913,2.43326,2.16437,0,0,0
L49013,L,297.8,307.3,1327,61,186,-2.18316,-3.01069,-2.86434,3.033,2.27214,0,1,1
L49014,L,297.8,307.2,1498,38.1,188,-2.17064,-3.01124,-0.113331,-0.481315,2.29959,0,0,0
H31249,H,297.8,307.3,1555,35.8,190,-2.17564,-3.00475,0.835783,-1.05924,2.39121,0,0,0
L49016,L,297.7,307.2,1518,35.8,195,-2.27335,-3.0516,0.280692,-1.02883,2.4905,0,0,0
L49017,L,297.7,307.2,1392,43,197,-2.24109,-3.04228,-2.10618,0.733768,2.56939,0,0,0
M16698,M,297.8,307.2,1456,39.6,199,-2.17717,-3.03181,-0.936526,-0.121153,2.62238,0,0,0
L49019,L,297.7,307.1,1715,30.2,0,-2.22471,-3.01703,2.38393,-2.10282,-3.11608,0,0,0
M16700,M,297.7,307.2,1405,43.7,2,-2.22236,-3.01562,-1.8674,0.894417,-3.01996,0,0,0
L49021,L,297.7,307.2,1668,37.8,5,-2.21761,-3.04431,2.08701,-0.539555,-2.96873,0,0,0
H31256,H,297.7,307.1,1855,22.5,7,-2.26966,-3.0454,2.80763,-2.86603,-2.90428,0,0,0
L49023,L,297.6,307.1,1496,39.2,12,-2.33367,-3.04219,-0.0981655,-0.211924,-2.76528,0,0,0
M16704,M,297.6,307.1,1471,44.9,14,-2.34378,-3.0397,-0.563972,1.14311,-2.66753,0,0,0
L49025,L,297.7,307.2,1444,40,17,-2.22998,-3.05458,-1.17475,-0.0367893,-2.62851,0,0,0
H31260,H,297.7,307.3,1514,38.6,19,-2.24494,-3.00074,0.197649,-0.333954,-2.52941,0,0,0
L49027,L,297.8,307.3,1412,50.7,24,-2.19176,-2.98889,-1.75064,2.2544,-2.37314,0,0,0
H31262,H,297.7,307.2,1429,44.1,26,-2.23957,-3.04158,-1.42403,0.926509,-2.36041,0,0,0
L49029,L,297.7,307.2,1668,32.7,31,-2.23545,-3.05016,2.05761,-1.62486,-2.1895,0,0,0
M16710,M,297.7,307.2,1372,52.8,33,-2.27476,-3.05757,-2.38292,2.56898,-2.16826,0,0,0
M16711,M,297.7,307.3,1365,49.2,36,-2.24559,-3.0213,-2.52767,2.02894,-2.09005,0,0,0
M16712,M,297.6,307.1,1526,39.1,39,-2.33503,-3.02499,0.410495,-0.226422,-1.94338,0,0,0
L49033,L,297.6,307.2,1486,40.6,42,-2.33268,-3.01366,-0.336614,0.115167,-1.85545,0,0,0
M16714,M,297.6,307.2,1470,42.6,44,-2.34119,-3.05117,-0.606953,0.644768,-1.82982,0,0,0
H31269,H,297.7,307.3,1249,62.8,47,-2.26682,-2.99285,-3.11141,3.06665,-1.73908,0,0,0
M16716,M,297.8,307.4,1752,26.1,52,-2.14831,-2.96806,2.59557,-2.58935,-1.56701,0,0,0
L49037,L,297.7,307.4,1643,36.5,55,-2.22203,-2.91054,1.89931,-0.880015,-1.50373,0,0,0
M16718,M,297.8,307.4,1488,36.1,57,-2.15887,-2.98192,-0.269635,-0.947129,-1.4495,0,0,0
L49039,L,297.8,307.4,1355,45.8,60,-2.19115,-2.95148,-2.64636,1.37252,-1.35961,0,0,0
L49040,L,297.8,307.6,1607,30.3,62,-2.15804,-2.92675,1.54698,-2.13314,-1.32139,0,0,0
M16721,M,297.9,307.6,1609,30.3,64,-2.07982,-2.88525,1.52629,-2.14864,-1.25207,0,0,0
L49042,L,297.9,307.7,1517,44.4,67,-2.09201,-2.81236,0.240601,1.0491,-1.14447,0,0,0
M16723,M,297.9,307.7,1517,39.5,69,-2.10871,-2.83905,0.285233,-0.163748,-1.06858,0,0,0
L49044,L,297.9,307.7,1546,37.6,72,-2.09349,-2.79489,0.69932,-0.595621,-1.01898,0,0,0
L49045,L,297.9,307.7,1567,34.7,74,-2.09743,-2.8126,1.02477,-1.27145,-0.969823,0,0,0
M16726,M,298.1,307.9,1662,28.9,76,-1.83616,-2.67344,1.99334,-2.312,-0.890408,0,0,0
L49047,L,298.1,307.9,1502,41.8,79,-1.85306,-2.64432,-0.0071909,0.439964,-0.826177,0,0,0
L49048,L,298.3,308,1361,56.9,81,-1.56734,-2.59471,-2.57344,2.87733,-0.762319,0,0,0
M16729,M,298.3,308.1,1630,32.7,83,-1.57939,-2.54987,1.73375,-1.65125,-0.717571,0,0,0
L49050,L,298.3,308,1486,42.3,86,-1.59399,-2.58766,-0.327963,0.502597,-0.613004,0,0,0
L49051,L,298.3,308.1,1840,21.5,88,-1.58348,-2.62016,2.77726,-2.91921,-0.552957,0,0,0
L49052,L,298.3,308.1,1326,58.4,90,-1.53391,-2.55284,-2.85969,2.91757,-0.494446,0,0,0
L49053,L,298.4,308.1,1367,57.8,92,-1.46659,-2.53983,-2.46046,2.87401,-0.454792,0,0,0
L49054,L,298.4,308.1,1598,32.7,94,-1.52138,-2.53383,1.40168,-1.65104,-0.400475,0,0,0
L49055,L,298.3,308,1363,50.1,96,-1.52868,-2.6394,-2.52063,2.22821,-0.318107,0,0,0
L49056,L,298.3,308,1242,62,98,-1.58232,-2.60737,-3.10134,3.07516,-0.326547,0,0,0
M16737,M,298.2,307.8,1566,33.8,100,-1.7431,-2.8046,1.05086,-1.44058,-0.230246,0,0,0
M16738,M,298.1,307.7,1424,47.7,103,-1.82143,-2.81216,-1.58409,1.79447,-0.13735,0,0,0
M16739,M,298.2,307.7,1608,33.8,106,-1.78327,-2.79352,1.54892,-1.41846,-0.028731,0,0,0
L49060,L,298.1,307.7,1705,29.1,109,-1.85165,-2.80198,2.36342,-2.26153,0.0649708,0,0,0
L49061,L,298,307.6,1548,45.8,111,-2.01208,-2.8707,0.765016,1.32838,0.0715644,0,0,0
M16742,M,298,307.6,1581,43.4,113,-2.01034,-2.88796,1.23111,0.818079,0.140788,0,0,0
M16743,M,298,307.6,1472,46.7,116,-1.99769,-2.90666,-0.566398,1.57757,0.246565,0,0,0
M16744,M,298,307.6,1792,26,119,-1.98968,-2.9167,2.67996,-2.64004,0.356223,0,0,0
L49065,L,298,307.6,1683,32.8,122,-1.99465,-2.90168,2.16844,-1.65606,0.417443,0,0,0
L49066,L,297.9,307.6,1503,40.7,124,-2.07987,-2.91881,-0.0210342,0.173075,0.463732,0,0,0
M16747,M,297.9,307.5,1642,32.4,126,-2.06997,-2.92383,1.86883,-1.74787,0.516279,0,0,0
M16748,M,297.8,307.4,1902,24.3,129,-2.21741,-2.99924,2.90897,-2.75007,0.601832,0,0,0
H31303,H,297.7,307.4,1432,40.2,132,-2.27192,-2.97609,-1.42772,0.0392191,0.690016,0,0,0
L49070,L,297.8,307.4,1512,40.8,137,-2.13097,-2.996,0.187861,0.173217,0.859251,0,0,0
L49071,L,297.7,307.4,1764,29,139,-2.27937,-2.96096,2.57883,-2.30207,0.904469,0,0,0
M16752,M,297.8,307.4,1438,43.6,141,-2.17313,-2.96875,-1.23887,0.872293,0.906521,0,0,0
L49073,L,297.8,307.5,1631,29.9,144,-2.16544,-3.00264,1.76439,-2.14002,1.01154,0,0,0
H31308,H,297.9,307.5,1880,23.3,146,-2.10306,-2.95884,2.84261,-2.80011,1.11622,0,0,0
L49075,L,297.9,307.6,1344,54.3,151,-2.07585,-2.8659,-2.74047,2.69628,1.21444,0,0,0
L49076,L,297.9,307.5,1574,35.8,153,-2.08193,-2.93981,1.16033,-1.0385,1.28289,0,0,0
L49077,L,297.8,307.4,1418,41.2,155,-2.20098,-2.9989,-1.66869,0.30253,1.31201,0,0,0
L49078,L,297.8,307.5,1372,54.1,157,-2.23473,-2.91674,-2.4289,2.68663,1.38445,0,0,0
L49079,L,297.8,307.5,1388,40,159,-2.16251,-2.93156,-2.16908,-0.00963593,1.47847,0,0,0
H31314,H,297.9,307.6,1493,36,161,-2.09332,-2.8636,-0.155578,-1.00745,1.52807,0,0,0
M16761,M,297.9,307.6,1505,40.1,166,-2.11433,-2.90392,0.0338202,-0.0117116,1.68975,0,0,0
L49082,L,298,307.6,1694,29.1,169,-1.98939,-2.89146,2.25682,-2.26435,1.72637,0,0,0
L49083,L,297.9,307.6,1968,20.4,171,-2.08168,-2.89109,2.97633,-2.9637,1.82911,0,0,0
M16764,M,298,307.6,1569,35.6,173,-1.97472,-2.8926,1.06122,-1.12377,1.88596,0,0,0
L49085,L,297.9,307.6,1687,29.1,176,-2.12004,-2.90294,2.26151,-2.31116,1.97205,0,0,0
L49086,L,297.9,307.6,1430,52.4,178,-2.02229,-2.87617,-1.41729,2.46273,1.997,0,0,0
L49087,L,297.9,307.6,1504,42.4,180,-2.03851,-2.90063,0.0542871,0.551803,2.0673,0,0,0
L49088,L,297.9,307.6,1977,20.2,182,-2.0414,-2.89946,2.97874,-3.00301,2.12741,0,0,0
L49089,L,298,307.7,1435,45.6,184,-1.99825,-2.81409,-1.34459,1.27903,2.19519,0,0,0
H31324,H,298,307.7,1547,36.8,186,-1.98339,-2.84347,0.720015,-0.81569,2.28903,0,0,0
M16771,M,298.1,307.8,1316,57.2,191,-1.86394,-2.73085,-2.94367,2.89128,2.39695,0,0,0
M16772,M,298,307.7,1621,34.9,194,-1.99484,-2.80982,1.68465,-1.24655,2.44625,0,0,0
M16773,M,298,307.8,1492,40.2,197,-1.94513,-2.73761,-0.187377,0.0237744,2.5809,0,0,0
L49094,L,298,307.7,1643,32.3,200,-1.98428,-2.81337,1.85894,-1.73103,2.63854,0,0,0
L49095,L,298,307.7,1492,38.7,202,-1.95915,-2.80059,-0.196397,-0.315721,2.73513,0,0,0
L49096,L,298,307.7,1387,50.8,204,-1.99063,-2.85468,-2.15987,2.29995,2.74686,0,0,0
M16777,M,298.1,307.9,1463,47.3,206,-1.78702,-2.6566,-0.798773,1.69357,2.8246,0,0,0
M16778,M,298.1,307.9,1496,40,0,-1.77924,-2.66918,-0.135196,-0.0230567,-3.08806,0,0,0
L49099,L,298.2,308,1658,30,3,-1.77903,-2.62309,1.99616,-2.10919,-2.97144,0,0,0
L49100,L,298.1,307.9,2161,17.5,5,-1.83981,-2.68752,3.05527,-3.07592,-2.96852,0,0,0
L49101,L,298.1,307.9,1665,32,7,-1.817,-2.64578,2.02572,-1.81869,-2.94757,0,0,0
L49102,L,298,307.8,1716,26.6,9,-1.96059,-2.74092,2.35469,-2.60404,-2.83459,0,0,0
L49103,L,298,307.7,1529,34.1,11,-1.97967,-2.81878,0.453417,-1.38721,-2.78414,0,0,0
L49104,L,297.9,307.7,1353,50.7,13,-2.05659,-2.79461,-2.62546,2.25195,-2.73218,0,0,0
L49105,L,297.9,307.7,1537,37.7,15,-2.08325,-2.83181,0.592759,-0.611213,-2.63367,0,0,0
L49106,L,298,307.7,1606,30.8,17,-1.96026,-2.85159,1.47444,-2.03302,-2.61138,0,0,0
H31341,H,298,307.8,1314,47.8,19,-2.0284,-2.80877,-2.94352,1.78051,-2.52282,0,0,0
L49108,L,298,307.8,1623,29.9,24,-2.02739,-2.74567,1.70734,-2.14641,-2.41288,0,0,0
M16789,M,298,307.8,1483,50.9,26,-1.9868,-2.78936,-0.346615,2.3189,-2.34428,0,0,0
M16790,M,298.1,307.9,1569,37,29,-1.82774,-2.6018,1.09103,-0.747962,-2.23554,0,0,0
M16791,M,298.2,308,1969,21.7,32,-1.75059,-2.5837,2.96513,-2.93644,-2.16526,0,0,0
M16792,M,298.1,308,1686,29.3,35,-1.80993,-2.58991,2.22404,-2.24559,-2.06664,0,0,0
L49113,L,298.1,308,1638,35.1,38,-1.8021,-2.54641,1.84007,-1.17051,-1.99378,0,0,0
L49114,L,298.1,307.9,1698,33.3,40,-1.80913,-2.64722,2.28311,-1.54415,-1.94535,0,0,0
M16795,M,298.1,307.9,1377,55.1,42,-1.81223,-2.65851,-2.29453,2.75149,-1.88738,0,0,0
M16796,M,298.1,308,2129,18.4,45,-1.82225,-2.58913,3.05006,-3.06454,-1.83784,0,0,0
L49117,L,298.2,308,1411,42.4,48,-1.72552,-2.63113,-1.78595,0.594083,-1.74891,0,0,0
L49118,L,298.1,307.9,1517,40.8,50,-1.84828,-2.64812,0.267608,0.191809,-1.64942,0,0,0
M16799,M,298.1,307.9,1303,53.9,52,-1.81291,-2.64404,-2.9619,2.67354,-1.60918,0,0,0
L49120,L,298.1,307.9,1578,35.6,55,-1.825,-2.69598,1.16968,-1.0963,-1.51631,0,0,0
L49121,L,298.1,307.9,1425,58.2,57,-1.83776,-2.68563,-1.54499,2.90824,-1.45038,0,0,0
L49122,L,298.1,308,1456,42.4,59,-1.82419,-2.5497,-0.890469,0.579286,-1.38524,0,0,0
L49123,L,298.1,308,1704,30.9,61,-1.86876,-2.58011,2.30483,-2.01365,-1.36029,0,0,0
L49124,L,298.1,308.1,1791,27.3,63,-1.79025,-2.54408,2.65066,-2.47584,-1.26432,0,0,0
L49125,L,298.1,308.1,1616,32.8,65,-1.86126,-2.51584,1.59841,-1.63789,-1.21419,0,0,0
L49126,L,298.2,308.1,1622,34.9,67,-1.73227,-2.52068,1.70225,-1.27712,-1.17589,0,0,0
L49127,L,298.2,308.1,1462,49.9,69,-1.71185,-2.53055,-0.783996,2.12015,-1.11437,0,0,0
L49128,L,298.1,308.1,1410,45.8,71,-1.84006,-2.48899,-1.7837,1.36213,-1.0416,0,0,0
M16809,M,298.1,308,1543,41.9,73,-1.8229,-2.5904,0.636726,0.463548,-0.999254,0,0,0
M16810,M,298,307.9,1479,47.6,76,-2.00013,-2.74153,-0.426312,1.79193,-0.895268,0,0,0
L49131,L,298,307.8,1839,22.7,79,-2.04464,-2.73535,2.77747,-2.86114,-0.814389,0,0,0
L49132,L,298,307.8,1266,60.5,81,-2.0048,-2.74485,-3.08836,2.99409,-0.759318,0,0,0
L49133,L,297.9,307.7,1593,34.9,83,-2.04312,-2.86289,1.37522,-1.26742,-0.724222,0,0,0
L49134,L,297.9,307.8,1459,46.9,85,-2.12013,-2.70973,-0.856592,1.63514,-0.687865,0,0,0
L49135,L,297.9,307.7,1308,55.2,87,-2.11731,-2.83398,-2.95837,2.74878,-0.610126,0,0,0
M16816,M,297.9,307.7,1364,46.8,89,-2.03924,-2.8672,-2.49765,1.5711,-0.536665,0,0,0
H31371,H,297.9,307.7,1618,35.9,92,-2.00959,-2.81106,1.65073,-1.04556,-0.427576,0,0,0
H31372,H,297.9,307.7,1464,43.2,97,-2.05466,-2.84505,-0.713655,0.725016,-0.301337,0,0,0
M16819,M,297.8,307.6,1352,49.4,102,-2.17446,-2.94367,-2.61524,2.04918,-0.16208,0,0,0
L49140,L,297.8,307.6,1446,51.4,105,-2.17479,-2.9722,-1.15102,2.35237,-0.0505938,0,0,0
L49141,L,297.8,307.5,1448,51.2,107,-2.15416,-2.92467,-1.04877,2.30926,-0.0238487,0,0,0
L49142,L,297.8,307.5,1391,48.6,109,-2.18307,-2.91364,-2.08889,1.9818,0.0602597,0,0,0
L49143,L,297.7,307.5,1379,43.3,111,-2.19703,-2.95949,-2.29613,0.771093,0.120597,0,0,0
M16824,M,297.8,307.5,1405,46.9,113,-2.19375,-2.94549,-1.90031,1.59146,0.173876,0,0,0
L49145,L,297.8,307.5,1581,33.1,116,-2.17976,-2.93734,1.19734,-1.56137,0.22128,0,0,0
L49146,L,297.9,307.6,1515,40.5,118,-2.01966,-2.87273,0.167961,0.084149,0.284804,0,0,0
L49147,L,297.9,307.6,1589,37.8,120,-2.02087,-2.92654,1.31893,-0.568419,0.36007,0,0,0
L49148,L,298,307.6,1281,50.8,122,-2.03658,-2.90352,-3.12763,2.24546,0.441501,0,0,0
H31383,H,297.8,307.5,1631,31.3,124,-2.14921,-2.95191,1.81528,-1.89574,0.501623,0,0,0
M16830,M,297.9,307.6,1202,67,129,-2.05701,-2.89847,-3.12574,3.08324,0.617654,0,0,0
L49151,L,297.9,307.6,1298,52.7,132,-2.08173,-2.89122,-2.98569,2.5057,0.686878,0,0,0
L49152,L,297.9,307.6,1612,30.7,134,-2.10676,-2.90219,1.5673,-2.03195,0.765025,0,0,0
L49153,L,297.9,307.6,1747,25.3,136,-2.10017,-2.89121,2.52238,-2.70432,0.785675,0,0,0
L49154,L,298,307.6,1450,48.7,138,-1.99486,-2.91987,-1.02139,1.94545,0.845454,0,0,0
L49155,L,298,307.7,1422,45.6,140,-2.0188,-2.89966,-1.59367,1.29531,0.972309,0,0,0
M16836,M,298.1,307.7,1419,47.4,142,-1.8201,-2.8515,-1.6456,1.72247,0.97955,0,0,0
M16837,M,298.1,307.7,1633,30.7,145,-1.8346,-2.85503,1.83822,-2.02884,1.03516,0,0,0
L49158,L,298,307.7,1442,43.6,148,-1.99327,-2.81299,-1.22308,0.928743,1.16902,0,0,0
H31393,H,298,307.6,1420,45.8,150,-1.98846,-2.92408,-1.6256,1.33603,1.18127,0,0,0
M16840,M,298,307.6,1301,58.5,155,-2.05239,-2.88841,-3.0241,2.951,1.35424,0,0,0
L49161,L,298,307.6,1385,45,158,-2.02111,-2.90968,-2.20764,1.172,1.43077,0,0,0
M16842,M,298,307.7,1487,41.3,160,-2.00612,-2.87011,-0.317278,0.288824,1.49316,0,0,0
M16843,M,298,307.6,1459,44.4,163,-1.97808,-2.89238,-0.830797,1.07348,1.58869,0,0,0
M16844,M,298,307.5,1387,45.5,166,-1.98318,-2.92946,-2.1763,1.27805,1.65701,0,0,0
L49165,L,298.1,307.7,1537,40.8,169,-1.79152,-2.87453,0.572073,0.177789,1.77934,0,0,0
L49166,L,298.1,307.6,1498,42.9,171,-1.79384,-2.93354,-0.149393,0.705964,1.81245,0,0,0
M16847,M,298.2,307.8,1599,31.2,173,-1.76184,-2.73986,1.42887,-1.9822,1.87963,0,0,0
H31402,H,298.3,307.9,1420,39.2,176,-1.54957,-2.71109,-1.63968,-0.213738,1.93485,0,0,0
L49169,L,298.2,307.9,1785,23.4,181,-1.7178,-2.7402,2.67631,-2.81946,2.05862,0,0,0
L49170,L,298.2,307.8,1423,48.1,183,-1.68406,-2.72727,-1.5802,1.852,2.13183,0,0,0
M16851,M,298.2,307.8,1583,36.6,185,-1.68425,-2.78095,1.21476,-0.827581,2.23041,0,0,0
L49172,L,298.2,307.8,1375,46.6,188,-1.71039,-2.75822,-2.34431,1.54592,2.29403,0,0,0
M16853,M,298.3,308,1463,42.5,190,-1.56529,-2.58399,-0.751928,0.535364,2.38095,0,0,0
M16854,M,298.2,307.9,1403,45.1,193,-1.77372,-2.73872,-1.9303,1.21772,2.4565,0,0,0
L49175,L,298.3,308,1451,47.1,196,-1.5552,-2.55104,-0.984935,1.63519,2.48975,0,0,0
M16856,M,298.4,308,1416,38.2,198,-1.58559,-2.61092,-1.70698,-0.440907,2.58063,0,1,1
L49177,L,298.3,308.1,1672,41.3,0,-1.55556,-2.50826,2.08641,0.278293,-3.13418,0,0,0
H31412,H,298.3,308,1637,30.8,2,-1.53618,-2.5473,1.79371,-2.02532,-3.01321,0,0,0
L49179,L,298.4,308,1540,37.8,7,-1.51009,-2.57945,0.611015,-0.527106,-2.94749,0,0,0
L49180,L,298.4,308.1,1279,53.1,9,-1.5656,-2.50491,-3.08778,2.61118,-2.819,0,0,0
L49181,L,298.4,308.2,1604,34.9,11,-1.47083,-2.42302,1.49501,-1.23176,-2.80204,0,0,0
L49182,L,298.5,308.2,1654,27.1,13,-1.4212,-2.43417,1.95969,-2.50995,-2.70568,0,0,0
M16863,M,298.5,308.2,1564,37.5,15,-1.43711,-2.38705,0.970687,-0.649157,-2.6292,0,0,0
L49184,L,298.5,308.2,1451,47.5,18,-1.44423,-2.42152,-0.996458,1.73104,-2.54536,0,0,0
L49185,L,298.5,308.3,1504,38,20,-1.4464,-2.33341,0.0217812,-0.471425,-2.50682,0,0,0
M16866,M,298.5,308.3,1381,50.5,22,-1.46826,-2.31495,-2.29372,2.24434,-2.47154,0,0,0
L49187,L,298.6,308.4,1562,34.4,25,-1.3244,-2.22251,0.975267,-1.28762,-2.38315,0,0,0
L49188,L,298.5,308.3,1811,24.7,27,-1.46485,-2.29678,2.71018,-2.72313,-2.32772,0,0,0
M16869,M,298.6,308.3,1717,28.7,29,-1.33535,-2.30368,2.34277,-2.34147,-2.23347,0,0,0
L49190,L,298.6,308.3,1278,60.5,32,-1.28911,-2.31654,-3.09091,3.03373,-2.19406,0,0,0
L49191,L,298.7,308.5,1616,30.2,34,-1.1921,-2.08232,1.6309,-2.11775,-2.14232,0,0,0
L49192,L,298.6,308.4,1397,46.4,36,-1.33223,-2.25639,-2.02761,1.53411,-2.02489,0,0,0
L49193,L,298.6,308.4,1485,42.9,38,-1.37594,-2.25802,-0.34554,0.680086,-2.02523,0,0,0
L49194,L,298.6,308.4,1310,59.7,40,-1.28007,-2.23252,-2.95609,2.97753,-1.93763,0,0,0
L49195,L,298.5,308.2,1301,66.3,42,-1.42047,-2.42739,-3.0108,3.09991,-1.87732,0,1,1
L49196,L,298.5,308.3,1458,44,44,-1.43459,-2.34851,-0.869124,0.988013,-1.84597,0,0,0
L49197,L,298.7,308.5,1483,42.5,46,-1.1881,-2.10279,-0.359229,0.575519,-1.77773,0,0,0
L49198,L,298.7,308.5,1375,46.4,48,-1.25772,-2.0942,-2.34149,1.50498,-1.74021,0,0,0
M16879,M,298.7,308.5,1660,27,50,-1.196,-2.09362,1.98942,-2.53827,-1.67228,0,0,0
H31434,H,298.7,308.4,1560,33.3,53,-1.2391,-2.24929,0.933046,-1.56171,-1.605,0,0,0
L49201,L,298.7,308.5,1480,42.2,58,-1.18491,-2.09058,-0.397514,0.531907,-1.41923,0,0,0
L49202,L,298.7,308.4,1373,46.9,60,-1.19136,-2.20001,-2.40325,1.57593,-1.36204,0,0,0
L49203,L,298.7,308.5,1444,54.2,62,-1.24829,-2.07174,-1.16118,2.67799,-1.27408,0,0,0
M16884,M,298.7,308.6,1722,24.7,64,-1.17563,-1.79349,2.39745,-2.70311,-1.25068,0,0,0
L49205,L,298.7,308.5,1469,39.9,67,-1.19812,-2.04305,-0.646289,-0.00958617,-1.17014,0,0,0
M16886,M,298.7,308.5,1360,52.9,69,-1.24726,-2.06436,-2.53079,2.54239,-1.05996,0,0,0
L49207,L,298.7,308.4,1750,25.8,72,-1.17099,-2.137,2.51763,-2.67189,-1.01311,0,0,0
M16888,M,298.7,308.3,1349,46.6,74,-1.19233,-2.30052,-2.70544,1.52029,-0.984165,0,0,0
L49209,L,298.7,308.5,1668,35.2,77,-1.23985,-2.10648,2.04562,-1.16511,-0.877406,0,0,0
L49210,L,298.9,308.6,1400,49.5,79,-1.00897,-1.80078,-1.98701,2.07991,-0.795875,0,0,0
L49211,L,298.8,308.6,1331,62.8,81,-1.18697,-1.79992,-2.83777,3.06643,-0.773023,0,0,0
L49212,L,298.8,308.5,1444,42.2,83,-1.20453,-2.0577,-1.19425,0.520677,-0.727052,0,0,0
H31447,H,298.8,308.5,1359,47.6,85,-1.15102,-2.06274,-2.58496,1.74031,-0.68579,0,0,0
M16894,M,298.8,308.5,1425,47.4,90,-1.184,-2.07282,-1.48893,1.68184,-0.474892,0,0,0
M16895,M,298.9,308.6,1469,34.2,93,-1.0352,-1.80231,-0.637548,-1.3708,-0.412581,0,0,0
L49216,L,299,308.7,1892,22.8,96,-0.842544,-1.64354,2.87488,-2.83637,-0.377359,0,0,0
H31451,H,299,308.7,1940,19.9,98,-0.849239,-1.67342,2.91724,-3.01507,-0.252297,0,0,0
L49218,L,299,308.8,1405,55.2,103,-0.795628,-1.55957,-1.9109,2.77274,-0.165042,0,0,0
M16899,M,299,308.9,1449,39.6,105,-0.831217,-1.49093,-1.04192,-0.1087,-0.0724617,0,0,0
L49220,L,299.1,308.9,1686,29.6,108,-0.736363,-1.55721,2.20054,-2.19076,0.0352278,0,0,0
L49221,L,299.1,308.9,1680,27.2,110,-0.730045,-1.46025,2.16258,-2.49677,0.0723847,0,0,0
M16902,M,299.1,308.9,1397,52.4,112,-0.721513,-1.41315,-2.0138,2.49694,0.106747,0,0,0
M16903,M,299.2,309,1597,30.3,115,-0.638217,-1.34758,1.35708,-2.11195,0.20939,0,0,0
L49224,L,299.3,309.1,1470,41.1,118,-0.547861,-1.1777,-0.619923,0.290253,0.282908,0,0,0
M16905,M,299.3,309.1,1703,31.3,120,-0.580297,-1.23399,2.31763,-1.91879,0.345358,0,0,0
L49226,L,299.3,309.1,1388,45.5,123,-0.562511,-1.2517,-2.17256,1.27859,0.446304,0,0,0
L49227,L,299.3,309.2,1775,24.2,125,-0.570934,-1.0497,2.61086,-2.79425,0.510464,0,0,0
L49228,L,299.3,309.2,1465,41.5,127,-0.593443,-1.03107,-0.752159,0.370191,0.527232,0,0,0
M16909,M,299.3,309.2,1586,37.9,129,-0.556513,-1.04876,1.29202,-0.537968,0.641308,0,0,0
M16910,M,299.5,309.3,1675,29.2,132,-0.410519,-0.997165,2.13278,-2.23949,0.742682,0,0,0
M16911,M,299.4,309.2,1470,44.4,135,-0.524827,-1.01914,-0.620889,1.02491,0.787348,0,0,0
L49232,L,299.5,309.3,1477,40.4,138,-0.4104,-0.977918,-0.501748,0.0930545,0.880366,0,0,0
L49233,L,299.5,309.3,1382,61,140,-0.450958,-0.980753,-2.28643,3.06019,0.959368,0,0,0
M16914,M,299.6,309.4,1605,29.8,142,-0.36303,-0.879809,1.49127,-2.16692,0.99401,0,0,0
L49235,L,299.6,309.4,1643,32.9,145,-0.369562,-0.932025,1.87481,-1.64917,1.09663,0,0,0
L49236,L,299.5,309.3,1333,54.1,147,-0.44585,-1.04414,-2.81866,2.64711,1.13157,0,0,0
L49237,L,299.5,309.3,1520,42.3,149,-0.433489,-0.993029,0.279157,0.548529,1.19798,0,0,0
M16918,M,299.5,309.3,1902,24,151,-0.457517,-1.01066,2.90085,-2.79522,1.25234,0,0,0
H31473,H,299.5,309.4,1386,44.4,154,-0.426279,-0.890489,-2.19745,1.03728,1.30217,0,0,0
L49240,L,299.6,309.5,1803,27.7,159,-0.338519,-0.763271,2.72819,-2.4518,1.45971,0,0,0
L49241,L,299.7,309.6,1359,50.7,161,-0.271928,-0.619065,-2.57147,2.27689,1.51792,0,0,0
M16922,M,299.7,309.6,1477,42.7,163,-0.301324,-0.617206,-0.467206,0.625195,1.58227,0,0,0
L49243,L,299.7,309.6,1321,53.4,166,-0.291007,-0.587947,-2.86193,2.57381,1.67408,0,0,0
L49244,L,299.6,309.5,1453,41.4,168,-0.344072,-0.683221,-0.950663,0.287183,1.72765,0,0,0
L49245,L,299.7,309.6,1419,45.1,170,-0.276653,-0.622043,-1.61449,1.21846,1.78969,0,0,0
L49246,L,299.7,309.6,1512,36.2,172,-0.310337,-0.606546,0.149832,-0.913003,1.87342,0,0,0
L49247,L,299.7,309.6,1553,36.8,174,-0.318927,-0.599944,0.820832,-0.780339,1.91146,0,0,0
M16928,M,299.7,309.6,1534,39.1,176,-0.305321,-0.603709,0.50941,-0.258761,1.96279,0,0,0
H31483,H,299.7,309.6,1553,41,179,-0.288498,-0.593392,0.791737,0.279013,2.07506,0,0,0
L49250,L,299.7,309.5,1352,49.7,184,-0.263353,-0.702212,-2.69219,2.1026,2.19719,0,0,0
M16931,M,299.7,309.6,1313,60,186,-0.239307,-0.571756,-2.95536,3.0177,2.26781,0,0,0
L49252,L,299.6,309.5,1570,35.5,189,-0.383899,-0.649616,1.084,-1.11452,2.29101,0,0,0
L49253,L,299.6,309.4,1677,31.1,191,-0.393015,-0.871495,2.10825,-1.98608,2.38786,0,0,0
L49254,L,299.5,309.4,1602,31.5,193,-0.476852,-0.852743,1.44525,-1.86401,2.48376,0,0,0
L49255,L,299.5,309.4,1390,58.8,195,-0.450331,-0.909613,-2.09263,2.94948,2.50595,0,1,1
L49256,L,299.4,309.3,1544,36,197,-0.463767,-0.995324,0.704119,-0.987041,2.55449,0,0,0
L49257,L,299.4,309.4,1701,31.2,199,-0.469786,-0.903919,2.33177,-1.93339,2.64694,0,0,0
M16938,M,299.4,309.3,1692,28.4,201,-0.487218,-0.98218,2.28309,-2.34777,2.69506,0,0,0
M16939,M,299.3,309.3,1523,37.9,204,-0.612128,-1.01202,0.337033,-0.509812,2.75668,0,0,0
L49260,L,299.3,309.2,2280,15.4,207,-0.62322,-1.15832,3.10977,-3.08336,2.82175,0,0,0
M16941,M,299.4,309.3,1485,47.1,209,-0.477743,-1.05053,-0.34988,1.71016,2.88937,0,0,0
H31496,H,299.4,309.2,1513,36.1,212,-0.477987,-1.12008,0.164066,-1.00342,2.93998,0,0,0
H31497,H,299.4,309.3,1743,28.2,0,-0.477204,-0.987348,2.46756,-2.38844,-3.06861,0,0,0
L49264,L,299.5,309.3,1442,46.2,5,-0.462572,-1.00034,-1.23711,1.45864,-2.92449,0,0,0
L49265,L,299.5,309.3,1462,46.7,7,-0.42325,-1.01358,-0.80618,1.56132,-2.88627,0,0,0
H31500,H,299.4,309.3,1439,49.7,9,-0.47592,-1.02355,-1.24017,2.13584,-2.86938,0,0,0
L49267,L,299.5,309.3,1577,36.6,14,-0.422572,-1.03534,1.17224,-0.826086,-2.6957,0,0,0
L49268,L,299.6,309.4,1331,46.4,16,-0.355903,-0.827962,-2.84364,1.46857,-2.64117,0,0,0
L49269,L,299.5,309.3,1941,22.5,18,-0.423083,-1.02663,2.91292,-2.88145,-2.57027,0,0,0
L49270,L,299.5,309.2,1393,47.3,20,-0.398854,-1.11166,-2.06755,1.67262,-2.55723,0,0,0
L49271,L,299.4,309.2,1433,42.1,22,-0.476337,-1.13413,-1.36404,0.522273,-2.47013,0,0,0
L49272,L,299.4,309.2,1444,48.2,24,-0.464347,-1.1288,-1.20367,1.85759,-2.38873,0,0,0
L49273,L,299.4,309.2,1564,39,26,-0.505012,-1.10238,0.990057,-0.23908,-2.3009,0,0,0
L49274,L,299.4,309.3,1377,43.6,28,-0.458723,-1.04325,-2.32793,0.874699,-2.3075,0,0,0
L49275,L,299.4,309.3,1525,41.5,30,-0.448752,-1.01164,0.371465,0.341054,-2.14288,0,0,0
M16956,M,299.5,309.4,1387,56.2,32,-0.409688,-0.785898,-2.15188,2.85354,-2.1737,0,0,0
M16957,M,299.4,309.4,1326,47.5,35,-0.462107,-0.823181,-2.86078,1.69676,-2.06312,0,0,0
L49278,L,299.4,309.3,1401,59,38,-0.465701,-1.04247,-1.92001,2.93689,-1.985,0,0,0
L49279,L,299.4,309.3,1596,31.8,40,-0.488516,-0.975219,1.37559,-1.76936,-1.90417,0,0,0
M16960,M,299.3,309.3,1471,46,42,-0.504029,-0.948517,-0.592141,1.40042,-1.87856,0,0,0
L49281,L,299.3,309.3,1528,37.8,45,-0.529168,-0.976888,0.422286,-0.590512,-1.81328,0,0,0
L49282,L,299.3,309.3,1325,62,47,-0.529799,-0.931322,-2.87238,3.0552,-1.76022,0,0,0
M16963,M,299.3,309.1,1376,46.7,49,-0.561282,-1.29307,-2.34506,1.5442,-1.66524,0,0,0
M16964,M,299.3,309.1,1600,35.3,52,-0.554299,-1.31913,1.44802,-1.1609,-1.5869,0,0,0
L49285,L,299.3,309.1,1495,44,55,-0.479122,-1.24655,-0.141045,0.968987,-1.50091,0,0,0
L49286,L,299.4,309.1,1645,28.6,57,-0.458284,-1.28842,1.87811,-2.35235,-1.4169,0,0,0
M16967,M,299.4,309.1,1417,47.3,59,-0.446607,-1.28641,-1.65919,1.66456,-1.37695,0,0,0
H31522,H,299.4,309,1415,51.7,62,-0.471817,-1.31276,-1.72546,2.399,-1.30641,0,0,0
M16969,M,299.3,309,1496,43.4,67,-0.561286,-1.34489,-0.162195,0.845645,-1.16194,0,0,0
H31524,H,299.3,309,1508,35,70,-0.602427,-1.38767,0.0389592,-1.2324,-1.0386,0,0,0
L49291,L,299.4,309,1436,47.9,75,-0.494957,-1.35395,-1.34989,1.83639,-0.932678,0,0,0
L49292,L,299.5,309.1,1852,22.6,77,-0.422093,-1.27559,2.83529,-2.85106,-0.888579,0,0,0
L49293,L,299.5,309.1,1863,22.5,79,-0.458439,-1.32351,2.7793,-2.84452,-0.833457,0,0,0
H31528,H,299.4,309.1,1373,44.1,81,-0.455552,-1.29862,-2.3519,0.963429,-0.732319,0,0,0
L49295,L,299.4,309,1404,47.3,86,-0.472671,-1.34975,-1.9522,1.69514,-0.63244,0,0,0
M16976,M,299.4,309,1381,44.9,88,-0.48332,-1.34133,-2.27079,1.1986,-0.589449,0,0,0
H31531,H,299.4,308.9,1762,29.3,91,-0.47676,-1.43951,2.5778,-2.238,-0.477197,0,0,0
H31532,H,299.3,308.9,1429,43,96,-0.522549,-1.47115,-1.48742,0.721007,-0.310046,0,0,0
M16979,M,299.3,308.9,1858,24.7,101,-0.5586,-1.45689,2.802,-2.72737,-0.211676,0,0,0
H31534,H,299.2,308.8,1908,21.3,104,-0.67353,-1.61506,2.92669,-2.93365,-0.125249,0,0,0
M16981,M,299.2,308.8,1503,37.4,109,-0.652307,-1.57104,0.0264436,-0.666447,0.0717697,0,0,0
M16982,M,299.2,308.8,1523,38.9,112,-0.682124,-1.6233,0.363505,-0.293441,0.094662,0,0,0
L49303,L,299.3,309,1491,38.4,115,-0.559948,-1.38217,-0.207973,-0.399749,0.192271,0,0,0
L49304,L,299.2,308.9,1430,39.1,117,-0.608703,-1.44261,-1.44438,-0.26283,0.270718,0,0,0
L49305,L,299.3,308.9,1258,69.4,119,-0.548674,-1.45343,-3.12725,3.14159,0.310899,0,1,1
L49306,L,299.3,309,1449,46.5,121,-0.537196,-1.29671,-1.06244,1.5258,0.361695,0,0,0
H31541,H,299.3,309,1425,40.6,123,-0.562338,-1.32631,-1.51001,0.101282,0.460077,0,0,0
L49308,L,299.4,309,1800,24.3,128,-0.48348,-1.34033,2.73225,-2.76217,0.563581,0,0,0
H31543,H,299.4,309,1607,33.7,130,-0.492105,-1.41949,1.54439,-1.4519,0.634439,0,0,0
L49310,L,299.4,309,1391,58.2,135,-0.488848,-1.32549,-2.08272,2.92084,0.771279,0,0,0
L49311,L,299.4,309.1,1432,45.4,137,-0.544019,-1.27099,-1.42036,1.25673,0.866622,0,0,0
L49312,L,299.4,309,1660,28.4,139,-0.505584,-1.35474,2.03443,-2.36419,0.899401,0,0,0
H31547,H,299.3,309,1732,29.7,141,-0.543487,-1.36153,2.43322,-2.13397,0.942249,0,0,0
L49314,L,299.3,309,1473,46.3,146,-0.583926,-1.38578,-0.581186,1.44295,1.09416,0,0,0
L49315,L,299.3,309,1511,47.8,148,-0.562253,-1.31673,0.169297,1.74987,1.13461,0,0,0
L49316,L,299.2,308.9,1588,41.5,150,-0.614703,-1.44558,1.32555,0.359882,1.19607,0,0,0
L49317,L,299.3,308.9,1623,31.1,152,-0.550161,-1.47425,1.69289,-1.92009,1.32012,0,0,0
L49318,L,299.3,309,1734,30.6,154,-0.561379,-1.40638,2.46405,-2.03342,1.27691,0,0,0
L49319,L,299.3,309,1415,47.6,156,-0.567321,-1.41413,-1.71457,1.73362,1.39727,0,0,0
L49320,L,299.3,309,1419,46.6,158,-0.520909,-1.41805,-1.65978,1.52816,1.46044,0,0,0
M17001,M,299.3,308.9,1577,34.9,160,-0.503637,-1.4075,1.15387,-1.25513,1.49156,0,0,0
L49322,L,299.3,308.9,1376,60.3,163,-0.5064,-1.4344,-2.33571,3.01064,1.60417,0,0,0
M17003,M,299.3,308.8,1442,49,165,-0.528531,-1.59228,-1.211,2.00296,1.65164,0,0,0
L49324,L,299.4,308.9,1451,40.5,168,-0.510354,-1.44812,-0.972306,0.0914731,1.72981,0,0,0
L49325,L,299.3,308.8,1550,45.8,170,-0.525627,-1.59607,0.742854,1.34478,1.75806,0,0,0
L49326,L,299.3,308.8,1647,32.9,172,-0.501081,-1.56806,1.90466,-1.61152,1.85049,0,0,0
L49327,L,299.4,308.9,1550,33.7,174,-0.469374,-1.42311,0.739364,-1.47315,1.89471,0,0,0
L49328,L,299.4,308.9,1583,34.1,176,-0.477039,-1.44325,1.25475,-1.36086,1.95108,0,0,0
L49329,L,299.4,309,1613,32.2,178,-0.505015,-1.40736,1.57276,-1.72496,2.04166,0,0,0
H31564,H,299.3,308.8,1636,35.5,180,-0.523771,-1.57244,1.80998,-1.11195,2.06212,0,0,0
M17011,M,299.3,308.7,1289,51.5,185,-0.628028,-1.66217,-3.02523,2.38665,2.2159,0,0,0
M17012,M,299.3,308.8,1648,28.4,188,-0.590624,-1.56571,1.92793,-2.32536,2.29276,0,0,0
H31567,H,299.3,308.8,1397,45.4,191,-0.589,-1.52862,-2.01043,1.26428,2.35468,0,0,0
M17014,M,299.3,308.9,1767,24.8,196,-0.609131,-1.42779,2.6237,-2.72971,2.53526,0,0,0
L49335,L,299.3,308.8,1341,47.7,199,-0.526809,-1.52095,-2.74157,1.7744,2.65693,0,0,0
M17016,M,299.4,308.9,1457,41.5,201,-0.540269,-1.44184,-0.916238,0.309825,2.65035,0,0,0
M17017,M,299.4,309,1939,19.8,204,-0.525242,-1.403,2.95671,-3.00973,2.74779,0,0,0
M17018,M,299.5,309,1399,49.7,207,-0.421496,-1.41795,-1.98671,2.11554,2.83925,0,0,0
M17019,M,299.5,309,1602,31.3,210,-0.425147,-1.42131,1.47306,-1.92822,2.9313,0,0,0
L49340,L,299.4,309,1507,41,213,-0.498333,-1.39449,0.0623828,0.209449,2.97446,0,0,0
L49341,L,299.4,309.1,1464,40.5,215,-0.482964,-1.25563,-0.705526,0.114939,3.0121,0,0,0
L49342,L,299.5,309.1,1336,42.1,217,-0.420129,-1.20967,-2.77397,0.500047,2.99276,0,0,0
L49343,L,299.6,309.2,1422,39.8,219,-0.379349,-1.17581,-1.57696,-0.0534935,3.02887,0,0,0
L49344,L,299.6,309.2,1540,36.7,221,-0.381676,-1.1412,0.624419,-0.816785,3.04022,0,0,0
L49345,L,299.5,309.1,1476,47.8,223,-0.419614,-1.27679,-0.491866,1.7831,3.06033,0,0,0
M17026,M,299.6,309.2,1867,23.4,225,-0.385546,-1.19049,2.75798,-2.8047,3.11834,0,1,1
H31581,H,299.6,309.1,1588,41.3,0,-0.413818,-1.26632,1.30383,0.296734,-3.11321,0,0,0
M17028,M,299.5,309.1,1420,49.5,5,-0.414,-1.25864,-1.64001,2.09118,-2.95806,0,0,0
L49349,L,299.5,309.1,1415,49.2,8,-0.418344,-1.29104,-1.75965,2.0732,-2.90538,0,0,0
M17030,M,299.4,309.1,1500,43.3,10,-0.492097,-1.28535,-0.0479576,0.795303,-2.78737,0,0,0
L49351,L,299.5,309.1,1502,44.6,13,-0.425027,-1.2942,-0.0150169,1.08297,-2.73979,0,0,0
L49352,L,299.5,309.2,1816,23,15,-0.406245,-1.17641,2.71568,-2.85596,-2.66243,0,0,0
M17033,M,299.5,309.2,1495,41.6,17,-0.404299,-1.1619,-0.138069,0.369246,-2.60084,0,0,0
L49354,L,299.6,309.2,1572,33.4,20,-0.353771,-1.17027,1.13842,-1.5381,-2.51234,0,0,0
M17035,M,299.5,309.2,1590,35.9,22,-0.401231,-1.16246,1.28171,-0.977319,-2.4748,0,0,0
M17036,M,299.6,309.3,1387,48.3,25,-0.395688,-0.938048,-2.17733,1.92246,-2.31868,0,0,0
M17037,M,299.6,309.2,1393,47.7,28,-0.362054,-1.15343,-2.06562,1.74072,-2.26465,0,0,0
L49358,L,299.6,309.2,1602,37.3,31,-0.372011,-1.16975,1.46103,-0.703155,-2.16842,0,0,0
L49359,L,299.6,309.2,1601,33.3,33,-0.348049,-1.19183,1.45068,-1.52228,-2.13723,0,0,0
H31594,H,299.6,309.2,1597,36.3,35,-0.408075,-1.17502,1.42517,-0.864387,-2.09808,0,0,0
H31595,H,299.5,309.1,1548,44.3,40,-0.413828,-1.20599,0.742775,1.03858,-1.94537,0,0,0
M17042,M,299.5,309.2,1314,61.8,45,-0.427595,-1.11228,-2.93918,3.04634,-1.75977,0,0,0
M17043,M,299.6,309.3,1577,39.8,48,-0.368487,-0.948924,1.18008,-0.0914562,-1.69596,0,0,0
L49364,L,299.8,309.4,1475,43.4,51,-0.176117,-0.783469,-0.536274,0.806688,-1.65631,0,0,0
L49365,L,299.8,309.4,1630,32.4,53,-0.206078,-0.790258,1.77469,-1.71744,-1.56524,0,0,0
L49366,L,299.7,309.4,1445,42.9,55,-0.330709,-0.796283,-1.13389,0.711436,-1.49829,0,0,0
M17047,M,299.8,309.4,1439,47.4,57,-0.212798,-0.796879,-1.25923,1.69753,-1.48438,0,0,0
L49368,L,299.7,309.3,1420,44.1,60,-0.345015,-0.969837,-1.61869,0.975547,-1.35546,0,0,0
H31603,H,299.7,309.2,1554,41.6,62,-0.289209,-1.1836,0.859593,0.389049,-1.33229,0,0,0
M17050,M,299.6,309.1,1471,44.3,67,-0.309785,-1.20313,-0.630462,1.00815,-1.16439,0,0,0
L49371,L,299.6,309,1648,33.6,70,-0.343666,-1.4735,1.91616,-1.49326,-1.03853,0,0,0
L49372,L,299.6,309,1472,48.8,72,-0.313357,-1.42822,-0.61404,1.97531,-1.03148,0,0,0
M17053,M,299.5,308.9,1448,42.9,74,-0.411913,-1.43912,-1.07227,0.68605,-0.957148,0,0,0
M17054,M,299.6,308.9,1568,35.3,77,-0.35558,-1.41669,1.0589,-1.14708,-0.886617,0,0,0
L49375,L,299.6,308.9,1613,30.8,80,-0.341433,-1.43644,1.5983,-1.97397,-0.789475,0,0,0
M17056,M,299.7,308.9,1551,35.4,82,-0.288503,-1.40819,0.826536,-1.10514,-0.704344,0,0,0
L49377,L,299.7,309,1412,49.2,85,-0.305858,-1.4368,-1.77694,2.06237,-0.661052,0,0,0
M17058,M,299.7,308.9,1478,41,87,-0.283462,-1.41896,-0.462244,0.216695,-0.559191,0,0,0
M17059,M,299.8,309.1,1268,58,90,-0.286377,-1.22071,-3.09522,2.93047,-0.520069,0,0,0
L49380,L,299.8,309.1,1546,35.6,93,-0.274771,-1.22608,0.689006,-1.0684,-0.424809,0,0,0
L49381,L,299.8,309,1567,36.1,95,-0.238839,-1.43642,1.02655,-0.961681,-0.336373,0,0,0
M17062,M,299.9,309.2,1548,35.7,97,-0.179142,-1.16136,0.762488,-1.09812,-0.310863,0,0,0
L49383,L,299.8,309,1614,30.8,100,-0.217363,-1.44266,1.57133,-1.9737,-0.245499,0,0,0
M17064,M,299.7,309.1,1352,46.1,102,-0.349493,-1.26339,-2.67067,1.40318,-0.120856,0,0,0
L49385,L,299.9,309.2,1624,34.6,105,-0.116229,-1.13025,1.73762,-1.2736,-0.0960288,0,0,0
L49386,L,299.9,309.2,1436,52,107,-0.107322,-1.0909,-1.31393,2.40559,-0.0356453,0,0,0
L49387,L,299.8,309.2,1591,37.5,109,-0.181814,-1.07593,1.31795,-0.602321,0.00338134,0,0,0
H31622,H,299.8,309.2,1435,42.6,111,-0.164778,-1.10669,-1.3407,0.597914,0.0983349,0,0,0
L49389,L,299.8,309.3,1386,49.4,116,-0.199674,-0.992748,-2.19714,2.066,0.260605,0,0,0
L49390,L,299.7,309.2,1401,54.1,118,-0.32631,-1.05688,-1.96947,2.62184,0.274943,0,0,0
M17071,M,299.6,309,1245,64,120,-0.329586,-1.36077,-3.10411,3.09963,0.367665,0,0,0
L49392,L,299.7,309.1,1475,40,123,-0.320449,-1.21373,-0.554607,-0.0019407,0.459149,0,0,0
L49393,L,299.7,309.1,1473,39.4,125,-0.33097,-1.1844,-0.578924,-0.169252,0.477272,0,0,0
H31628,H,299.7,309.2,1355,44.8,127,-0.374991,-1.04655,-2.62607,1.14037,0.587193,0,0,0
H31629,H,299.7,309.2,1468,49.6,132,-0.325922,-1.06775,-0.652245,2.0737,0.729936,0,0,0
L49396,L,299.7,309.2,1645,30.8,137,-0.333038,-1.08348,1.90923,-1.98018,0.839484,0,0,0
L49397,L,299.7,309.1,1347,55.3,139,-0.348966,-1.20501,-2.70733,2.80838,0.87927,0,0,0
L49398,L,299.7,309.1,1713,33.5,141,-0.309404,-1.25885,2.3817,-1.51679,0.940319,0,0,0
M17079,M,299.6,309.1,1435,48.4,143,-0.325157,-1.2382,-1.38436,1.89641,1.00326,0,0,0
M17080,M,299.6,309,1736,26.1,146,-0.380605,-1.40728,2.45834,-2.61653,1.06853,0,0,0
L49401,L,299.6,309,1372,60.4,149,-0.394008,-1.41892,-2.39242,2.97417,1.20896,0,0,0
L49402,L,299.7,309,1605,33,151,-0.30846,-1.41594,1.48934,-1.61607,1.23462,0,0,0
L49403,L,299.6,309,1413,48.5,153,-0.378663,-1.39722,-1.73677,1.91143,1.33038,0,0,0
M17084,M,299.7,309,1645,31.9,155,-0.361823,-1.4234,1.87464,-1.77063,1.34201,0,0,0
M17085,M,299.7,309,1465,49,158,-0.304614,-1.44591,-0.724352,2.02409,1.43028,0,0,0
M17086,M,299.6,308.9,1685,27.8,161,-0.413837,-1.45259,2.21244,-2.42069,1.54513,0,0,0
L49407,L,299.5,308.8,1965,20.4,164,-0.441051,-1.58279,2.98084,-2.99545,1.61128,0,0,0
H31642,H,299.4,308.6,1542,41.8,166,-0.51877,-1.90164,0.665105,0.397757,1.73751,0,0,0
L49409,L,299.4,308.7,1681,30.8,171,-0.505587,-1.64406,2.15576,-2.01346,1.80265,0,0,0
L49410,L,299.5,308.7,1446,45.7,173,-0.437818,-1.68208,-1.10985,1.335,1.81895,0,0,0
L49411,L,299.4,308.6,1415,56.4,175,-0.550812,-1.91153,-1.71951,2.85434,1.90199,0,0,0
L49412,L,299.5,308.6,1672,30.5,177,-0.417,-1.91215,2.09379,-2.07157,1.99922,0,0,0
L49413,L,299.5,308.7,2549,13,179,-0.417054,-1.63187,3.10931,-3.12874,2.01156,0,1,1
L49414,L,299.4,308.6,1492,40.5,181,-0.517806,-1.91519,-0.218856,0.116362,2.09923,0,0,0
M17095,M,299.4,308.6,1455,42.7,183,-0.490927,-1.90532,-0.896836,0.645986,2.1735,0,0,0
M17096,M,299.3,308.5,1422,43.1,186,-0.525582,-2.06283,-1.59067,0.715072,2.22394,0,0,0
L49417,L,299.3,308.6,1403,50.6,189,-0.497122,-1.89511,-1.92038,2.25264,2.30713,0,0,0
L49418,L,299.3,308.6,1474,49.6,191,-0.479463,-1.93092,-0.546949,2.09913,2.37599,0,0,0
L49419,L,299.2,308.6,1381,50,193,-0.662864,-1.92384,-2.27668,2.16144,2.44817,0,0,0
L49420,L,299.2,308.5,1457,44.7,195,-0.649693,-2.08515,-0.84996,1.14475,2.47698,0,0,0
L49421,L,299.2,308.4,1711,28.9,197,-0.684558,-2.09833,2.37021,-2.3123,2.59324,0,0,0
L49422,L,299.2,308.4,1667,29,199,-0.632954,-2.11119,2.04735,-2.28604,2.62813,0,0,0
L49423,L,299.2,308.4,1465,35,201,-0.634304,-2.09301,-0.726132,-1.25607,2.68701,0,0,0
M17104,M,299.3,308.4,1542,37.5,203,-0.522051,-2.14947,0.644021,-0.62253,2.71469,0,1,1
M17105,M,299.3,308.4,1438,42.3,0,-0.536934,-2.11857,-1.28689,0.575372,-3.11153,0,0,0
L49426,L,299.3,308.4,1406,47.4,3,-0.550818,-2.16005,-1.82376,1.70632,-3.02124,0,0,0
M17107,M,299.2,308.4,1396,48.5,5,-0.644436,-2.22307,-2.03323,1.90039,-2.94466,0,0,0
M17108,M,299.3,308.5,1304,60.6,8,-0.513258,-2.06885,-2.94883,3.03818,-2.8648,0,0,0
L49429,L,299.2,308.5,1442,46.5,11,-0.622377,-2.07219,-1.16663,1.53425,-2.77021,0,0,0
M17110,M,299.2,308.4,1396,48.7,13,-0.612865,-2.24065,-2.02056,1.94479,-2.75188,0,0,0
H31665,H,299.1,308.3,1424,43.4,16,-0.749931,-2.30589,-1.56671,0.827465,-2.6266,0,0,0
H31666,H,299.1,308.3,1451,42.8,21,-0.819813,-2.32185,-1.02845,0.652794,-2.49378,0,0,0
L49433,L,299.2,308.4,1386,54.1,26,-0.597793,-2.24895,-2.19635,2.67412,-2.35845,0,0,0
L49434,L,299.1,308.3,1325,46.9,28,-0.80612,-2.28643,-2.87963,1.5871,-2.27569,0,0,0
L49435,L,299.1,308.3,1559,33.7,30,-0.795889,-2.32198,0.923275,-1.45005,-2.24,0,0,0
L49436,L,299.1,308.3,1489,38.1,32,-0.816719,-2.32042,-0.225747,-0.481493,-2.15117,0,0,0
L49437,L,299.1,308.3,1892,25.2,34,-0.79112,-2.29395,2.87212,-2.72546,-2.11028,0,0,0
L49438,L,299.1,308.2,1319,60.3,36,-0.729647,-2.4735,-2.90253,2.9913,-2.05944,0,0,0
L49439,L,299.1,308.3,1431,52.3,38,-0.764813,-2.2999,-1.37592,2.47559,-1.98625,0,0,0
H31674,H,299.1,308.3,1521,36.5,40,-0.783861,-2.33626,0.282301,-0.854737,-1.98028,0,0,0
M17121,M,299.1,308.2,1435,45.2,45,-0.741856,-2.45429,-1.34702,1.21003,-1.78602,0,0,0
L49442,L,299.1,308.3,1533,42.4,48,-0.768895,-2.28931,0.50326,0.548871,-1.69841,0,0,0
M17123,M,299.2,308.4,1529,43,50,-0.63915,-2.20872,0.406531,0.676325,-1.67378,0,0,0
M17124,M,299.2,308.4,1415,43.5,53,-0.638718,-2.17688,-1.68509,0.861526,-1.55623,0,0,0
M17125,M,299.2,308.4,1330,51.2,56,-0.597285,-2.1998,-2.85644,2.38839,-1.49813,0,0,0
L49446,L,299.2,308.5,1381,60.6,59,-0.630565,-2.06764,-2.24305,3.00192,-1.37195,0,0,0
L49447,L,299.2,308.5,1370,52.4,61,-0.614705,-2.08747,-2.41895,2.48687,-1.35601,0,0,0
L49448,L,299.2,308.5,1438,46.6,63,-0.62198,-2.11153,-1.24765,1.54964,-1.2722,0,0,0
L49449,L,299.3,308.6,1314,48.2,65,-0.560301,-1.91857,-2.9312,1.8538,-1.25961,0,0,0
L49450,L,299.3,308.6,1437,48.1,67,-0.572842,-1.89792,-1.29149,1.87574,-1.20515,0,0,0
L49451,L,299.2,308.5,1821,26.1,69,-0.612177,-2.08838,2.71563,-2.61467,-1.11044,0,0,0
M17132,M,299.3,308.6,1448,52.1,71,-0.580727,-1.87906,-1.08919,2.47089,-1.05147,0,0,0
L49453,L,299.3,308.5,1589,32.7,74,-0.576296,-2.11456,1.30141,-1.66834,-0.944811,0,0,0
L49454,L,299.3,308.6,1520,33.7,76,-0.583533,-1.86411,0.307437,-1.43703,-0.937157,0,0,0
L49455,L,299.3,308.6,1605,37,78,-0.595654,-1.90199,1.48309,-0.747448,-0.858119,0,0,0
L49456,L,299.3,308.7,1393,54.2,80,-0.551608,-1.64901,-2.11964,2.72454,-0.804838,0,0,0
H31691,H,299.3,308.7,1408,44.4,82,-0.545284,-1.63105,-1.86806,1.04358,-0.690675,0,0,0
M17138,M,299.3,308.7,1459,35.6,87,-0.551125,-1.63232,-0.839374,-1.0775,-0.585164,0,0,0
L49459,L,299.4,308.7,1525,39,90,-0.505488,-1.65801,0.406184,-0.246182,-0.499693,0,0,0
L49460,L,299.4,308.8,1390,57,92,-0.488305,-1.58184,-2.11273,2.88934,-0.437394,0,0,0
L49461,L,299.3,308.7,1536,38.9,94,-0.565193,-1.66664,0.565417,-0.265724,-0.400658,0,0,0
L49462,L,299.4,308.7,1459,47.6,96,-0.473461,-1.661,-0.819215,1.71417,-0.330542,0,0,0
L49463,L,299.2,308.5,1387,51.1,98,-0.66851,-2.08478,-2.17637,2.30454,-0.277525,0,0,0
L49464,L,299.2,308.5,1378,53.4,100,-0.693095,-2.13399,-2.3301,2.58144,-0.19424,0,0,0
L49465,L,299.4,308.7,1381,56.7,102,-0.471249,-1.6645,-2.2809,2.85746,-0.176308,0,0,0
M17146,M,299.4,308.7,1289,60.5,104,-0.503823,-1.63953,-3.03899,3.00857,-0.112606,0,0,0
L49467,L,299.4,308.6,1746,26.8,107,-0.468247,-1.90477,2.51506,-2.57915,-0.0263388,0,0,0
M17148,M,299.4,308.6,1541,39.1,109,-0.479416,-1.90102,0.648388,-0.237414,0.0157154,0,0,0
L49469,L,299.4,308.7,1504,37.8,112,-0.504164,-1.63764,-0.00350789,-0.527152,0.111478,0,0,0
M17150,M,299.5,308.7,1321,51.9,114,-0.442544,-1.64701,-2.90953,2.42616,0.155456,0,0,0
M17151,M,299.5,308.8,1886,20.9,117,-0.41328,-1.53135,2.84832,-2.92567,0.24747,0,0,0
L49472,L,299.6,308.9,1422,53.2,120,-0.360736,-1.4703,-1.62182,2.61554,0.38844,0,0,0
L49473,L,299.5,308.9,1520,38.3,122,-0.401224,-1.4684,0.297271,-0.422057,0.408064,0,0,0
L49474,L,299.4,308.8,1627,32.6,124,-0.448377,-1.57286,1.71897,-1.70545,0.462322,0,0,0
L49475,L,299.4,308.7,1512,37.2,126,-0.452562,-1.66062,0.163423,-0.699823,0.52425,0,0,0
L49476,L,299.4,308.7,1553,42.7,128,-0.442242,-1.64092,0.834684,0.615812,0.567585,0,0,0
L49477,L,299.3,308.7,1802,26,130,-0.5574,-1.70934,2.67795,-2.65462,0.683145,0,0,0
L49478,L,299.3,308.6,1482,37.6,132,-0.582158,-1.91282,-0.376698,-0.586357,0.707197,0,0,0
L49479,L,299.4,308.7,1446,62.9,134,-0.485042,-1.63832,-1.12236,3.07298,0.743077,0,1,1
L49480,L,299.3,308.6,1371,50.5,136,-0.615238,-1.89156,-2.42519,2.2491,0.831909,0,0,0
M17161,M,299.2,308.6,1586,35.7,138,-0.658448,-1.92691,1.25765,-1.08813,0.841407,0,0,0
L49482,L,299.2,308.5,1515,39.8,141,-0.654661,-2.12897,0.195383,-0.109644,0.971689,0,0,0
L49483,L,299.2,308.5,1374,53.6,143,-0.662345,-2.01911,-2.38141,2.61371,1.02019,0,0,0
L49484,L,299.1,308.5,1455,39.8,145,-0.739734,-2.05563,-0.934477,-0.0991729,1.03806,0,0,0
H31719,H,299.2,308.5,1342,47.5,147,-0.660692,-2.10383,-2.71319,1.7584,1.14366,0,0,0
L49486,L,299.1,308.6,1260,57.8,152,-0.73199,-1.89314,-3.04936,2.94129,1.32184,0,0,0
H31721,H,299,308.5,1623,33.5,154,-0.833931,-2.0956,1.70971,-1.50946,1.3424,0,0,0
L49488,L,299.1,308.5,1371,55.5,159,-0.769566,-2.08822,-2.41721,2.80628,1.45365,0,0,0
L49489,L,299.1,308.6,1611,31.4,161,-0.784724,-1.88589,1.57936,-1.91207,1.51153,0,0,0
M17170,M,299,308.4,1535,47.5,163,-0.846991,-2.21691,0.505451,1.76458,1.61271,0,0,0
M17171,M,299.1,308.6,1491,38.5,166,-0.760314,-1.9309,-0.21422,-0.350818,1.66685,0,0,0
M17172,M,299.1,308.6,1441,36.2,169,-0.724291,-1.91288,-1.21145,-0.951417,1.78033,0,0,0
M17173,M,299.1,308.8,1725,26.6,172,-0.724682,-1.58808,2.38239,-2.56494,1.83399,0,0,0
L49494,L,299.2,308.9,1368,47.2,175,-0.634224,-1.42623,-2.40747,1.66702,1.90134,0,0,0
L49495,L,299.2,308.9,1526,37.9,177,-0.678948,-1.48299,0.38131,-0.517849,1.97482,0,0,0
L49496,L,299.2,308.8,1542,39.2,179,-0.707151,-1.54469,0.629199,-0.210353,2.033,0,0,0
L49497,L,299.2,308.8,1605,31.1,181,-0.65046,-1.55019,1.49735,-1.94091,2.1029,0,0,0
L49498,L,299.2,308.8,1405,51.4,183,-0.665848,-1.54392,-1.93096,2.426,2.14982,0,0,0
M17179,M,299.2,308.8,1700,33.5,185,-0.641922,-1.55691,2.28686,-1.49164,2.21916,0,0,0
H31734,H,299.2,308.8,1440,39.1,188,-0.654378,-1.57816,-1.26058,-0.261438,2.3301,0,0,0
M17181,M,299.2,308.8,1314,52.5,193,-0.695773,-1.5878,-2.93976,2.52555,2.41976,0,0,0
L49502,L,299.2,308.7,1514,41.9,196,-0.679356,-1.7731,0.206581,0.42599,2.48418,0,0,0
M17183,M,299.2,308.7,1401,47,198,-0.668263,-1.76131,-1.96688,1.63847,2.59406,0,0,0
L49504,L,299.3,308.8,1636,29.9,201,-0.59193,-1.55478,1.80778,-2.14983,2.64831,0,0,0
L49505,L,299.3,308.8,1603,33.9,203,-0.605183,-1.55646,1.46352,-1.44695,2.7469,0,0,0
M17186,M,299.4,308.7,1487,52.6,205,-0.501851,-1.77208,-0.313082,2.53238,2.84901,0,0,0
M17187,M,299.3,308.7,1420,50.3,208,-0.608407,-1.78644,-1.64492,2.19731,2.84728,0,0,0
L49508,L,299.3,308.7,1579,36.3,211,-0.62067,-1.7544,1.2071,-0.890382,2.94087,0,0,0
L49509,L,299.3,308.7,1484,40.5,213,-0.543132,-1.73335,-0.376804,0.0990855,2.93137,0,0,0
M17190,M,299.3,308.7,1390,49.3,215,-0.509703,-1.73297,-2.15201,2.04381,3.00326,0,0,0
L49511,L,299.3,308.6,1384,53.6,218,-0.530871,-1.87517,-2.22312,2.62601,3.01148,0,1,1
L49512,L,299.2,308.5,1378,50.4,220,-0.657181,-2.13152,-2.27867,2.25506,3.0721,0,1,1
L49513,L,299.2,308.5,1445,45.2,222,-0.630844,-2.05812,-1.11307,1.18622,3.07375,0,0,0
L49514,L,299.2,308.4,1445,43.5,224,-0.65869,-2.22572,-1.15738,0.841494,3.09694,0,0,0
L49515,L,299.2,308.4,1509,39.4,0,-0.632094,-2.16927,0.122769,-0.183157,-3.09523,0,0,0
L49516,L,299.2,308.4,1434,46.8,2,-0.657878,-2.17309,-1.33351,1.58063,-3.06416,0,0,0
L49517,L,299.2,308.4,1877,23.9,4,-0.613403,-2.15961,2.8214,-2.78103,-3.00658,0,0,0
L49518,L,299.3,308.3,1651,28,6,-0.596372,-2.37322,1.98437,-2.4227,-2.94859,0,0,0
L49519,L,299.2,308.2,1466,41.3,8,-0.59242,-2.44331,-0.702776,0.257368,-2.86964,0,0,0
L49520,L,299.1,308.1,1479,40.7,10,-0.77992,-2.54327,-0.418136,0.164455,-2.81607,0,0,0
L49521,L,299.1,308.2,1409,46.4,12,-0.762463,-2.46578,-1.84523,1.462,-2.74078,0,0,0
M17202,M,299.2,308.2,1674,28.2,14,-0.588755,-2.44535,2.08544,-2.4041,-2.72091,0,0,0
L49523,L,299.1,308.3,1305,61.4,17,-0.726592,-2.35619,-2.99726,3.04081,-2.57398,0,0,0
M17204,M,299.2,308.3,1755,26.4,19,-0.570839,-2.3803,2.56243,-2.59453,-2.56946,0,0,0
L49525,L,299.2,308.4,1475,38.7,22,-0.590603,-2.16159,-0.527981,-0.331439,-2.46487,0,0,0
L49526,L,299.2,308.4,1402,47.7,24,-0.63668,-2.13458,-1.9215,1.76468,-2.3663,0,0,0
L49527,L,299.2,308.3,1410,43,26,-0.594319,-2.35756,-1.79895,0.69672,-2.33314,0,0,0
L49528,L,299.2,308.4,1436,41.8,28,-0.625748,-2.09817,-1.32147,0.431402,-2.27959,0,0,0
M17209,M,299.3,308.5,1386,42.2,30,-0.579608,-2.05399,-2.19376,0.51275,-2.21719,0,0,0
L49530,L,299.3,308.6,1744,26.4,33,-0.586674,-1.84709,2.52023,-2.57269,-2.16256,0,0,0
L49531,L,299.2,308.4,1393,48.4,35,-0.624678,-2.16474,-2.0779,1.92311,-2.08768,0,0,0
M17212,M,299.3,308.5,1422,45.4,37,-0.539357,-2.05094,-1.5756,1.31382,-2.06971,0,0,0
L49533,L,299.2,308.4,1841,22.8,40,-0.615376,-2.15958,2.76231,-2.8602,-1.95584,0,0,0
L49534,L,299.3,308.6,1433,37.7,42,-0.576741,-1.88655,-1.38678,-0.534327,-1.90115,0,0,0
M17215,M,299.3,308.5,1305,60.6,44,-0.544762,-2.11351,-2.99457,3.00873,-1.80962,0,0,0
H31770,H,299.3,308.6,1498,39.5,47,-0.594291,-1.88312,-0.138222,-0.146062,-1.77674,0,0,0
L49537,L,299.3,308.5,1772,26.1,52,-0.60711,-2.05139,2.61963,-2.60855,-1.57938,0,0,0
M17218,M,299.2,308.4,1381,42.5,54,-0.630056,-2.1348,-2.29473,0.613264,-1.52155,0,0,0
L49539,L,299.3,308.5,1413,38.5,57,-0.591569,-2.05783,-1.72724,-0.400176,-1.43876,0,0,0
H31774,H,299.2,308.4,1388,53.2,59,-0.619232,-2.17007,-2.22548,2.60348,-1.41997,0,0,0
M17221,M,299.2,308.6,1631,35.4,64,-0.606753,-1.88864,1.74943,-1.10596,-1.24222,0,0,0
H31776,H,299.3,308.6,1520,41.4,67,-0.564562,-1.89054,0.298412,0.348752,-1.17081,0,0,0
L49543,L,299.3,308.5,1510,45.4,72,-0.559017,-2.10022,0.16459,1.2614,-1.02269,0,0,0
L49544,L,299.2,308.5,1366,49.7,74,-0.650331,-2.09916,-2.50835,2.09594,-0.980874,0,0,0
L49545,L,299.4,308.5,1845,22.9,76,-0.480542,-2.07314,2.78546,-2.84387,-0.87649,0,0,0
L49546,L,299.3,308.5,1485,44.7,78,-0.569139,-2.07395,-0.33247,1.13775,-0.901095,0,0,0
M17227,M,299.3,308.5,1496,39.4,80,-0.544289,-2.07908,-0.143421,-0.128571,-0.794903,0,0,0
M17228,M,299.3,308.4,1468,42.2,83,-0.567997,-2.15041,-0.671694,0.529189,-0.718507,0,0,0
M17229,M,299.2,308.4,1856,22.7,86,-0.653891,-2.17411,2.80848,-2.89487,-0.640882,0,0,0
L49550,L,299.2,308.4,1620,34.1,89,-0.675345,-2.18052,1.64257,-1.39987,-0.536716,0,0,0
L49551,L,299.3,308.5,1409,44.8,91,-0.554639,-2.08832,-1.80858,1.14435,-0.49058,0,0,0
M17232,M,299.3,308.5,1404,49.4,93,-0.601427,-2.11017,-1.92129,2.02847,-0.394146,0,0,0
L49553,L,299.2,308.4,1350,51.3,96,-0.711484,-2.16569,-2.65551,2.35257,-0.273969,0,0,0
M17234,M,299.2,308.4,1538,38,98,-0.67328,-2.18898,0.617915,-0.520229,-0.30186,0,0,0
M17235,M,299.2,308.4,1476,32.7,101,-0.693404,-2.17329,-0.513805,-1.66463,-0.210629,0,0,0
M17236,M,299.2,308.3,1364,51.8,104,-0.66535,-2.21812,-2.52976,2.41182,-0.0953688,0,0,0
M17237,M,299.2,308.3,1582,45.5,107,-0.647391,-2.27624,1.21124,1.26307,0.00952853,0,0,0
L49558,L,299.1,308.2,1348,56.1,110,-0.732722,-2.49447,-2.73649,2.8022,0.0454646,0,0,0
H31793,H,299.1,308.2,1450,46.1,112,-0.740786,-2.44675,-0.993965,1.4341,0.133664,0,0,0
L49560,L,299,308.1,1242,60.9,117,-0.770374,-2.56607,-3.14159,3.02464,0.297276,0,0,0
L49561,L,299.1,308.2,1493,34.9,119,-0.780069,-2.43555,-0.161124,-1.25751,0.33192,0,0,0
L49562,L,299.1,308.3,1601,31.4,121,-0.752129,-2.28996,1.45763,-1.91773,0.400497,0,0,0
L49563,L,299.1,308.2,1568,33.3,123,-0.728265,-2.43591,1.01041,-1.5924,0.460037,0,0,0
M17244,M,299.1,308.3,1506,38,125,-0.757223,-2.30689,0.0408901,-0.532563,0.494185,0,0,0
L49565,L,299.1,308.3,1524,34.1,128,-0.768792,-2.30179,0.375903,-1.42656,0.608937,0,0,0
L49566,L,299.1,308.4,1543,37.9,130,-0.799916,-2.09929,0.630697,-0.524243,0.672497,0,0,0
M17247,M,299.2,308.5,1474,47.2,132,-0.659325,-2.05657,-0.557775,1.62028,0.699278,0,0,0
M17248,M,299.2,308.5,1526,37.3,135,-0.636602,-2.0823,0.361163,-0.691611,0.785587,0,0,0
L49569,L,299.2,308.5,1867,27,138,-0.654362,-2.04608,2.83487,-2.52823,0.826812,0,0,0
L49570,L,299.2,308.5,1487,41.2,140,-0.615771,-2.06317,-0.274111,0.256075,0.916632,0,0,0
L49571,L,299.2,308.4,1580,32.6,142,-0.654254,-2.14391,1.23777,-1.67267,1.02617,0,0,0
L49572,L,299.2,308.5,1340,50,144,-0.669768,-2.05105,-2.77083,2.19151,1.04997,0,0,0
L49573,L,299.2,308.5,1544,41.6,146,-0.642985,-2.02578,0.635649,0.422495,1.08656,0,0,0
L49574,L,299.2,308.5,1488,40.3,148,-0.670027,-2.1157,-0.282638,0.00394833,1.1441,0,0,0
M17255,M,299.2,308.5,1742,28.9,150,-0.66759,-2.04686,2.49154,-2.27707,1.24909,0,0,0
M17256,M,299.1,308.5,1592,34.2,153,-0.713017,-2.10422,1.35896,-1.41771,1.26984,0,0,0
L49577,L,299.2,308.6,1582,38.8,156,-0.670275,-1.88221,1.20359,-0.310566,1.38669,0,0,0
L49578,L,299.2,308.5,1490,43.2,158,-0.674626,-2.10289,-0.259382,0.798744,1.48988,0,0,0
M17259,M,299.2,308.5,1594,35.8,160,-0.661681,-2.10267,1.3996,-1.02739,1.48309,0,0,0
H31814,H,299.2,308.6,1462,55,163,-0.694123,-1.88681,-0.742746,2.74633,1.63712,0,0,0
M17261,M,299.2,308.6,1367,47.6,168,-0.667132,-1.88417,-2.43694,1.74189,1.71888,0,0,0
L49582,L,299.2,308.7,1325,51,171,-0.689024,-1.72178,-2.90142,2.31699,1.80557,0,0,0
H31817,H,299.2,308.7,1448,51.4,173,-0.702306,-1.6871,-1.06187,2.36577,1.86067,0,0,0
M17264,M,299.1,308.7,2008,20.3,178,-0.801837,-1.66487,2.99501,-2.97408,2.03882,0,0,0
L49585,L,299.1,308.7,1498,38.9,181,-0.733074,-1.69394,-0.088775,-0.279339,2.13317,0,0,0
L49586,L,299.1,308.6,1437,41.6,183,-0.744975,-1.88821,-1.27855,0.385015,2.1816,0,0,0
M17267,M,299.1,308.6,1499,45.1,185,-0.75327,-1.85028,-0.0684745,1.21798,2.22354,0,0,0
L49588,L,299,308.4,1356,52.6,188,-0.854083,-2.24401,-2.60171,2.51639,2.33726,0,0,0
L49589,L,299.1,308.5,1539,46.8,190,-0.744227,-2.11148,0.592414,1.60385,2.35992,0,0,0
L49590,L,299.1,308.5,1689,32.1,192,-0.752026,-2.08625,2.19995,-1.78174,2.4065,0,0,0
L49591,L,299,308.5,1559,38.1,194,-0.845665,-2.09055,0.941552,-0.437053,2.45373,0,0,0
L49592,L,299.1,308.6,1408,46.7,196,-0.723577,-1.86451,-1.79562,1.55125,2.51046,0,0,0
L49593,L,299,308.5,1886,23,198,-0.810949,-2.02493,2.86121,-2.84306,2.6235,0,0,0
L49594,L,299.1,308.5,1415,43.4,0,-0.771088,-2.11004,-1.70456,0.824213,-3.12699,0,0,0
M17275,M,299.1,308.5,1587,35.6,2,-0.717296,-2.06413,1.29659,-1.10067,-3.03999,0,0,0
L49596,L,299,308.4,1571,38.6,5,-0.862136,-2.19964,1.08445,-0.310131,-2.93677,0,0,0
L49597,L,298.9,308.3,1576,36.6,7,-1.01591,-2.27007,1.18579,-0.85534,-2.89533,0,0,0
L49598,L,298.9,308.3,1660,34.4,9,-0.984964,-2.26478,1.98924,-1.32816,-2.86105,0,0,0
M17279,M,298.9,308.2,1328,49.2,11,-0.959647,-2.43781,-2.90632,2.0482,-2.79422,0,0,0
H31834,H,298.8,308.2,1450,44.7,14,-1.04978,-2.39424,-1.02943,1.11188,-2.69524,0,0,0
L49601,L,298.9,308.2,2384,15,19,-0.982163,-2.3973,3.14159,-3.11991,-2.543,0,0,0
L49602,L,298.8,308.2,1443,53.4,21,-1.07268,-2.41783,-1.19797,2.58237,-2.46725,0,0,0
M17283,M,298.9,308.2,2022,20,23,-0.995443,-2.39674,2.99867,-2.98699,-2.4376,0,0,0
L49604,L,298.9,308.2,1828,23.8,26,-1.00782,-2.40761,2.75719,-2.76548,-2.38355,0,0,0
L49605,L,298.8,308.1,1472,53.5,28,-1.07247,-2.52137,-0.566769,2.59933,-2.29069,0,0,0
M17286,M,298.9,308.2,1372,63.6,30,-1.00133,-2.3805,-2.40666,3.09378,-2.22108,0,1,1
L49607,L,298.9,308.3,1855,23.8,33,-0.98422,-2.38279,2.77934,-2.82387,-2.14869,0,0,0
M17288,M,299,308.3,1377,47.2,35,-0.838388,-2.3121,-2.32546,1.64937,-2.05722,0,0,0
L49609,L,298.9,308.3,1432,48.9,38,-0.991158,-2.35834,-1.38526,1.99942,-1.9926,0,0,0
M17290,M,298.9,308.2,1335,47.8,40,-0.972566,-2.41277,-2.80388,1.77566,-1.91449,0,0,0
M17291,M,298.9,308.2,1411,51.3,43,-0.971351,-2.3764,-1.8278,2.38275,-1.87385,0,0,0
L49612,L,298.9,308.2,1510,43.5,46,-1.00122,-2.42997,0.115609,0.852735,-1.76634,0,0,0
L49613,L,299,308.3,1441,44,48,-0.861928,-2.3629,-1.22203,0.910641,-1.74034,0,0,0
M17294,M,299,308.2,1358,42.7,50,-0.870216,-2.43152,-2.63265,0.617979,-1.66005,0,0,0
L49615,L,298.9,308.2,1686,30.4,53,-0.98615,-2.42994,2.22502,-2.09347,-1.5624,0,0,0
H31850,H,299,308.2,1662,30.4,55,-0.804801,-2.40466,2.03493,-2.09894,-1.54207,0,0,0
L49617,L,299.1,308.3,1426,40.1,60,-0.745738,-2.35991,-1.52263,0.0142624,-1.33881,0,0,0
M17298,M,299.1,308.4,1330,53.6,62,-0.732534,-2.1112,-2.82362,2.60739,-1.27892,0,0,0
L49619,L,299.1,308.4,1693,31.6,65,-0.789914,-2.11656,2.25938,-1.85892,-1.24555,0,0,0
L49620,L,299.1,308.4,1426,47.9,67,-0.680085,-2.14935,-1.51938,1.83102,-1.16039,0,0,0
L49621,L,299.1,308.5,1676,31,69,-0.74972,-2.05652,2.11082,-1.94987,-1.11025,0,0,0
M17302,M,299.1,308.4,1332,51.7,71,-0.702338,-2.16766,-2.80164,2.41843,-1.01362,0,0,0
L49623,L,299.1,308.5,1647,35,74,-0.746265,-2.03138,1.92165,-1.18992,-0.980295,0,0,0
L49624,L,299.2,308.6,1267,68.2,76,-0.632926,-1.91367,-3.11115,3.09876,-0.92028,0,1,1
H31859,H,299.2,308.7,1375,55.1,78,-0.61506,-1.70049,-2.34363,2.77271,-0.854336,0,0,0
L49626,L,299.3,308.6,1422,48.9,83,-0.597704,-1.93514,-1.55682,1.98808,-0.700063,0,0,0
L49627,L,299.3,308.7,1408,48.7,85,-0.629928,-1.698,-1.85887,1.94351,-0.633826,0,0,0
L49628,L,299.4,308.9,1440,42.5,87,-0.489494,-1.44954,-1.21645,0.622024,-0.593999,0,0,0
L49629,L,299.3,308.8,1772,25.2,89,-0.593831,-1.54391,2.586,-2.73705,-0.588886,0,0,0
L49630,L,299.2,308.7,1492,37.8,91,-0.633969,-1.70286,-0.225014,-0.568841,-0.479738,0,0,0
L49631,L,299.2,308.7,1650,30.5,93,-0.654183,-1.7062,1.97373,-2.07342,-0.411461,0,0,0
M17312,M,299.1,308.6,2329,14.6,95,-0.749944,-1.93897,3.08683,-3.11396,-0.363487,0,0,0
L49633,L,299,308.6,1648,30.8,98,-0.820686,-1.92115,1.90282,-1.9749,-0.295035,0,0,0
L49634,L,299,308.6,1653,31.7,100,-0.805479,-1.88055,1.94419,-1.82175,-0.203799,0,0,0
L49635,L,299,308.6,1946,22.3,102,-0.806455,-1.96202,2.97048,-2.88934,-0.165446,0,0,0
L49636,L,299.1,308.6,1555,36.6,104,-0.708757,-1.93842,0.882222,-0.857252,-0.107504,0,0,0
L49637,L,299,308.6,1661,32.2,106,-0.835998,-1.93108,1.99912,-1.76537,-0.0354709,0,0,0
L49638,L,299,308.6,1434,45.9,108,-0.818127,-1.91851,-1.32941,1.38968,-0.03896,0,0,0
L49639,L,299,308.6,1297,54.2,110,-0.821146,-1.92009,-2.99608,2.71062,0.0787713,0,0,0
L49640,L,299,308.6,1466,46.4,112,-0.820537,-1.90792,-0.733514,1.50765,0.145594,0,0,0
M17321,M,298.9,308.6,1517,39.8,114,-1.00029,-1.92822,0.249624,-0.0988149,0.20225,0,0,0
L49642,L,298.9,308.5,1742,34.5,117,-1.03843,-2.04891,2.50583,-1.2822,0.260892,0,0,0
L49643,L,298.9,308.5,1580,39.1,119,-1.01382,-2.06354,1.20365,-0.245677,0.302615,0,0,0
M17324,M,298.9,308.5,1534,42.9,121,-1.03513,-2.10608,0.522154,0.663445,0.359234,0,0,0
L49645,L,298.9,308.6,1481,40.7,124,-1.01897,-1.90406,-0.41263,0.17752,0.494544,0,0,0
L49646,L,299,308.6,1429,37.7,126,-0.800817,-1.92718,-1.47068,-0.623371,0.510997,0,0,0
M17327,M,298.9,308.6,1574,33.5,128,-1.00424,-1.94016,1.15391,-1.4834,0.583394,0,0,0
M17328,M,298.9,308.6,1524,40.4,131,-0.995587,-1.94627,0.347086,0.0668474,0.665251,0,0,0
L49649,L,299,308.7,1507,37.5,134,-0.820928,-1.7546,0.122148,-0.636511,0.762658,0,0,0
L49650,L,298.9,308.5,1467,44.7,136,-1.00114,-2.05824,-0.685507,1.11992,0.77112,0,0,0
L49651,L,298.9,308.4,1301,51.1,138,-0.98516,-2.18619,-3.03764,2.31236,0.840331,0,0,0
L49652,L,298.9,308.5,1429,55.1,140,-0.975586,-2.05249,-1.43553,2.79587,0.949375,0,0,0
M17333,M,298.9,308.5,1555,37.6,142,-1.00649,-2.09041,0.852479,-0.61018,0.984504,0,0,0
L49654,L,298.9,308.5,1503,40.6,145,-1.0331,-2.03345,0.0140351,0.11438,1.03685,0,0,0
L49655,L,298.9,308.5,1459,43.1,147,-1.00547,-2.07393,-0.848053,0.705937,1.14012,0,0,0
H31890,H,298.9,308.4,1449,42.4,149,-0.998633,-2.15876,-1.03239,0.509897,1.19322,0,0,0
L49657,L,298.9,308.5,1387,57.3,154,-0.98506,-2.08949,-2.17329,2.87899,1.31776,0,0,0
M17338,M,298.9,308.5,1456,50,156,-0.973387,-2.06352,-0.891397,2.14642,1.39178,0,0,0
L49659,L,299,308.5,1604,34.7,159,-0.773003,-2.08396,1.49955,-1.28197,1.43332,0,0,0
L49660,L,299,308.6,1734,32.4,161,-0.791387,-1.93898,2.4442,-1.73414,1.50277,0,0,0
L49661,L,299,308.6,1378,47.8,163,-0.831383,-1.97384,-2.29496,1.79504,1.59915,0,0,0
L49662,L,298.9,308.7,1504,41.8,165,-1.0296,-1.73746,0.0194256,0.443328,1.64426,0,0,0
M17343,M,298.9,308.7,1402,49.8,167,-0.991409,-1.75838,-1.95811,2.11654,1.6801,0,0,0
H31898,H,298.8,308.6,1524,37.7,170,-1.19064,-1.96699,0.390996,-0.584815,1.74748,0,0,0
L49665,L,298.8,308.6,1593,35.5,175,-1.20566,-1.96846,1.36673,-1.09137,1.89537,0,0,0
M17346,M,298.9,308.7,1772,28.4,177,-0.914495,-1.75266,2.63183,-2.34508,2.00595,0,0,0
H31901,H,298.9,308.6,1623,31,180,-1.00925,-1.94062,1.67599,-1.99246,2.08355,0,0,0
L49668,L,298.9,308.7,1356,50.7,185,-0.942333,-1.75044,-2.59305,2.26101,2.20349,0,0,0
H31903,H,298.9,308.7,1500,41.6,187,-1.01571,-1.71192,-0.0622208,0.408772,2.23571,0,0,0
H31904,H,299.1,308.8,1566,46.6,192,-0.764176,-1.62822,1.02387,1.52953,2.42134,0,0,0
L49671,L,299.1,308.9,1445,43.4,197,-0.718407,-1.42809,-1.14045,0.801006,2.52474,0,0,0
H31906,H,299,308.8,1382,58.5,199,-0.811636,-1.58301,-2.23677,2.9132,2.61394,0,0,0
M17353,M,299,308.8,1418,45.7,204,-0.839928,-1.60507,-1.71533,1.3054,2.81231,0,0,0
L49674,L,299.1,308.8,1329,53.6,207,-0.724667,-1.64954,-2.85598,2.64005,2.85397,0,1,1
M17355,M,299.1,308.8,1491,41,209,-0.743068,-1.63804,-0.205901,0.216956,2.90507,0,0,0
M17356,M,299.2,308.9,1573,37.4,212,-0.643214,-1.45991,1.14787,-0.666992,2.94893,0,0,0
M17357,M,299.2,308.9,1521,42.3,215,-0.664669,-1.45576,0.310054,0.527933,3.00723,0,0,0
L49678,L,299.1,308.9,1467,47.2,218,-0.712741,-1.41416,-0.652406,1.65245,3.06641,0,0,0
M17359,M,299.1,308.9,1325,48.4,220,-0.731381,-1.41607,-2.91035,1.93782,3.04752,0,0,0
L49680,L,299.1,308.9,1617,32.3,223,-0.717112,-1.46239,1.64482,-1.75146,3.04743,0,0,0
M17361,M,299.1,308.9,1476,42.7,225,-0.777593,-1.45847,-0.503737,0.586613,3.07188,0,0,0
L49682,L,299.2,309,1515,48.9,228,-0.654058,-1.35421,0.221537,1.97302,3.07551,0,1,1
L49683,L,299.2,309,1408,47.2,0,-0.663373,-1.37297,-1.83281,1.64094,-3.08681,0,0,0
L49684,L,299.2,309.1,1468,45.6,2,-0.711923,-1.19814,-0.674566,1.32445,-3.04511,0,0,0
L49685,L,299.2,309.1,1387,48.7,4,-0.695799,-1.22,-2.18507,1.97006,-2.9203,0,0,0
M17366,M,299.2,309.1,1503,34.7,6,-0.69201,-1.18662,-0.00305461,-1.25358,-2.92084,0,0,0
H31921,H,299.2,309.1,1410,47.1,9,-0.670409,-1.19323,-1.76907,1.65855,-2.8645,0,0,0
L49688,L,299,308.9,1615,30.6,14,-0.814834,-1.45326,1.55693,-2.06403,-2.71005,0,0,0
L49689,L,299,308.9,1511,35.9,16,-0.836257,-1.45284,0.120727,-0.989923,-2.60665,0,0,0
L49690,L,299.1,309,1405,53.8,18,-0.726402,-1.35776,-1.88447,2.63626,-2.54515,0,0,0
M17371,M,299,308.9,1526,41.1,20,-0.811909,-1.39336,0.400165,0.284033,-2.53513,0,0,0
L49692,L,298.9,308.8,1530,38.3,23,-1.0121,-1.65105,0.470867,-0.434945,-2.41932,0,0,0
L49693,L,299,308.7,1583,32.5,25,-0.792732,-1.72983,1.24774,-1.67797,-2.36323,0,0,0
L49694,L,298.9,308.6,2069,18.7,27,-1.0033,-1.93264,3.04469,-3.02622,-2.28501,0,0,0
L49695,L,298.8,308.5,1490,35,29,-1.15024,-2.07853,-0.222402,-1.22341,-2.24228,0,0,0
L49696,L,298.8,308.5,1736,29,31,-1.1486,-2.08347,2.50458,-2.28253,-2.21364,0,0,0
L49697,L,298.8,308.5,1395,44.4,33,-1.12861,-2.08187,-2.02674,1.02725,-2.15923,0,0,0
M17378,M,298.9,308.6,1425,49.6,35,-0.976884,-1.97032,-1.50985,2.06157,-2.0997,0,0,0
L49699,L,298.8,308.6,1631,32.4,38,-1.17333,-1.95168,1.77959,-1.699,-1.97147,0,0,0
L49700,L,298.8,308.6,1535,41.2,40,-1.13789,-1.97866,0.548751,0.241166,-1.94296,0,0,0
L49701,L,298.8,308.6,1584,34.4,42,-1.15597,-1.94755,1.26382,-1.35973,-1.84223,0,0,0
M17382,M,298.8,308.7,1543,38.2,44,-1.13548,-1.69933,0.673527,-0.432128,-1.82816,0,0,0
L49703,L,298.8,308.7,1635,35.2,47,-1.10746,-1.74474,1.81614,-1.15869,-1.75702,0,0,0
M17384,M,298.8,308.7,1446,45.5,49,-1.13983,-1.73928,-1.09611,1.31181,-1.667,0,0,0
M17385,M,298.8,308.6,1598,35.1,52,-1.13078,-1.95179,1.38297,-1.21061,-1.60648,0,0,0
L49706,L,298.8,308.6,1501,35,55,-1.09498,-1.94057,-0.00710193,-1.1902,-1.47839,0,0,0
L49707,L,298.8,308.5,1450,50.8,57,-1.14197,-2.07243,-1.02064,2.26459,-1.46603,0,0,0
L49708,L,298.8,308.6,1730,25.9,59,-1.20274,-1.9061,2.4466,-2.64216,-1.40407,0,0,0
M17389,M,298.8,308.6,1571,33.7,61,-1.18325,-1.93477,1.09799,-1.46425,-1.32522,0,0,0
L49710,L,298.9,308.7,1438,51.7,64,-1.00616,-1.72021,-1.23801,2.38274,-1.24795,0,0,0
M17391,M,298.8,308.5,1510,38.7,66,-1.12772,-2.06284,0.141888,-0.347572,-1.16945,0,0,0
L49712,L,298.9,308.7,1389,44.9,69,-0.95199,-1.71766,-2.1174,1.18017,-1.12447,0,0,0
L49713,L,298.8,308.7,1490,33.6,71,-1.07641,-1.72879,-0.254321,-1.47803,-1.02722,0,0,0
L49714,L,298.9,308.7,1729,26.6,73,-0.937134,-1.71046,2.46565,-2.59273,-1.01269,0,0,0
L49715,L,299,308.8,1495,38.4,75,-0.809461,-1.63311,-0.127612,-0.402821,-0.942387,0,0,0
L49716,L,298.9,308.8,1281,53.9,77,-0.936694,-1.61269,-3.10049,2.64604,-0.864761,0,0,0
H31951,H,298.9,308.7,1353,48.1,79,-0.956542,-1.7287,-2.66307,1.86891,-0.822223,0,0,0
L49718,L,299.1,308.8,1429,50.1,84,-0.755039,-1.61814,-1.44518,2.19512,-0.653975,0,0,0
L49719,L,299.1,308.8,1413,42.1,86,-0.78988,-1.5973,-1.75831,0.462689,-0.638032,0,0,0
L49720,L,299.1,308.8,1502,38.3,88,-0.787051,-1.59402,-0.0101002,-0.447574,-0.554045,0,0,0
H31955,H,299.1,308.8,1553,32.6,90,-0.7822,-1.63767,0.845516,-1.69899,-0.522602,0,0,0
H31956,H,299.2,308.9,1712,26.4,95,-0.672767,-1.4176,2.35509,-2.56679,-0.336086,0,0,0
L49723,L,299.3,309,1786,23.5,100,-0.540503,-1.34789,2.64799,-2.82151,-0.282458,0,0,0
L49724,L,299.2,309,1951,21.4,102,-0.681411,-1.32787,2.95895,-2.97699,-0.137555,0,0,0
M17405,M,299.2,309,1541,36.3,104,-0.659973,-1.32237,0.56644,-0.895955,-0.109737,0,0,0
L49726,L,299.2,309.1,1605,34.3,107,-0.746187,-1.21003,1.48582,-1.31968,-0.0521356,0,0,0
L49727,L,299.2,309.1,1578,38.1,109,-0.682941,-1.19398,1.19769,-0.478192,0.0502443,0,0,0
M17408,M,299.3,309.2,1440,37.5,111,-0.501081,-1.11942,-1.2106,-0.650987,0.0747503,0,0,0
L49729,L,299.4,309.2,1489,42.3,114,-0.442059,-1.08959,-0.248797,0.544023,0.183358,0,0,0
L49730,L,299.4,309.3,1366,48.4,116,-0.473926,-0.97917,-2.45766,1.91258,0.240177,0,0,0
L49731,L,299.3,309.2,1541,37.2,118,-0.525954,-1.0404,0.627132,-0.711577,0.304055,0,0,0
H31966,H,299.3,309.1,1552,40.7,120,-0.512696,-1.2795,0.788356,0.143396,0.361678,0,0,0
L49733,L,299.3,309.1,1473,40.3,125,-0.526579,-1.29684,-0.54855,0.0720635,0.534794,0,0,0
L49734,L,299.3,309.1,1531,37.9,127,-0.517425,-1.17836,0.509645,-0.464841,0.546001,0,0,0
L49735,L,299.3,309.2,1511,37.2,129,-0.526024,-1.10899,0.146576,-0.693686,0.617354,0,0,0
M17416,M,299.3,309.1,1449,47.9,131,-0.517293,-1.23694,-1.0462,1.79452,0.683666,0,0,0
M17417,M,299.4,309.1,1440,50,134,-0.450156,-1.21205,-1.20823,2.16489,0.744693,0,0,0
M17418,M,299.2,309,1881,23.9,137,-0.683862,-1.32692,2.86711,-2.76183,0.85451,0,0,0
L49739,L,299.3,309,1447,50.4,140,-0.523544,-1.28987,-1.1019,2.25483,0.941999,0,0,0
M17420,M,299.4,309.1,1326,62,142,-0.462449,-1.25014,-2.85967,3.04378,0.979067,0,0,0
L49741,L,299.4,309.2,1607,31.7,145,-0.488875,-1.11514,1.51798,-1.84316,1.08209,0,0,0
L49742,L,299.3,309.1,1551,39.1,147,-0.523119,-1.21657,0.808708,-0.231182,1.07139,0,0,0
L49743,L,299.3,309.1,1496,37.2,149,-0.527076,-1.20936,-0.114641,-0.652803,1.17288,0,0,0
L49744,L,299.3,309.1,1493,38,151,-0.580362,-1.26552,-0.177234,-0.523458,1.24026,0,0,0
L49745,L,299.4,309.1,1304,50.5,153,-0.442711,-1.20356,-2.97863,2.29196,1.32309,0,0,0
M17426,M,299.3,309,1420,41.6,155,-0.5505,-1.37474,-1.64943,0.372597,1.35486,0,0,0
L49747,L,299.4,309.1,1766,24.6,158,-0.475379,-1.20864,2.63067,-2.73033,1.42095,0,0,0
L49748,L,299.6,309.2,1450,43.1,160,-0.377301,-1.03181,-0.987066,0.724068,1.50356,0,0,0
H31983,H,299.5,309.2,1872,22.6,162,-0.426018,-1.0676,2.81151,-2.89467,1.54701,0,0,0
L49750,L,299.6,309.2,1713,26.5,167,-0.383026,-1.10656,2.36897,-2.56716,1.70422,0,0,0
M17431,M,299.5,309.2,1497,40.9,169,-0.447645,-1.04109,-0.118791,0.214497,1.72575,0,0,0
M17432,M,299.4,309.1,1352,44.7,172,-0.442127,-1.22849,-2.6769,1.09552,1.87395,0,0,0
L49753,L,299.5,309.2,1499,41.5,175,-0.426921,-1.0743,-0.0490056,0.3212,1.92488,0,0,0
L49754,L,299.5,309.3,1972,19.3,177,-0.458818,-1.01441,2.96476,-3.00691,2.02221,0,0,0
L49755,L,299.5,309.3,1422,49.2,179,-0.425657,-0.957912,-1.60095,2.03512,2.04244,0,0,0
L49756,L,299.5,309.3,1523,41.5,181,-0.464074,-0.997467,0.362202,0.340326,2.09883,0,0,0
L49757,L,299.5,309.4,1563,41.5,183,-0.425228,-0.868797,0.921319,0.344389,2.1467,0,0,0
L49758,L,299.4,309.3,1391,46.6,185,-0.456208,-1.00955,-2.11679,1.55017,2.22565,0,0,0
L49759,L,299.3,309.1,1795,24.7,187,-0.573607,-1.25449,2.62439,-2.7705,2.25574,0,0,0
L49760,L,299.3,309.1,1293,53.7,189,-0.51443,-1.24547,-3.04407,2.60594,2.28881,0,0,0
L49761,L,299.2,309.1,1345,60.7,191,-0.709805,-1.20365,-2.75767,3.03094,2.37684,0,1,1
L49762,L,299.2,309,1615,33.7,193,-0.665877,-1.42457,1.60843,-1.43601,2.43667,0,0,0
L49763,L,299.2,308.9,1342,50.8,195,-0.696771,-1.44213,-2.75951,2.30299,2.51249,0,0,0
L49764,L,299.1,308.8,1502,46.7,197,-0.759376,-1.58315,-0.0306786,1.58323,2.51884,0,0,0
M17445,M,299,308.7,1620,35.4,199,-0.819109,-1.71235,1.63777,-1.14171,2.63039,0,0,0
L49766,L,299,308.7,1537,42.8,202,-0.830837,-1.76624,0.547901,0.672655,2.70038,0,0,0
L49767,L,299,308.7,2248,16.8,204,-0.799153,-1.70214,3.08834,-3.06633,2.73658,0,0,0
L49768,L,299,308.7,1706,28.6,206,-0.833912,-1.74395,2.34059,-2.37198,2.82261,0,0,0
L49769,L,299,308.7,2250,16.6,208,-0.825585,-1.72045,3.05063,-3.11848,2.84221,0,0,0
L49770,L,299,308.7,1396,48.6,0,-0.831719,-1.72866,-2.03487,1.97553,-3.08756,0,0,0
L49771,L,298.9,308.6,1522,46.4,2,-0.976492,-1.94288,0.342448,1.49797,-3.01378,0,0,0
L49772,L,298.9,308.6,1539,45.4,4,-0.989844,-1.9202,0.63046,1.24969,-3.0349,0,0,0
H32007,H,298.9,308.5,1415,54,6,-0.97071,-2.0701,-1.72486,2.6572,-2.88128,0,0,0
L49774,L,298.8,308.5,1446,37,11,-1.08235,-2.10642,-1.13727,-0.724497,-2.80248,0,0,0
M17455,M,298.8,308.6,1486,41.1,13,-1.08024,-1.85373,-0.342145,0.258894,-2.73339,0,0,0
L49776,L,299,308.7,1426,38.6,16,-0.866823,-1.73274,-1.54423,-0.34089,-2.66565,0,0,0
L49777,L,299,308.7,1449,38.9,18,-0.848587,-1.78537,-1.06071,-0.30948,-2.53708,0,0,0
L49778,L,299.1,308.8,1320,67.5,20,-0.72753,-1.60447,-2.94264,3.09368,-2.52677,0,1,1
M17459,M,299.2,308.9,1447,39.6,22,-0.650932,-1.41439,-1.08754,-0.11337,-2.45396,0,0,0
L49780,L,299.3,309,1422,47.3,25,-0.601878,-1.29795,-1.60186,1.68661,-2.33512,0,0,0
L49781,L,299.3,309.1,1399,52.1,27,-0.595341,-1.20468,-1.9985,2.45897,-2.30027,0,0,0
L49782,L,299.4,309.2,1427,41.5,29,-0.515206,-1.08397,-1.48667,0.356898,-2.24405,0,0,0
M17463,M,299.3,309.2,1334,46.3,31,-0.600689,-1.02404,-2.83189,1.45721,-2.17134,0,0,0
M17464,M,299.3,309.1,1385,45.6,34,-0.602318,-1.19386,-2.20906,1.28179,-2.08816,0,0,0
L49785,L,299.4,309.2,1552,37.4,37,-0.477747,-1.03538,0.779585,-0.645069,-2.05459,0,0,0
H32020,H,299.4,309.3,1534,37.5,39,-0.499616,-0.993015,0.517234,-0.672545,-1.95775,0,0,0
L49787,L,299.4,309.3,1448,48.6,44,-0.497481,-1.01859,-1.08123,1.95829,-1.81287,0,0,0
L49788,L,299.5,309.3,1409,44.7,46,-0.444929,-1.01542,-1.82161,1.11869,-1.77743,0,0,0
L49789,L,299.4,309.2,1621,34.5,48,-0.5233,-1.09018,1.64677,-1.31095,-1.70245,0,0,0
H32024,H,299.4,309.1,1547,40.9,50,-0.464288,-1.21174,0.723778,0.205703,-1.6337,0,0,0
L49791,L,299.4,309.1,1957,22.1,55,-0.492822,-1.19265,2.9382,-2.90299,-1.51738,0,0,0
L49792,L,299.4,309.1,2421,14.2,57,-0.448235,-1.17208,3.10496,-3.09796,-1.45283,0,0,0
M17473,M,299.3,309.1,1571,38.3,59,-0.556227,-1.26071,1.15176,-0.437407,-1.41364,0,0,0
L49794,L,299.3,309.1,1634,36.8,62,-0.578777,-1.26632,1.8092,-0.811636,-1.32325,0,0,0
L49795,L,299.3,309,1516,38.7,64,-0.571927,-1.29664,0.201532,-0.365368,-1.2166,0,0,0
L49796,L,299.4,309.1,1207,66.5,66,-0.468465,-1.23909,-3.14159,3.10782,-1.1747,0,0,0
L49797,L,299.4,309.1,1670,35.9,68,-0.476896,-1.26183,2.08405,-1.00181,-1.15546,0,0,0
M17478,M,299.4,309.1,1461,48.6,70,-0.496648,-1.26721,-0.803802,1.9443,-1.07318,0,0,0
L49799,L,299.4,309.2,1569,40.8,73,-0.495156,-1.05929,1.07547,0.167802,-0.955561,0,0,0
L49800,L,299.4,309.2,1556,35.7,75,-0.497927,-1.08613,0.867425,-1.06888,-0.930126,0,0,0
M17481,M,299.5,309.3,1506,41.5,77,-0.443603,-0.996165,0.0468093,0.355656,-0.879746,0,0,0
M17482,M,299.6,309.4,1642,30.3,80,-0.348396,-0.817506,1.88541,-2.10673,-0.793125,0,0,0
M17483,M,299.6,309.4,1283,62.1,83,-0.353536,-0.855977,-3.06911,3.08839,-0.722709,0,0,0
H32038,H,299.7,309.5,1375,46.8,86,-0.262252,-0.7636,-2.38283,1.59247,-0.601752,0,0,0
L49805,L,299.7,309.4,1399,39.9,91,-0.300375,-0.750399,-1.97169,-0.0594557,-0.485153,0,0,0
L49806,L,299.7,309.4,1650,29.8,93,-0.348217,-0.790296,1.93662,-2.21134,-0.448108,0,0,0
M17487,M,299.8,309.6,1346,53.2,95,-0.271004,-0.650225,-2.71975,2.56298,-0.342586,0,0,0
H32042,H,299.9,309.6,1410,51.2,98,-0.125618,-0.641774,-1.85112,2.34336,-0.274388,0,0,0
L49809,L,300,309.7,1586,37.8,103,-0.0597679,-0.461461,1.27701,-0.577968,-0.187415,0,0,0
L49810,L,300,309.8,1372,39.6,105,-0.0470604,-0.347142,-2.40656,-0.126236,-0.0841088,0,0,0
H32045,H,300,309.7,1529,42.4,107,-0.0341119,-0.488801,0.452998,0.551167,-0.016064,0,0,0
M17492,M,300,309.7,1652,28.6,112,-0.0555011,-0.453038,1.95458,-2.36779,0.110997,0,0,0
L49813,L,300.1,309.8,1532,39.8,115,0.0812155,-0.316455,0.538474,-0.0758528,0.196336,0,0,0
L49814,L,300,309.7,1554,32,117,-0.0756779,-0.462541,0.855091,-1.81726,0.288324,0,0,0
H32049,H,299.9,309.6,1462,51,119,-0.117519,-0.660368,-0.773681,2.29411,0.321165,0,0,0
L49816,L,299.9,309.6,1254,61.3,124,-0.136268,-0.63999,-3.13869,3.04745,0.420766,0,0,0
L49817,L,299.9,309.6,1294,49.7,126,-0.150169,-0.656471,-3.00028,2.12654,0.505519,0,0,0
L49818,L,299.8,309.5,1739,27.5,128,-0.277539,-0.772005,2.46946,-2.43612,0.54315,0,0,0
M17499,M,299.8,309.4,1412,47.8,130,-0.263108,-0.845685,-1.76015,1.77501,0.677793,0,0,0
M17500,M,299.9,309.5,1372,56.2,133,-0.139602,-0.751482,-2.39802,2.85257,0.715014,0,0,0
H32055,H,299.8,309.5,1420,46.7,136,-0.322029,-0.784509,-1.65108,1.57951,0.830344,0,0,0
L49822,L,299.8,309.5,1542,40.3,141,-0.238458,-0.761507,0.651096,0.0502881,0.986693,0,0,0
M17503,M,299.8,309.4,1401,48.1,143,-0.250992,-0.785739,-1.99115,1.82497,1.0252,0,0,0
L49824,L,299.8,309.4,1510,42.5,146,-0.246355,-0.791745,0.1362,0.564448,1.10493,0,0,0
H32059,H,299.9,309.5,1547,38.5,148,-0.157362,-0.775786,0.713131,-0.374112,1.17375,0,0,0
M17506,M,299.8,309.5,1453,43.2,153,-0.240291,-0.791344,-0.969976,0.770009,1.31393,0,0,0
L49827,L,299.8,309.4,1408,45.6,156,-0.269075,-0.792751,-1.84187,1.32192,1.39649,0,0,0
L49828,L,299.8,309.4,1436,51.6,158,-0.227726,-0.812651,-1.27772,2.3774,1.44209,0,0,0
M17509,M,299.9,309.5,1582,38.2,160,-0.115487,-0.746637,1.24079,-0.442444,1.5181,0,0,0
L49830,L,299.9,309.6,1280,59.3,163,-0.121977,-0.616892,-3.04222,2.95723,1.54702,0,0,0
L49831,L,299.9,309.5,2008,20.4,165,-0.143813,-0.74119,3.02926,-2.9834,1.64119,0,0,0
L49832,L,299.9,309.5,1772,23.5,167,-0.125041,-0.747407,2.57146,-2.83075,1.68375,0,0,0
L49833,L,299.9,309.5,1779,26.1,169,-0.128576,-0.765287,2.62141,-2.61724,1.69756,0,0,0
L49834,L,299.9,309.5,1567,35.5,171,-0.0766078,-0.750377,1.04593,-1.12982,1.81862,0,0,0
M17515,M,299.8,309.4,1751,27,173,-0.197159,-0.862633,2.53472,-2.56594,1.88609,0,0,0
L49836,L,299.9,309.5,1349,51.3,176,-0.141525,-0.65484,-2.70553,2.35757,1.97488,0,0,0
M17517,M,300,309.5,1425,40.8,178,-0.0604967,-0.650302,-1.56239,0.150399,2.00702,0,0,0
L49838,L,300,309.4,1395,44.5,181,-0.0344355,-0.899927,-2.06658,1.09671,2.10159,0,0,0
H32073,H,299.8,309.3,1595,32.1,183,-0.245095,-0.977841,1.37016,-1.76212,2.15533,0,0,0
L49840,L,299.8,309.3,1291,56.4,188,-0.249674,-0.980553,-3.04588,2.84833,2.29612,0,0,0
M17521,M,299.9,309.4,1509,42.8,190,-0.149147,-0.891476,0.109546,0.670666,2.36849,0,0,0
M17522,M,299.9,309.4,1483,38.1,193,-0.105314,-0.905584,-0.356045,-0.489465,2.42696,0,0,0
L49843,L,299.9,309.3,1620,31.1,196,-0.141889,-0.9383,1.65738,-1.95636,2.53137,0,0,0
M17524,M,299.9,309.4,1487,42.2,198,-0.160885,-0.91561,-0.285764,0.534723,2.54007,0,0,0
L49845,L,299.8,309.4,2256,15.9,201,-0.221485,-0.890382,3.11735,-3.08406,2.70198,0,0,0
H32080,H,299.7,309.2,1691,27.7,203,-0.334668,-1.05794,2.24496,-2.47401,2.72678,0,0,0
M17527,M,299.8,309.3,1663,35.2,208,-0.23944,-0.979404,2.03733,-1.18711,2.86253,0,0,0
M17528,M,299.8,309.3,1640,31.1,211,-0.24331,-0.96588,1.82914,-1.95002,2.87555,0,0,0
H32083,H,299.7,309.3,1494,37.8,214,-0.333136,-0.953466,-0.139701,-0.554564,2.96916,0,0,0
L49850,L,299.8,309.4,1467,46.2,219,-0.218473,-0.88035,-0.705586,1.45573,3.06669,0,0,0
M17531,M,299.7,309.3,1399,41.9,221,-0.315012,-0.958937,-2.01114,0.456483,3.11212,0,1,1
L49852,L,299.7,309.3,1445,42.6,0,-0.32771,-0.918753,-1.09407,0.599907,-3.11293,0,0,0
L49853,L,299.8,309.4,1480,40.9,2,-0.202315,-0.896802,-0.411763,0.202664,-3.02715,0,0,0
L49854,L,299.7,309.3,1546,37.2,4,-0.335135,-0.951688,0.685305,-0.737633,-2.98109,0,0,0
L49855,L,299.7,309.3,1574,35.8,6,-0.294671,-1.00665,1.12988,-1.06079,-2.94076,0,0,0
L49856,L,299.7,309.3,1592,34.2,8,-0.341278,-1.002,1.31814,-1.39352,-2.84389,0,0,0
L49857,L,299.8,309.5,1495,39.6,10,-0.252513,-0.681231,-0.113602,-0.129735,-2.82907,0,0,0
L49858,L,299.8,309.6,1447,43.1,12,-0.240738,-0.528263,-1.07627,0.750991,-2.776,0,0,0
L49859,L,299.8,309.5,1476,44.4,14,-0.260151,-0.65859,-0.535653,1.0355,-2.70167,0,0,0
L49860,L,299.8,309.5,1641,27.1,16,-0.25559,-0.774835,1.88736,-2.53709,-2.63327,0,0,0
L49861,L,299.8,309.5,1545,32.2,18,-0.256792,-0.681191,0.672835,-1.74595,-2.56685,0,0,0
M17542,M,299.9,309.6,1364,44.4,20,-0.121317,-0.574763,-2.51637,1.05339,-2.49741,0,0,0
L49863,L,299.8,309.5,1590,28.5,23,-0.260264,-0.67814,1.29443,-2.34956,-2.47199,0,0,0
L49864,L,299.8,309.4,1460,37.4,25,-0.243682,-0.878758,-0.804096,-0.639032,-2.38195,0,0,0
L49865,L,299.8,309.4,1609,32.5,27,-0.236946,-0.911971,1.52625,-1.70915,-2.37081,0,0,0
L49866,L,299.8,309.4,1633,27.5,29,-0.227959,-0.894841,1.80432,-2.50652,-2.24114,0,0,0
L49867,L,299.9,309.4,1348,52.8,31,-0.137211,-0.945333,-2.72637,2.53179,-2.22203,0,0,0
L49868,L,299.9,309.4,1322,53.9,33,-0.123552,-0.912779,-2.87097,2.62302,-2.18083,0,0,0
L49869,L,300,309.5,1641,30.1,35,-0.0810835,-0.710607,1.84735,-2.12502,-2.11379,0,0,0
L49870,L,300,309.5,1728,26,37,-0.0502315,-0.643327,2.45323,-2.59597,-2.01458,0,0,0
L49871,L,300,309.6,1431,47.7,39,-0.0314271,-0.495412,-1.40392,1.79853,-1.97664,0,0,0
L49872,L,300.1,309.7,1641,30.4,41,0.02486,-0.40574,1.86267,-2.06222,-1.90521,0,0,0
M17553,M,300.1,309.6,1622,36.1,43,0.0852938,-0.561182,1.65785,-0.944735,-1.84553,0,0,0
M17554,M,300.1,309.6,1625,38,46,0.0685586,-0.470402,1.72837,-0.506519,-1.75654,0,0,0
L49875,L,300,309.5,1869,22.7,49,-0.0627956,-0.648499,2.83702,-2.90337,-1.65113,0,0,0
L49876,L,300,309.6,1452,46,51,-0.00278279,-0.553849,-0.972838,1.42652,-1.61411,0,0,0
L49877,L,300,309.6,1618,28.7,53,-0.0205356,-0.505679,1.60379,-2.34566,-1.56509,0,0,0
L49878,L,300,309.4,2010,20,55,-0.0193031,-0.891267,3.02644,-3.0046,-1.52408,0,0,0
L49879,L,299.9,309.4,1363,60.9,57,-0.0906136,-0.840044,-2.52064,3.01998,-1.44517,0,0,0
L49880,L,299.9,309.3,1473,40.4,59,-0.169898,-1.03537,-0.602194,0.0906965,-1.38975,0,0,0
L49881,L,299.9,309.2,1333,50.8,61,-0.135573,-1.07656,-2.85005,2.27528,-1.29856,0,0,0
L49882,L,299.8,309.2,1760,25.9,63,-0.243943,-1.0429,2.54846,-2.64266,-1.29655,0,0,0
M17563,M,299.8,309.2,1372,58.2,65,-0.243424,-1.04416,-2.44313,2.94447,-1.21337,0,0,0
M17564,M,299.7,309.2,1608,34.4,68,-0.331347,-1.07322,1.51664,-1.31583,-1.1295,0,0,0
L49885,L,299.7,309.2,1326,64.8,71,-0.35085,-1.06926,-2.85143,3.10698,-1.03328,0,0,0
M17566,M,299.6,309.1,1560,37.1,73,-0.367662,-1.30099,0.926439,-0.757183,-0.987742,0,0,0
M17567,M,299.6,309,1539,36.1,76,-0.348895,-1.31843,0.572314,-0.946869,-0.891209,0,0,0
L49888,L,299.6,309.1,2266,15.3,79,-0.370134,-1.23151,3.10888,-3.10247,-0.844987,0,0,0
L49889,L,299.6,309.1,1641,35.8,81,-0.356421,-1.23885,1.83909,-1.03469,-0.727612,0,0,0
L49890,L,299.6,309.1,1574,39.2,83,-0.418849,-1.21294,1.12686,-0.175652,-0.69748,0,0,0
L49891,L,299.6,309.1,1407,50.6,85,-0.399372,-1.23161,-1.83256,2.24242,-0.653002,0,0,0
H32126,H,299.7,309.2,1302,55.5,87,-0.28029,-1.06716,-3.02548,2.7836,-0.64605,0,0,0
M17573,M,299.6,309.2,1651,30.8,92,-0.390459,-1.12605,1.92545,-1.99449,-0.461874,0,0,0
M17574,M,299.6,309.1,1366,55.2,95,-0.383198,-1.28916,-2.49228,2.73529,-0.34908,0,0,0
M17575,M,299.5,309,1701,28.6,98,-0.428453,-1.2907,2.30185,-2.32053,-0.268487,0,0,0
L49896,L,299.5,309,1498,44.6,101,-0.4155,-1.30278,-0.095097,1.09238,-0.24081,0,0,0
M17577,M,299.5,309.1,1422,45.3,103,-0.430281,-1.19937,-1.55828,1.20605,-0.114875,0,0,0
L49898,L,299.5,309.1,1357,47.3,106,-0.460021,-1.19221,-2.60137,1.69912,-0.0516937,0,0,0
L49899,L,299.5,309.2,1690,29.2,108,-0.424592,-1.15731,2.23879,-2.23283,0.00148714,0,0,0
L49900,L,299.6,309.2,1559,39.1,110,-0.401744,-1.13837,0.906817,-0.223027,0.0627953,0,0,0
M17581,M,299.6,309.3,1553,32.4,112,-0.356515,-0.997322,0.842416,-1.73746,0.125635,0,0,0
L49902,L,299.6,309.3,1558,34.8,115,-0.308279,-0.984089,0.919419,-1.26118,0.215813,0,0,0
L49903,L,299.7,309.4,1362,51.9,117,-0.327035,-0.890557,-2.52743,2.45487,0.307038,0,0,0
M17584,M,299.8,309.3,1470,42.7,119,-0.248011,-0.980357,-0.590024,0.64564,0.334948,0,0,0
L49905,L,299.8,309.4,1555,34.8,122,-0.241982,-0.891645,0.872303,-1.26769,0.411861,0,0,0
M17586,M,299.8,309.4,1423,42.9,124,-0.195556,-0.880671,-1.56555,0.700049,0.457991,0,0,0
L49907,L,299.7,309.3,1434,38.5,127,-0.286548,-0.995066,-1.34418,-0.37755,0.557352,0,0,0
L49908,L,299.7,309.3,1779,25.5,129,-0.305915,-1.00336,2.61659,-2.67161,0.617025,0,0,0
L49909,L,299.7,309.3,1417,54.6,131,-0.316185,-1.01714,-1.69971,2.73834,0.704653,0,0,0
L49910,L,299.6,309.2,1425,45.9,133,-0.347699,-1.13422,-1.53995,1.41864,0.748128,0,0,0
M17591,M,299.7,309.2,1597,32.9,135,-0.325956,-1.1307,1.3936,-1.62735,0.762191,0,0,0
L49912,L,299.7,309.2,1346,57.4,138,-0.302308,-1.15614,-2.72802,2.92416,0.888608,0,0,0
L49913,L,299.7,309.2,1422,40.4,140,-0.325004,-1.15186,-1.61073,0.0483672,0.90123,0,0,0
H32148,H,299.7,309.2,1572,32.8,142,-0.314868,-1.15337,1.12025,-1.64086,0.97701,0,0,0
L49915,L,299.7,309.2,1412,45.4,147,-0.277692,-1.11494,-1.78556,1.30002,1.16231,0,0,0
M17596,M,299.7,309.1,1576,36.4,149,-0.325025,-1.22593,1.14907,-0.911975,1.21618,0,0,0
M17597,M,299.7,309.1,1508,41.2,152,-0.284275,-1.25566,0.108071,0.234549,1.29035,0,0,0
M17598,M,299.8,309.1,1496,44.4,155,-0.266108,-1.23637,-0.103506,1.05644,1.36422,0,0,0
L49919,L,299.8,309.2,1572,35.4,158,-0.245157,-1.14487,1.12068,-1.1315,1.44903,0,0,0
L49920,L,299.6,309,1525,42.8,160,-0.351752,-1.29111,0.371636,0.696402,1.48295,0,0,0
L49921,L,299.6,309,1378,51.9,162,-0.327527,-1.31699,-2.31423,2.4216,1.57667,0,0,0
L49922,L,299.6,309.1,1369,51.4,164,-0.368131,-1.19016,-2.46972,2.36341,1.60972,0,0,0
L49923,L,299.6,309.1,1476,45.3,166,-0.360773,-1.21459,-0.498008,1.22749,1.69416,0,0,0
L49924,L,299.7,309.2,1620,30,168,-0.304557,-1.10322,1.66091,-2.12925,1.7137,0,0,0
M17605,M,299.7,309.1,1603,38.5,170,-0.291201,-1.18754,1.42912,-0.348979,1.75443,0,0,0
L49926,L,299.7,309.2,1411,46.1,173,-0.295181,-1.1986,-1.79068,1.44575,1.86409,0,0,0
L49927,L,299.7,309.2,1616,31.6,175,-0.284635,-1.15252,1.61463,-1.84463,1.93525,0,0,0
L49928,L,299.7,309.2,1631,35.1,177,-0.281794,-1.13071,1.76174,-1.19356,1.99856,0,0,0
M17609,M,299.7,309.2,1685,28.9,179,-0.30732,-1.09715,2.18264,-2.27597,2.06714,0,1,1
H32164,H,299.7,309.2,1456,40.6,182,-0.337695,-1.13863,-0.87223,0.159697,2.11572,0,0,0
L49931,L,299.7,309.1,1417,50.1,187,-0.294023,-1.21317,-1.71274,2.17065,2.27694,0,0,0
M17612,M,299.7,309.1,1851,24.7,189,-0.268598,-1.18244,2.81908,-2.75073,2.29363,0,0,0
L49933,L,299.7,309.1,1715,27.8,192,-0.309709,-1.15355,2.3504,-2.47982,2.4069,0,0,0
H32168,H,299.6,309.1,1630,32.3,194,-0.326266,-1.26686,1.74875,-1.76864,2.4974,0,0,0
L49935,L,299.7,309.2,1478,38.8,199,-0.301986,-1.12063,-0.477822,-0.313709,2.63532,0,0,0
L49936,L,299.7,309.2,1781,29.6,201,-0.328634,-1.14248,2.6098,-2.2033,2.66178,0,0,0
L49937,L,299.8,309.2,1439,36.1,203,-0.2149,-1.16556,-1.23999,-0.935917,2.74798,0,0,0
M17618,M,299.7,309.2,1412,45.3,205,-0.332928,-1.13947,-1.78673,1.26288,2.78877,0,0,0
L49939,L,299.7,309.1,1483,41.1,208,-0.326643,-1.24734,-0.380206,0.239283,2.82094,0,0,0
L49940,L,299.8,309.2,1400,42.6,210,-0.264913,-1.0901,-1.95112,0.618315,2.89835,0,0,0
L49941,L,299.8,309.3,1299,65.1,212,-0.225656,-1.03021,-3.03202,3.09883,2.96275,0,1,1
L49942,L,299.8,309.2,1479,44.4,214,-0.221102,-1.11856,-0.431315,1.04339,2.99341,0,0,0
L49943,L,299.8,309.2,1491,47.5,216,-0.236361,-1.10337,-0.24356,1.72468,3.00071,0,0,0
M17624,M,299.9,309.3,1389,52.8,0,-0.233551,-0.998192,-2.14917,2.52669,-3.10916,0,0,0
M17625,M,299.9,309.4,1399,54.8,3,-0.16362,-0.803455,-2.02048,2.73611,-3.00569,0,0,0
M17626,M,299.9,309.4,1889,26,6,-0.149139,-0.835816,2.86353,-2.65336,-2.93326,0,0,0
L49947,L,300,309.5,1925,21.9,9,-0.00595419,-0.721478,2.91618,-2.92607,-2.84739,0,0,0
L49948,L,300,309.5,1675,30.2,11,-0.0517931,-0.750118,2.10938,-2.16323,-2.80518,0,0,0
M17629,M,300,309.6,1477,38.1,13,-0.0750938,-0.530897,-0.457208,-0.500315,-2.75545,0,0,0
L49950,L,300,309.6,1364,45.9,16,-0.0494361,-0.538263,-2.51475,1.39995,-2.64384,0,0,0
L49951,L,299.9,309.5,1451,39.4,18,-0.180531,-0.717451,-0.978861,-0.182448,-2.57279,0,0,0
L49952,L,299.9,309.4,1467,41.2,20,-0.147786,-0.807219,-0.710177,0.279221,-2.49729,0,0,0
L49953,L,299.9,309.4,1858,22.5,22,-0.186057,-0.797618,2.81644,-2.89183,-2.45347,0,0,0
L49954,L,300.1,309.4,1559,39.7,24,0.0812536,-0.782535,0.925852,-0.136611,-2.36853,0,0,0
L49955,L,300.1,309.4,1560,47.7,26,0.0840053,-0.796132,0.920111,1.793,-2.32465,0,0,0
L49956,L,300.1,309.4,1453,47.6,28,0.0508182,-0.800442,-0.96535,1.73311,-2.28646,0,0,0
L49957,L,300.1,309.4,1464,41.7,30,0.0603373,-0.817518,-0.748244,0.388593,-2.20669,0,0,0
L49958,L,300,309.4,1308,50.2,32,-0.0630166,-0.807019,-2.96005,2.17642,-2.14874,0,0,0
L49959,L,300.1,309.5,1353,50.9,34,0.0834791,-0.731413,-2.6067,2.33226,-2.09717,0,0,0
M17640,M,300.2,309.6,1556,35.8,36,0.119052,-0.506086,0.859382,-1.03766,-2.04488,0,0,0
L49961,L,300.2,309.5,2183,17.8,39,0.140587,-0.701693,3.08276,-3.05836,-1.9647,0,0,0
M17642,M,300.2,309.6,1491,41.8,41,0.16626,-0.492346,-0.218984,0.415211,-1.90812,0,0,0
M17643,M,300.2,309.6,1528,35.1,44,0.115192,-0.54811,0.451771,-1.20268,-1.79015,0,0,0
L49964,L,300.2,309.6,1430,52.7,47,0.197018,-0.545162,-1.42154,2.5818,-1.75634,0,0,0
L49965,L,300.2,309.5,1495,32.6,49,0.171637,-0.747137,-0.15296,-1.67988,-1.69491,0,0,0
M17646,M,300.2,309.5,1630,28.3,51,0.178153,-0.772074,1.76783,-2.39312,-1.59958,0,0,0
M17647,M,300.3,309.6,1524,38.4,54,0.250565,-0.537189,0.372191,-0.417619,-1.55387,0,0,0
L49968,L,300.3,309.6,1326,52.4,57,0.268358,-0.560557,-2.85805,2.50124,-1.46226,0,0,0
H32203,H,300.3,309.5,1438,44,59,0.268068,-0.728156,-1.29995,0.960221,-1.36693,0,0,0
L49970,L,300.4,309.6,1356,45.9,64,0.365852,-0.514708,-2.58163,1.37903,-1.2802,0,0,0
H32205,H,300.4,309.6,1416,43.3,66,0.388584,-0.540897,-1.73105,0.777975,-1.23937,0,0,0
L49972,L,300.4,309.7,1584,32.6,71,0.374849,-0.44271,1.19632,-1.67874,-1.06531,0,0,0
L49973,L,300.3,309.6,1597,31.8,73,0.276029,-0.569969,1.42233,-1.82167,-1.01292,0,0,0
L49974,L,300.4,309.6,1553,43.9,75,0.356626,-0.561191,0.841112,0.910123,-0.923677,0,0,0
M17655,M,300.3,309.5,1405,49.4,77,0.259816,-0.740672,-1.8641,2.06453,-0.841243,0,0,0
L49976,L,300.2,309.5,1539,35.3,80,0.215428,-0.699745,0.591414,-1.16497,-0.817772,0,0,0
M17657,M,300.3,309.6,1398,53.7,82,0.269375,-0.558416,-2.01655,2.62747,-0.72121,0,0,0
L49978,L,300.3,309.6,1568,39.6,85,0.27287,-0.554123,1.05309,-0.127382,-0.618036,0,0,0
L49979,L,300.3,309.6,1404,44.6,87,0.215869,-0.577368,-1.88757,1.105,-0.567168,0,0,0
M17660,M,300.2,309.5,1500,45.7,89,0.197853,-0.661201,-0.0752368,1.34348,-0.546795,0,0,0
M17661,M,300.2,309.5,1642,28.8,92,0.190605,-0.694964,1.88352,-2.32913,-0.440261,0,0,0
M17662,M,300.3,309.6,1509,46.6,95,0.248306,-0.560425,0.0980483,1.51432,-0.344334,0,0,0
L49983,L,300.2,309.5,1343,50.2,98,0.189389,-0.687857,-2.75567,2.16162,-0.286459,0,0,0
L49984,L,300.1,309.5,1450,40.1,100,0.0455617,-0.694989,-1.00455,0.0353857,-0.181434,0,0,0
L49985,L,300,309.4,1460,43.5,102,-0.038324,-0.77738,-0.828467,0.854951,-0.177406,0,0,0
L49986,L,300,309.3,1364,41.2,104,-0.0576858,-0.956553,-2.50564,0.303484,-0.111884,0,0,0
M17667,M,299.9,309.3,1452,41.9,106,-0.157795,-0.961626,-0.969475,0.429555,-0.080636,0,0,0
L49988,L,299.9,309.3,1471,41.8,109,-0.206913,-0.941813,-0.632715,0.419735,0.0223622,0,0,0
L49989,L,299.9,309.2,1598,34.6,111,-0.190803,-1.17462,1.41327,-1.27764,0.10236,0,0,0
L49990,L,299.8,309.1,1772,24.8,113,-0.236079,-1.28398,2.57528,-2.68189,0.133725,0,0,0
L49991,L,299.9,309.2,1761,25.6,115,-0.209054,-1.13073,2.54372,-2.65434,0.241525,0,0,0
M17672,M,300,309.3,1413,40.7,117,-0.0552558,-0.951021,-1.78328,0.142037,0.271577,0,0,0
L49993,L,300,309.3,1887,22.6,120,-0.0539257,-0.972873,2.87255,-2.89076,0.307662,0,0,0
L49994,L,300,309.3,1395,56.5,122,-0.045291,-0.976328,-2.03973,2.88537,0.403215,0,0,0
M17675,M,300.1,309.4,1569,31.6,124,0.0593104,-0.796553,1.08548,-1.85049,0.486318,0,0,0
L49996,L,300.1,309.4,1434,47.3,127,0.0652195,-0.800571,-1.34095,1.68609,0.582999,0,0,0
L49997,L,300.2,309.5,1417,41.1,129,0.151901,-0.712893,-1.65267,0.232759,0.602259,0,0,0
L49998,L,300.2,309.5,1729,28.4,131,0.195358,-0.675124,2.43712,-2.37387,0.668302,0,0,0
L49999,L,300.2,309.5,1356,51.1,133,0.148787,-0.739043,-2.6145,2.33144,0.726573,0,0,0
L50000,L,300.2,309.5,1436,48.8,135,0.167808,-0.718178,-1.32805,1.98186,0.778385,0,0,0
M17681,M,300.3,309.6,1419,42.5,137,0.278927,-0.5613,-1.63101,0.589098,0.84326,0,0,0
L50002,L,300.3,309.6,1593,38.1,140,0.301004,-0.535717,1.35673,-0.470315,0.895033,0,0,0
M17683,M,300.3,309.5,1320,62.2,142,0.292066,-0.706861,-2.89395,3.06452,0.988579,0,0,0
M17684,M,300.3,309.5,1448,42.4,145,0.284464,-0.710718,-1.09578,0.565541,1.05854,0,0,0
L50005,L,300.3,309.4,1470,33.5,148,0.269424,-0.786434,-0.621139,-1.49424,1.13724,0,0,0
M17686,M,300.3,309.4,1612,33.1,150,0.305459,-0.76161,1.57876,-1.57098,1.20955,0,0,0
L50007,L,300.4,309.4,1412,51.6,153,0.375765,-0.828648,-1.78044,2.37178,1.2966,0,0,0
M17688,M,300.4,309.4,1875,23.9,155,0.342886,-0.807916,2.84102,-2.77828,1.32473,0,0,0
L50009,L,300.3,309.3,1612,36,158,0.286573,-0.900402,1.58815,-0.991474,1.39869,0,0,0
M17690,M,300.4,309.3,1411,41.6,160,0.365862,-0.94234,-1.78547,0.385897,1.53239,0,0,0
M17691,M,300.3,309.2,1490,47.9,163,0.295334,-1.14069,-0.284564,1.85352,1.58253,0,0,0
M17692,M,300.4,309.3,1467,40.3,166,0.371845,-0.924413,-0.683105,0.073054,1.65855,0,0,0
L50013,L,300.3,309.2,1807,26.4,169,0.295137,-1.14222,2.68008,-2.59488,1.74944,0,0,0
L50014,L,300.3,309.1,1368,46,171,0.28327,-1.21575,-2.47768,1.41768,1.8262,0,0,0
L50015,L,300.3,309.2,1572,32,173,0.310937,-1.15627,1.09577,-1.81665,1.85637,0,0,0
M17696,M,300.3,309.1,1458,44.3,175,0.281598,-1.16454,-0.816642,1.05683,1.91492,0,0,0
L50017,L,300.3,309.1,1699,30.3,178,0.168609,-1.20919,2.2745,-2.07968,2.00965,0,0,0
L50018,L,300.3,309.3,1478,39.5,180,0.1886,-0.957318,-0.442367,-0.158079,2.09419,0,0,0
M17699,M,300.4,309.4,1362,42.1,182,0.359139,-0.794605,-2.5458,0.509322,2.13981,0,0,0
H32254,H,300.4,309.4,1487,38.9,185,0.409114,-0.776489,-0.305393,-0.312558,2.20565,0,0,0
L50021,L,300.3,309.4,1705,29.4,190,0.18878,-0.793798,2.31354,-2.21329,2.37996,0,0,0
L50022,L,300.3,309.3,1345,53.5,192,0.192452,-0.966164,-2.72606,2.60523,2.40459,0,0,0
L50023,L,300.3,309.2,1532,40.2,194,0.166714,-1.05224,0.466402,0.0350707,2.48798,0,0,0
L50024,L,300.3,309.2,1650,35.2,196,0.178197,-1.03934,1.92178,-1.1919,2.57979,0,0,0
L50025,L,300.3,309.2,1398,54.4,198,0.217675,-1.0375,-2.00675,2.71025,2.59854,0,0,0
L50026,L,300.3,309.2,1412,44.8,200,0.215412,-1.06646,-1.77409,1.14189,2.6186,0,0,0
L50027,L,300.4,309.3,1525,39.6,202,0.419307,-0.929845,0.371993,-0.156507,2.69299,0,0,0
M17708,M,300.3,309.3,1391,57.9,204,0.184436,-0.956505,-2.15167,2.90083,2.7675,0,0,0
L50029,L,300.4,309.3,1766,28.2,207,0.394892,-0.982133,2.58966,-2.40972,2.82373,0,0,0
L50030,L,300.4,309.3,1671,35,209,0.38117,-0.956177,2.11454,-1.21109,2.87649,0,0,0
L50031,L,300.5,309.3,1373,48.8,211,0.441383,-0.906965,-2.35561,1.98843,2.92658,0,0,0
M17712,M,300.5,309.4,1347,50.1,213,0.471928,-0.840113,-2.71486,2.20921,2.96166,0,0,0
M17713,M,300.5,309.3,1539,39.1,216,0.472972,-0.986163,0.590435,-0.242299,3.00802,0,0,0
L50034,L,300.5,309.3,1470,40.8,219,0.450801,-0.993069,-0.630051,0.19016,3.04292,0,0,0
L50035,L,300.5,309.3,1528,37,221,0.503527,-1.00362,0.487681,-0.747747,3.08262,0,0,0
H32270,H,300.5,309.3,1471,45.2,223,0.591439,-0.963646,-0.627497,1.2146,3.08425,0,0,0
M17717,M,300.4,309.2,1528,37.2,228,0.399213,-1.06218,0.461152,-0.654761,3.08608,0,0,0
L50038,L,300.5,309.3,1417,51.5,231,0.484301,-1.00737,-1.68877,2.36681,3.08159,0,1,1
L50039,L,300.6,309.4,1549,43.4,233,0.611039,-0.859153,0.779589,0.769487,3.09897,0,0,0
H32274,H,300.6,309.4,1463,49.2,235,0.597168,-0.877405,-0.754104,2.03192,3.12076,0,0,0
L50041,L,300.7,309.5,1479,43.6,240,0.796386,-0.689251,-0.448946,0.842747,3.14159,0,0,0
L50042,L,300.6,309.5,1867,23,242,0.601813,-0.707871,2.82655,-2.86067,3.13368,0,0,0
L50043,L,300.6,309.4,1471,44.1,244,0.547683,-0.893857,-0.620964,0.970494,3.14159,0,0,0
H32278,H,300.6,309.4,1380,47.6,246,0.587698,-0.867642,-2.25871,1.74613,3.14159,0,1,1
H32279,H,300.7,309.7,1623,32.7,0,0.828864,-0.497878,1.69175,-1.64932,-3.12574,0,0,0
L50046,L,300.8,309.7,1997,20.7,5,0.972527,-0.496201,3.02405,-2.92399,-2.93494,0,0,0
H32281,H,300.7,309.6,1390,48.5,7,0.852104,-0.586278,-2.11614,1.95719,-2.87476,0,0,0
L50048,L,300.8,309.7,1418,46.6,12,0.976913,-0.436111,-1.67828,1.54417,-2.77827,0,0,0
L50049,L,300.8,309.7,1519,35.8,14,0.992728,-0.469672,0.286915,-1.04844,-2.66544,0,0,0
M17730,M,300.8,309.7,1519,39.7,16,0.909604,-0.450665,0.273572,-0.120628,-2.64288,0,0,0
M17731,M,300.7,309.6,1536,37.2,19,0.839665,-0.544316,0.565363,-0.694669,-2.54331,0,0,0
L50052,L,300.8,309.6,1680,28.7,22,0.876829,-0.56795,2.17445,-2.3233,-2.48322,0,0,0
H32287,H,300.6,309.4,1555,37.9,24,0.62531,-0.895616,0.875393,-0.510438,-2.39666,0,0,0
L50054,L,300.6,309.5,1471,49.6,29,0.609273,-0.695022,-0.602317,2.07536,-2.26955,0,0,0
M17735,M,300.5,309.4,1877,23.8,31,0.48798,-0.846515,2.85854,-2.79941,-2.19213,0,0,0
M17736,M,300.5,309.3,1578,30.5,34,0.510419,-0.885187,1.16773,-2.04729,-2.0983,0,0,0
M17737,M,300.5,309.4,1655,32.1,37,0.477222,-0.897639,1.99799,-1.76298,-2.0408,0,0,0
H32292,H,300.5,309.4,1502,34.3,40,0.444109,-0.85714,-0.0190751,-1.32725,-1.95067,0,0,0
M17739,M,300.6,309.4,1367,63.2,45,0.572869,-0.878335,-2.48069,3.07724,-1.76649,0,1,1
L50060,L,300.7,309.5,1541,37.2,48,0.893998,-0.701382,0.630163,-0.716414,-1.74369,0,0,0
M17741,M,300.6,309.6,1588,37,50,0.605951,-0.534092,1.28569,-0.746133,-1.63414,0,0,0
L50062,L,300.6,309.6,1684,32.8,53,0.601381,-0.533845,2.19467,-1.61087,-1.57135,0,0,0
L50063,L,300.6,309.5,1437,40,55,0.58512,-0.747263,-1.31692,-0.0728797,-1.55316,0,0,0
L50064,L,300.6,309.6,1409,42.4,57,0.579456,-0.524545,-1.84098,0.569687,-1.44781,0,0,0
M17745,M,300.5,309.5,1320,49.9,59,0.559941,-0.746544,-2.87799,2.17737,-1.40786,0,0,0
H32300,H,300.5,309.5,1635,34.2,62,0.594616,-0.716834,1.78613,-1.39508,-1.3404,0,0,0
M17747,M,300.5,309.5,1691,27.6,67,0.546973,-0.750352,2.25986,-2.46123,-1.18469,0,0,0
M17748,M,300.6,309.6,1365,50,70,0.606904,-0.580524,-2.49151,2.16698,-1.07832,0,0,0
M17749,M,300.7,309.7,1523,38.2,73,0.843122,-0.456709,0.350487,-0.443879,-0.961379,0,0,0
L50070,L,300.6,309.7,1593,32.4,76,0.624244,-0.372656,1.35181,-1.73364,-0.90269,0,0,0
L50071,L,300.6,309.6,1682,30.7,78,0.598451,-0.554726,2.164,-1.99892,-0.87393,0,0,0
L50072,L,300.7,309.6,1329,54.3,80,0.853965,-0.541537,-2.84305,2.68892,-0.804068,0,0,0
M17753,M,300.7,309.6,1568,35.2,82,0.838979,-0.516474,1.05473,-1.17094,-0.73992,0,0,0
L50074,L,300.7,309.6,1733,24.8,85,0.873785,-0.541887,2.42479,-2.74574,-0.65237,0,0,0
M17755,M,300.7,309.6,1473,48.1,87,0.802655,-0.523809,-0.544146,1.84915,-0.559259,0,0,0
M17756,M,300.7,309.5,1633,31.3,90,0.799815,-0.721986,1.81252,-1.87704,-0.521752,0,0,0
M17757,M,300.6,309.5,1530,40.2,93,0.576943,-0.712658,0.435253,0.0187891,-0.456624,0,0,0
M17758,M,300.6,309.5,1550,40.2,96,0.597617,-0.720887,0.807014,0.0388969,-0.359097,0,0,0
L50079,L,300.6,309.4,1410,40.6,99,0.583432,-0.872466,-1.81044,0.131115,-0.234406,0,0,0
L50080,L,300.5,309.3,1574,33.5,101,0.52354,-1.07396,1.13534,-1.48596,-0.214075,0,0,0
L50081,L,300.6,309.4,1425,40.3,103,0.632778,-0.86047,-1.4828,0.0807477,-0.118525,0,0,0
M17762,M,300.6,309.4,1541,35.2,105,0.602004,-0.825171,0.60662,-1.17258,-0.120054,0,0,0
M17763,M,300.7,309.5,1733,26.7,108,0.856903,-0.735857,2.4696,-2.55943,-0.0303185,0,0,0
L50084,L,300.6,309.4,2496,13.5,111,0.611279,-0.839579,3.12395,-3.11068,0.0839803,0,0,0
L50085,L,300.6,309.4,1552,36.4,113,0.598087,-0.76142,0.794665,-0.907205,0.141513,0,0,0
L50086,L,300.6,309.3,1409,38.7,115,0.606658,-0.944223,-1.78028,-0.40014,0.182043,0,0,0
M17767,M,300.6,309.4,1581,35.7,117,0.575709,-0.838723,1.24731,-1.07157,0.259529,0,0,0
L50088,L,300.7,309.5,1251,59.9,120,0.864078,-0.691193,-3.14159,3.00084,0.370048,0,0,0
L50089,L,300.7,309.6,1500,44.1,122,0.831211,-0.558378,-0.049181,0.969744,0.4075,0,0,0
L50090,L,300.6,309.5,1576,38.8,124,0.551191,-0.717794,1.13618,-0.309604,0.454119,0,0,0
M17771,M,300.7,309.5,1352,44,126,0.860063,-0.709174,-2.64209,0.959724,0.507195,0,0,0
L50092,L,300.7,309.6,1661,30.3,129,0.860339,-0.551841,2.00212,-2.09406,0.570629,0,0,0
L50093,L,300.7,309.6,1541,34.6,131,0.853238,-0.566517,0.582524,-1.28015,0.645311,0,0,0
H32328,H,300.6,309.6,1888,20.5,133,0.58324,-0.563743,2.87381,-2.97311,0.707619,0,0,0
L50095,L,300.5,309.5,1255,62.1,138,0.537912,-0.693703,-3.14159,3.06004,0.849728,0,0,0
L50096,L,300.6,309.6,1411,41.6,140,0.558612,-0.5341,-1.76999,0.353975,0.899589,0,0,0
L50097,L,300.6,309.5,1516,39,142,0.598422,-0.708528,0.228656,-0.308203,0.965101,0,0,0
M17778,M,300.6,309.5,1492,34,144,0.601625,-0.70584,-0.195686,-1.39115,1.05763,0,0,0
L50099,L,300.6,309.6,1726,30,147,0.679007,-0.548277,2.44764,-2.17004,1.12101,0,0,0
L50100,L,300.7,309.7,1598,33.7,149,0.695908,-0.410878,1.42005,-1.46443,1.17007,0,0,0
L50101,L,300.8,309.8,1657,31.1,151,0.968213,-0.414084,2.03432,-1.93922,1.25428,0,0,0
L50102,L,300.8,309.7,1481,38.1,153,0.954711,-0.413856,-0.397549,-0.471452,1.3144,0,0,0
M17783,M,300.7,309.7,1397,51.3,155,0.783823,-0.406788,-2.0152,2.37701,1.34801,0,0,0
L50104,L,300.8,309.7,1461,44.3,158,0.899715,-0.433666,-0.792396,1.01962,1.42889,0,0,0
M17785,M,300.7,309.6,1388,51.1,160,0.816572,-0.580547,-2.18813,2.35113,1.51952,0,0,0
L50106,L,300.7,309.7,1507,52.4,163,0.7944,-0.413261,0.0882989,2.48251,1.58065,0,0,0
M17787,M,300.7,309.6,1421,49.8,165,0.8112,-0.544461,-1.60561,2.15119,1.63488,0,0,0
M17788,M,300.8,309.7,1258,54.9,168,0.895138,-0.411916,-3.0693,2.7347,1.73092,0,0,0
M17789,M,300.8,309.7,1482,39,171,0.888913,-0.408721,-0.418414,-0.25857,1.81047,0,0,0
H32344,H,300.7,309.6,1403,51.3,174,0.796458,-0.551514,-1.95854,2.36475,1.87842,0,0,0
L50111,L,300.8,309.7,1373,45.4,179,0.89808,-0.42483,-2.40312,1.28668,2.076,0,0,0
L50112,L,300.9,309.7,1460,42.1,181,1.02005,-0.406912,-0.819822,0.481145,2.09619,0,0,0
M17793,M,300.8,309.7,1751,27.9,183,0.954378,-0.36344,2.55641,-2.44355,2.16294,0,0,0
M17794,M,300.8,309.6,1546,42.3,186,0.88952,-0.546817,0.694857,0.497591,2.22839,0,0,0
M17795,M,300.8,309.7,1680,28.2,189,0.915083,-0.381639,2.12492,-2.40447,2.30863,0,0,0
M17796,M,300.9,309.7,1394,48.8,192,1.0678,-0.420121,-2.04431,1.96711,2.43703,0,0,0
L50117,L,300.7,309.6,1810,26,195,0.844582,-0.577102,2.70579,-2.6022,2.49943,0,0,0
L50118,L,300.7,309.5,1479,34.5,197,0.8473,-0.695713,-0.464651,-1.32116,2.58479,0,0,0
L50119,L,300.9,309.7,1431,41.4,199,1.08723,-0.36981,-1.43752,0.332834,2.60284,0,0,0
L50120,L,300.9,309.7,2355,14.4,201,1.04755,-0.403555,3.1198,-3.10491,2.70999,0,0,0
M17801,M,300.7,309.6,1996,19.8,203,0.812972,-0.520144,3.00386,-3.00371,2.70316,0,1,1
L50122,L,300.7,309.5,1461,49.9,0,0.835353,-0.700319,-0.781357,2.13638,-3.10877,0,0,0
H32357,H,300.7,309.5,2007,19.7,2,0.82923,-0.698012,3.0167,-2.97032,-3.06949,0,0,0
L50124,L,300.7,309.6,1505,34.9,7,0.87532,-0.595477,0.0602429,-1.26269,-2.84998,0,0,0
H32359,H,300.7,309.6,1925,20.5,9,0.816923,-0.514524,2.90218,-2.99492,-2.8432,0,0,0
M17806,M,300.7,309.5,1622,30.5,14,0.851373,-0.72246,1.72208,-2.0708,-2.65964,0,0,0
L50127,L,300.7,309.5,1592,29,17,0.81318,-0.72834,1.34351,-2.302,-2.59377,0,0,0
L50128,L,300.7,309.5,1850,24.5,19,0.789293,-0.72191,2.7838,-2.76277,-2.53331,0,0,0
M17809,M,300.7,309.5,1470,48.7,21,0.827088,-0.711798,-0.618187,1.95771,-2.48282,0,0,0
M17810,M,300.7,309.5,1445,46.4,24,0.857409,-0.727528,-1.13285,1.4798,-2.37335,0,0,0
L50131,L,300.7,309.5,1685,31.1,27,0.853346,-0.74577,2.16226,-1.96801,-2.32885,0,0,0
H32366,H,300.7,309.5,1667,30.5,29,0.881553,-0.760167,2.05961,-2.05803,-2.22893,0,0,0
L50133,L,300.7,309.5,1578,35.4,34,0.773226,-0.756785,1.19874,-1.10657,-2.11852,0,0,0
H32368,H,300.6,309.4,1691,28,36,0.679437,-0.867464,2.22946,-2.41729,-2.07248,0,0,0
M17815,M,300.7,309.5,1439,43.8,41,0.723054,-0.761611,-1.24573,0.887869,-1.90868,0,0,0
M17816,M,300.8,309.6,1404,38.7,44,0.874787,-0.544075,-1.88584,-0.336467,-1.83392,0,0,0
L50137,L,300.8,309.6,1498,45.8,47,0.886695,-0.513226,-0.0716665,1.34691,-1.75084,0,0,0
M17818,M,300.8,309.5,1481,44.5,49,0.866134,-0.712314,-0.435374,1.05153,-1.68208,0,0,0
M17819,M,300.7,309.4,1589,35,52,0.892022,-0.874408,1.31224,-1.24092,-1.60195,0,0,0
L50140,L,300.7,309.5,1467,44.3,55,0.76965,-0.744092,-0.692288,1.03024,-1.50145,0,0,0
L50141,L,300.6,309.4,1654,32.8,57,0.662357,-0.874712,1.94719,-1.59781,-1.47702,0,0,0
L50142,L,300.7,309.5,1508,39.9,59,0.779946,-0.762326,0.114098,-0.0499687,-1.38558,0,0,0
M17823,M,300.7,309.6,1439,43,61,0.801127,-0.551105,-1.24845,0.705168,-1.35222,0,0,0
L50144,L,300.7,309.5,1692,30.3,64,0.748305,-0.76832,2.23942,-2.06251,-1.27521,0,0,0
M17825,M,300.7,309.5,1838,24.9,66,0.725541,-0.768861,2.76442,-2.69208,-1.16664,0,0,0
L50146,L,300.6,309.3,1601,40.2,69,0.673292,-1.00349,1.48547,0.00427802,-1.13033,0,0,0
L50147,L,300.6,309.4,1369,51.6,71,0.656383,-0.847629,-2.44419,2.37496,-1.08569,0,0,0
M17828,M,300.6,309.4,1312,45.2,73,0.646358,-0.866409,-2.96426,1.20653,-0.961435,0,0,0
L50149,L,300.6,309.4,1468,44.1,76,0.661449,-0.816158,-0.689796,0.986662,-0.918225,0,0,0
M17830,M,300.6,309.4,1452,39.4,78,0.653526,-0.858681,-0.983788,-0.209152,-0.851465,0,0,0
M17831,M,300.7,309.5,1393,43.9,81,0.727175,-0.789258,-2.09202,0.93278,-0.741105,0,0,0
M17832,M,300.6,309.4,1432,44.2,84,0.652059,-0.845159,-1.35597,1.03011,-0.694167,0,0,0
M17833,M,300.6,309.3,1510,46,87,0.642361,-0.989175,0.13478,1.38816,-0.600567,0,0,0
M17834,M,300.6,309.4,1521,37.2,90,0.661286,-0.858818,0.317574,-0.704346,-0.526959,0,0,0
H32389,H,300.5,309.4,1360,46.2,93,0.530512,-0.831233,-2.52626,1.43208,-0.430751,0,0,0
M17836,M,300.5,309.3,1881,25.5,98,0.506845,-0.995001,2.81468,-2.66931,-0.284678,0,0,0
L50157,L,300.4,309.3,1413,50.3,101,0.377114,-1.01126,-1.72704,2.21952,-0.196286,0,0,0
H32392,H,300.5,309.4,1642,36.2,103,0.521835,-0.85751,1.86081,-0.925756,-0.134501,0,0,0
L50159,L,300.5,309.5,1542,38.5,108,0.494478,-0.734485,0.638216,-0.389295,0.0222941,0,0,0
L50160,L,300.4,309.5,1447,39.3,110,0.383646,-0.732963,-1.08276,-0.212165,0.0314488,0,0,0
H32395,H,300.4,309.4,1530,40.4,112,0.344376,-0.82785,0.480403,0.0675404,0.100667,0,0,0
L50162,L,300.5,309.5,1795,27.7,117,0.498812,-0.755049,2.67764,-2.47881,0.242206,0,0,0
L50163,L,300.6,309.6,1290,57.4,119,0.686787,-0.550768,-3.03995,2.92086,0.305126,0,0,0
L50164,L,300.6,309.7,1639,30.4,121,0.670154,-0.436893,1.83906,-2.0747,0.366342,0,0,0
L50165,L,300.7,309.8,1596,31.5,123,0.668118,-0.2142,1.38385,-1.8626,0.453282,0,0,0
L50166,L,300.6,309.8,1455,48,125,0.663241,-0.241979,-0.90166,1.85305,0.519629,0,0,0
M17847,M,300.6,309.8,1659,28.9,127,0.688188,-0.276255,1.99439,-2.29513,0.567458,0,0,0
M17848,M,300.6,309.8,1532,42.5,130,0.668801,-0.219983,0.522123,0.585317,0.690636,0,0,0
L50169,L,300.6,309.8,1502,42.4,133,0.665336,-0.264629,-0.0131548,0.558004,0.713891,0,0,0
L50170,L,300.6,309.8,1688,28.6,135,0.662078,-0.291037,2.19933,-2.33713,0.778049,0,0,0
M17851,M,300.5,309.7,1341,50.9,137,0.42972,-0.479659,-2.75878,2.33354,0.861132,0,0,0
M17852,M,300.5,309.7,1685,29.4,140,0.461578,-0.445542,2.21848,-2.24726,0.919348,0,0,0
M17853,M,300.5,309.8,1370,55.9,143,0.449816,-0.286085,-2.43073,2.82432,1.03591,0,0,0
L50174,L,300.5,309.8,1461,52.5,146,0.425101,-0.270904,-0.811742,2.48275,1.05661,0,0,0
L50175,L,300.5,309.8,1550,37.4,148,0.419106,-0.273433,0.792881,-0.648073,1.21718,0,0,0
M17856,M,300.5,309.8,1508,37.8,150,0.447759,-0.309976,0.0893657,-0.560586,1.23915,0,0,0
L50177,L,300.5,309.8,1345,62.7,153,0.418651,-0.275869,-2.70089,3.06063,1.30339,0,0,0
L50178,L,300.5,309.7,1616,34.5,155,0.396067,-0.446882,1.57036,-1.32104,1.39976,0,0,0
L50179,L,300.5,309.7,1395,61,157,0.443299,-0.448463,-2.05057,3.07092,1.42759,0,0,0
H32414,H,300.5,309.8,1324,72.8,159,0.455166,-0.284045,-2.90156,3.11759,1.46847,0,1,1
L50181,L,300.5,309.8,1445,43.9,164,0.420156,-0.260309,-1.12163,0.921722,1.60823,0,0,0
M17862,M,300.5,309.8,1555,38.9,166,0.376133,-0.292139,0.865981,-0.269264,1.59316,0,0,0
M17863,M,300.6,309.9,1449,42.4,169,0.612676,-0.244013,-1.06175,0.554694,1.75286,0,0,0
M17864,M,300.5,309.9,1466,53.2,172,0.44368,-0.286385,-0.722108,2.59955,1.83355,0,0,0
L50185,L,300.5,309.9,1503,37.4,175,0.415058,-0.21681,0.00730852,-0.670601,1.93421,0,0,0
L50186,L,300.4,309.7,1488,35.7,177,0.402689,-0.453323,-0.25429,-1.10093,1.99601,0,0,0
L50187,L,300.4,309.7,1314,50.2,179,0.386172,-0.469881,-2.9544,2.21696,2.02332,0,0,0
M17868,M,300.4,309.7,1547,38,181,0.383744,-0.464913,0.709841,-0.477564,2.13586,0,0,0
M17869,M,300.4,309.7,1466,39.8,184,0.417702,-0.442571,-0.692118,-0.0748869,2.18848,0,0,0
L50190,L,300.3,309.6,1537,37.1,187,0.192111,-0.522771,0.568649,-0.732522,2.25167,0,0,0
M17871,M,300.2,309.5,1434,51.5,189,0.18139,-0.743662,-1.3526,2.39197,2.36925,0,0,0
L50192,L,300.4,309.6,1432,44.7,192,0.3793,-0.544738,-1.41759,1.1242,2.43515,0,0,0
L50193,L,300.5,309.6,1390,48.4,194,0.474,-0.557609,-2.13366,1.89759,2.50866,0,0,0
L50194,L,300.5,309.7,1580,42.8,196,0.49413,-0.443526,1.2059,0.650995,2.54215,0,0,0
L50195,L,300.5,309.7,1589,30.5,198,0.451914,-0.434102,1.33304,-2.0818,2.59093,0,0,0
L50196,L,300.5,309.8,1441,48.8,200,0.467689,-0.275783,-1.18807,1.98045,2.61169,0,0,0
L50197,L,300.5,309.8,1305,51.7,202,0.446868,-0.28284,-2.96768,2.4236,2.67735,0,0,0
M17878,M,300.5,309.8,1566,35.9,204,0.445622,-0.264357,1.00292,-0.988096,2.77061,0,0,0
L50199,L,300.5,309.8,1379,54.2,207,0.470223,-0.241848,-2.28192,2.68077,2.8376,0,1,1
L50200,L,300.4,309.6,1543,38.1,209,0.388701,-0.499798,0.679709,-0.44439,2.8768,0,0,0
L50201,L,300.5,309.8,1421,49.6,211,0.449615,-0.258756,-1.582,2.10239,2.92603,0,0,0
L50202,L,300.5,309.6,1760,30.6,213,0.440429,-0.507813,2.57784,-2.07026,2.9908,0,0,0
L50203,L,300.4,309.5,1711,29.2,215,0.384565,-0.719394,2.35526,-2.25946,2.98968,0,0,0
L50204,L,300.5,309.6,1465,41.6,217,0.444984,-0.503348,-0.728337,0.37586,3.04595,0,0,0
L50205,L,300.5,309.6,1366,50.2,219,0.468897,-0.514521,-2.48298,2.22545,3.04526,0,0,0
M17886,M,300.4,309.5,1888,21.9,221,0.409756,-0.731171,2.83626,-2.95288,3.06679,0,0,0
L50207,L,300.5,309.5,1777,23.6,0,0.470706,-0.736213,2.61333,-2.83031,-3.08791,0,0,0
L50208,L,300.5,309.5,1379,55.6,2,0.447129,-0.772512,-2.28061,2.80195,-3.04992,0,0,0
L50209,L,300.4,309.5,1525,51.3,4,0.421966,-0.700286,0.383594,2.35211,-3.03061,0,0,0
M17890,M,300.4,309.6,1563,34,6,0.406661,-0.52133,0.986639,-1.39364,-2.9224,0,0,0
M17891,M,300.5,309.7,1389,43.3,9,0.478068,-0.433786,-2.15917,0.766819,-2.86438,0,0,0
M17892,M,300.6,309.8,1447,42.9,12,0.665117,-0.246241,-1.09395,0.712535,-2.71669,0,0,0
M17893,M,300.6,309.7,1934,22.8,15,0.635099,-0.436785,2.93336,-2.84476,-2.6344,0,0,0
H32448,H,300.6,309.7,1470,43.8,18,0.686492,-0.431795,-0.653269,0.900481,-2.57064,0,0,0
M17895,M,300.6,309.7,1428,42.6,23,0.667621,-0.448052,-1.44782,0.595182,-2.41132,0,0,0
L50216,L,300.4,309.6,1319,48.1,26,0.404394,-0.543143,-2.91039,1.84821,-2.33107,0,0,0
L50217,L,300.5,309.7,1887,24.3,28,0.462566,-0.43919,2.91208,-2.73677,-2.30646,0,0,0
L50218,L,300.4,309.5,1349,50.4,30,0.350432,-0.661456,-2.67617,2.23267,-2.24737,0,0,0
M17899,M,300.3,309.5,1665,31.4,32,0.180714,-0.729907,2.09948,-1.85781,-2.16991,0,0,0
L50220,L,300.3,309.5,1474,38.7,35,0.248044,-0.687649,-0.527309,-0.312295,-2.09749,0,0,0
L50221,L,300.4,309.5,1543,38.9,37,0.389844,-0.672319,0.665436,-0.264452,-2.01121,0,0,0
M17902,M,300.2,309.4,1459,43.9,39,0.187778,-0.835718,-0.868019,0.958429,-1.97222,0,0,0
L50223,L,300.3,309.5,1551,37.9,42,0.220053,-0.659964,0.786157,-0.535547,-1.8733,0,0,0
L50224,L,300.2,309.4,1981,21.4,44,0.0559425,-0.840413,3.01606,-2.96128,-1.80249,0,0,0
L50225,L,300.2,309.4,1526,35.3,46,0.197533,-0.854104,0.426748,-1.17574,-1.74323,0,0,0
M17906,M,300.2,309.4,1501,40,48,0.153093,-0.827799,-0.0490644,-0.0365188,-1.70014,0,0,0
L50227,L,300.2,309.4,1558,38.3,51,0.186162,-0.874929,0.907888,-0.411524,-1.58945,0,0,0
L50228,L,300.2,309.3,1532,43.2,53,0.160247,-1.03493,0.489653,0.766719,-1.55824,0,0,0
L50229,L,300.1,309.2,1326,55.9,55,0.00490142,-1.06362,-2.89624,2.80904,-1.51634,0,0,0
L50230,L,300.2,309.2,1431,51.3,57,0.180873,-1.04199,-1.37756,2.38371,-1.43267,0,0,0
L50231,L,300.2,309.3,1366,49.3,59,0.178118,-1.00074,-2.47878,2.05008,-1.38153,0,0,0
L50232,L,300.1,309.2,1421,42.5,61,-0.0508274,-1.08877,-1.61572,0.608309,-1.34993,0,0,0
H32467,H,300.2,309.3,1506,35.6,63,0.165541,-0.94452,0.056451,-1.1178,-1.30935,0,0,0
H32468,H,300.2,309.3,1342,48.7,68,0.179856,-0.917226,-2.76199,1.9094,-1.13874,0,0,0
L50235,L,300.1,309.2,1427,37.6,73,-0.00846708,-1.08414,-1.50761,-0.660612,-0.969359,0,0,0
L50236,L,300.2,309.2,1667,29.9,75,0.146821,-1.06098,2.05508,-2.16833,-0.933343,0,0,0
L50237,L,300.1,309.1,1400,46.7,77,-0.0557337,-1.2208,-2.00952,1.56766,-0.890552,0,0,0
L50238,L,300,309,1709,32.1,79,-0.0955183,-1.35822,2.31486,-1.78884,-0.816701,0,0,0
M17919,M,300,309,1368,45.8,81,-0.0795831,-1.39541,-2.46701,1.33348,-0.794972,0,0,0
L50240,L,300,309.1,1882,23.8,84,-0.105258,-1.25907,2.85512,-2.763,-0.686309,0,0,0
L50241,L,300.1,309.1,1353,58.7,86,0.0268054,-1.28625,-2.67262,2.95991,-0.650213,0,0,0
L50242,L,299.9,309,1553,40,88,-0.175666,-1.36087,0.80246,-0.00611241,-0.551165,0,0,0
L50243,L,300,309.1,1431,45.4,90,-0.09575,-1.28138,-1.42394,1.31313,-0.543722,0,0,0
M17924,M,300.1,309.1,1731,30.4,92,0.00366754,-1.27189,2.45608,-2.09661,-0.457474,0,0,0
M17925,M,300.1,309.2,1687,27.7,95,0.0198359,-1.02132,2.21998,-2.48395,-0.362487,0,0,0
M17926,M,300.1,309.2,1457,44.3,98,0.0129222,-1.04351,-0.874709,1.039,-0.279204,0,0,0
L50247,L,300.1,309.2,1533,37,101,0.0668519,-1.06462,0.512355,-0.761491,-0.216716,0,0,0
H32482,H,300,309,1622,31.8,103,-0.106237,-1.41454,1.72956,-1.82643,-0.158171,0,0,0
L50249,L,300,309.1,1791,28.2,108,-0.0955428,-1.31152,2.66813,-2.39984,-0.0235124,0,0,0
L50250,L,300,309.1,1631,28.3,110,-0.0894134,-1.29847,1.78891,-2.38717,0.0440336,0,0,0
L50251,L,300,309,2174,16.9,112,-0.141421,-1.41435,3.06912,-3.07169,0.14441,0,0,0
L50252,L,300.1,309,1314,58.2,114,0.00247688,-1.39813,-2.96206,2.91774,0.231948,0,0,0
L50253,L,300.1,309.1,1478,46.9,116,0.053438,-1.30568,-0.428164,1.63216,0.24178,0,0,0
L50254,L,300.1,309.2,1783,27.3,118,0.0579406,-1.07593,2.63738,-2.52513,0.313577,0,0,0
M17935,M,300.1,309.2,1385,46.1,120,0.00414117,-1.08041,-2.20345,1.41902,0.355343,0,0,0
L50256,L,300,309.2,1444,43.6,123,-0.0794251,-1.08753,-1.13526,0.849964,0.420197,0,0,0
L50257,L,300.1,309.3,1841,23,125,0.0343539,-0.895204,2.76509,-2.86808,0.482242,0,0,0
M17938,M,300.1,309.4,1349,56.2,127,-0.00277824,-0.874931,-2.69999,2.82769,0.578538,0,0,0
L50259,L,300.1,309.3,1340,56,130,0.00201937,-0.90903,-2.77531,2.80729,0.683845,0,0,0
M17940,M,299.9,309.2,1539,43.2,132,-0.125392,-1.06514,0.615707,0.773043,0.678118,0,0,0
M17941,M,300,309.3,1932,21.8,135,-0.0898411,-0.920996,2.95643,-2.95823,0.79871,0,0,0
M17942,M,300,309.3,1407,43.9,138,-0.10128,-0.932028,-1.86683,0.905164,0.840314,0,0,0
L50263,L,300.1,309.3,1712,28.5,141,-0.0136753,-0.912059,2.33622,-2.36214,0.909315,0,0,0
H32498,H,300.1,309.4,1329,55.2,143,-0.0130799,-0.871504,-2.85137,2.77271,0.991428,0,0,0
L50265,L,300.1,309.2,1441,42.9,148,0.0104574,-1.08338,-1.20233,0.695704,1.1544,0,0,0
L50266,L,300,309.2,1610,32.1,150,-0.0755235,-1.07258,1.5627,-1.77384,1.21487,0,0,0
M17947,M,300,309.1,1474,45.2,152,-0.0858464,-1.28588,-0.547094,1.21375,1.2612,0,0,0
M17948,M,300,309.1,1624,30.8,155,-0.104776,-1.30054,1.67731,-2.06776,1.36092,0,0,0
H32503,H,300.1,309.3,1520,38.2,158,-0.00327308,-0.905939,0.305877,-0.421072,1.47705,0,0,0
H32504,H,300.1,309.3,1448,45.8,163,6.73E-05,-0.949546,-1.05021,1.35061,1.56981,0,0,0
L50271,L,300,309.3,1558,29.7,168,-0.0789521,-0.922292,0.928318,-2.2201,1.72013,0,0,0
M17952,M,300,309.3,2293,16.3,170,-0.0859689,-0.959587,3.10507,-3.07849,1.72233,0,0,0
L50273,L,300,309.3,1397,51.2,173,-0.0770377,-0.948843,-2.01679,2.37506,1.81999,0,0,0
L50274,L,300,309.3,1972,22,175,-0.100304,-0.945398,2.97319,-2.92262,1.94465,0,0,0
M17955,M,299.9,309.2,1574,36.5,177,-0.175976,-1.05362,1.14846,-0.872945,1.9917,0,0,0
L50276,L,299.9,309.2,1560,38.9,180,-0.158239,-1.03976,0.934306,-0.294057,2.0407,0,0,0
M17957,M,299.9,309.2,1353,49.8,182,-0.149121,-1.04893,-2.63543,2.1541,2.09343,0,0,0
M17958,M,299.9,309.2,1389,51.2,185,-0.118756,-1.08085,-2.16938,2.311,2.2244,0,0,0
M17959,M,299.9,309.1,1513,43.8,188,-0.148377,-1.25556,0.180995,0.905414,2.28403,0,0,0
L50280,L,299.8,309.1,1578,42.1,191,-0.161883,-1.23807,1.17421,0.456443,2.41166,0,0,0
H32515,H,299.8,309,1467,37.3,193,-0.203927,-1.41768,-0.654262,-0.655002,2.4093,0,0,0
L50282,L,299.9,309.1,1412,48.3,198,-0.210661,-1.25789,-1.8079,1.87852,2.63766,0,0,0
L50283,L,299.8,309.1,1668,30.3,200,-0.133461,-1.25012,2.09369,-2.07403,2.64831,0,0,0
M17964,M,299.8,309.2,1678,29.8,202,-0.219471,-1.0468,2.14074,-2.17071,2.71452,0,0,0
L50285,L,299.8,309.1,1612,35.4,205,-0.205454,-1.21486,1.57027,-1.11971,2.78533,0,0,0
L50286,L,299.8,309.1,1485,39.9,207,-0.17442,-1.22772,-0.349959,-0.0305261,2.83996,0,0,0
M17967,M,299.8,309.1,1456,39.4,209,-0.212646,-1.25394,-0.881395,-0.167502,2.89794,0,0,0
L50288,L,299.8,309.2,1504,38.7,212,-0.198975,-1.08375,0.0227051,-0.321317,2.94374,0,0,0
L50289,L,299.9,309.2,1491,44.3,214,-0.190672,-1.1194,-0.204559,1.03669,2.96041,0,0,0
H32524,H,299.9,309.2,1525,33.2,0,-0.141334,-1.09777,0.382885,-1.5531,-3.11421,0,0,0
L50291,L,300,309.2,1759,27.9,5,-0.0545611,-1.13066,2.56961,-2.42009,-2.93269,0,0,0
M17972,M,299.8,309.1,1355,56.7,7,-0.173898,-1.23508,-2.58954,2.83322,-2.87995,0,0,0
M17973,M,299.9,309.1,1345,56.8,10,-0.165645,-1.24651,-2.68913,2.8733,-2.77589,0,0,0
M17974,M,299.9,309.2,1683,30.5,13,-0.158559,-1.09876,2.21783,-2.03861,-2.73721,0,0,0
L50295,L,299.9,309.2,1658,34.8,16,-0.176428,-1.11531,1.9944,-1.26703,-2.63347,0,0,0
L50296,L,300,309.2,1566,34.4,18,-0.044293,-1.08242,1.01812,-1.36124,-2.59066,0,0,0
M17977,M,300.1,309.3,1469,43.9,20,-0.016775,-0.947942,-0.664803,0.953941,-2.53822,0,0,0
M17978,M,300.2,309.5,1458,46.9,23,0.126922,-0.656042,-0.79196,1.58977,-2.40976,0,0,0
L50299,L,300.1,309.4,1858,23.6,26,-0.0075951,-0.862349,2.83884,-2.8136,-2.31101,0,0,0
H32534,H,300.1,309.4,1563,40.8,28,-0.0217022,-0.876015,0.942187,0.186679,-2.28298,0,0,0
L50301,L,300.1,309.4,2141,17.9,33,0.00237852,-0.903319,3.06652,-3.05126,-2.13633,0,0,0
L50302,L,300,309.3,1473,46,35,-0.0524636,-0.947331,-0.572076,1.40933,-2.06784,0,0,0
H32537,H,300,309.4,1498,38.5,37,-0.0319229,-0.85594,-0.0961927,-0.372208,-2.00012,0,0,0
L50304,L,300.1,309.4,1568,39.7,42,0.0073446,-0.874249,1.0523,-0.0622825,-1.89385,0,0,0
L50305,L,300.1,309.4,1694,27.4,44,-0.0113719,-0.870746,2.29496,-2.46206,-1.82757,0,0,0
L50306,L,300,309.4,1499,35.7,46,-0.0163981,-0.873202,-0.0781045,-1.04731,-1.76489,0,0,0
L50307,L,300,309.5,1717,28.3,48,-0.0296528,-0.618642,2.37773,-2.34811,-1.67799,0,0,0
M17988,M,300.1,309.5,1462,42.8,50,0.0382424,-0.64839,-0.794523,0.623468,-1.64651,0,0,0
L50309,L,300.1,309.6,1642,34.5,53,0.0441783,-0.554011,1.83592,-1.29931,-1.56635,0,0,0
L50310,L,300.1,309.6,1760,25.4,55,-0.0420622,-0.524342,2.57498,-2.71187,-1.48157,0,0,0
L50311,L,300.1,309.5,1660,32.7,57,-0.0326822,-0.631782,2.01741,-1.68072,-1.48789,0,0,0
L50312,L,300.1,309.5,1557,40.6,59,0.00590948,-0.657047,0.881002,0.12022,-1.38446,0,0,0
H32547,H,300.2,309.6,1442,49.2,61,0.196119,-0.542096,-1.20599,2.04263,-1.32476,0,0,0
L50314,L,300.2,309.6,1359,51.5,66,0.196596,-0.493288,-2.57864,2.3921,-1.26389,0,0,0
L50315,L,300.4,309.8,1342,52.5,68,0.397822,-0.254063,-2.76432,2.52691,-1.17178,0,0,0
L50316,L,300.4,309.9,1435,54.8,70,0.425576,-0.238949,-1.35806,2.73486,-1.0872,0,0,0
L50317,L,300.4,309.9,1567,36.5,72,0.376823,-0.256959,1.02316,-0.858661,-1.0084,0,0,0
L50318,L,300.4,309.9,1376,43.5,74,0.37385,-0.242142,-2.35761,0.832787,-0.957766,0,0,0
H32553,H,300.4,309.9,1513,38.7,76,0.405778,-0.195287,0.192595,-0.336585,-0.878169,0,0,0
H32554,H,300.4,309.9,2563,12.8,81,0.380161,-0.252539,3.1374,-3.12252,-0.755965,0,1,1
L50321,L,300.5,310,1521,45.1,86,0.4623,-0.0821143,0.303108,1.21335,-0.603985,0,0,0
L50322,L,300.6,310,1658,34.7,88,0.698952,-0.0724348,2.00586,-1.32028,-0.529031,0,0,0
H32557,H,300.6,310,1419,42.4,90,0.674711,-0.0750741,-1.58533,0.546937,-0.542001,0,0,0
M18004,M,300.6,310,1478,36.3,95,0.712126,-0.0847034,-0.477101,-0.918221,-0.353527,0,0,0
M18005,M,300.5,310,1415,43.5,98,0.460359,-0.0754499,-1.70505,0.820619,-0.278728,0,0,0
M18006,M,300.5,309.9,1780,26.5,101,0.478753,-0.217312,2.61664,-2.59194,-0.173486,0,0,0
M18007,M,300.4,309.7,1440,42.8,104,0.372576,-0.452178,-1.23082,0.651065,-0.10929,0,0,0
H32562,H,300.4,309.8,1448,39.7,107,0.391583,-0.209592,-1.0815,-0.107995,-0.0232278,0,0,0
H32563,H,300.4,309.7,1500,35.2,112,0.374948,-0.421854,-0.0489014,-1.19902,0.13277,0,0,0
L50330,L,300.4,309.8,1513,32.9,117,0.37024,-0.258814,0.188117,-1.56069,0.241842,0,0,0
L50331,L,300.5,309.8,1428,43.8,119,0.564637,-0.206085,-1.495,0.927624,0.34399,0,0,0
M18012,M,300.5,309.8,1473,42.3,121,0.529726,-0.244921,-0.578517,0.545618,0.342332,0,0,0
M18013,M,300.5,309.9,1483,49.3,124,0.572326,-0.28042,-0.376246,2.07509,0.48445,0,0,0
L50334,L,300.4,309.7,1534,42.5,127,0.385454,-0.43283,0.516486,0.642854,0.555363,0,0,0
L50335,L,300.5,309.8,1367,54,129,0.556136,-0.301491,-2.47279,2.67536,0.596364,0,0,0
L50336,L,300.4,309.7,1467,36.9,131,0.389478,-0.43856,-0.689078,-0.774686,0.664809,0,0,0
M18017,M,300.4,309.7,1488,42.2,133,0.387941,-0.441934,-0.253271,0.511703,0.732317,0,0,0
L50338,L,300.4,309.7,1679,30.1,136,0.382499,-0.427214,2.11971,-2.12951,0.835095,0,0,0
H32573,H,300.4,309.8,1409,47.5,138,0.407517,-0.247568,-1.83647,1.68213,0.864125,0,0,0
M18020,M,300.4,309.7,1367,51.2,143,0.403082,-0.445671,-2.4836,2.37045,1.02198,0,0,0
L50341,L,300.4,309.8,1314,63.1,146,0.363911,-0.280469,-2.93408,3.07741,1.1131,0,0,0
L50342,L,300.5,309.9,1480,40,148,0.538315,-0.220452,-0.4132,-0.0391245,1.14461,0,0,0
L50343,L,300.4,309.8,1549,38.9,150,0.336211,-0.274424,0.778538,-0.269859,1.2399,0,0,0
L50344,L,300.4,309.7,1685,31.3,152,0.378938,-0.410716,2.1801,-1.90112,1.25692,0,0,0
L50345,L,300.4,309.6,1536,34.5,154,0.404475,-0.500965,0.57515,-1.34885,1.34311,0,0,0
M18026,M,300.4,309.7,1539,37.7,156,0.380667,-0.455826,0.581041,-0.59403,1.38157,0,0,0
L50347,L,300.4,309.7,1384,45.1,159,0.384208,-0.380505,-2.25091,1.22577,1.45338,0,0,0
M18028,M,300.4,309.6,1614,30.3,161,0.383344,-0.547574,1.57937,-2.06704,1.51064,0,0,0
M18029,M,300.4,309.6,1675,35.5,164,0.379107,-0.509458,2.14741,-1.09324,1.61231,0,0,0
M18030,M,300.4,309.7,1685,32.3,167,0.339382,-0.4266,2.21504,-1.7378,1.6828,0,0,0
L50351,L,300.4,309.6,1386,56.9,170,0.420466,-0.532072,-2.20968,2.87622,1.74931,0,0,0
M18032,M,300.3,309.6,1488,41.3,172,0.251341,-0.509575,-0.30648,0.318494,1.82094,0,0,0
L50353,L,300.3,309.6,1624,32.6,175,0.245284,-0.477104,1.67681,-1.66466,1.95724,0,0,0
L50354,L,300.3,309.6,1600,34.6,177,0.270817,-0.493042,1.42746,-1.32974,2.00681,0,0,0
L50355,L,300.3,309.6,1468,44.7,179,0.25792,-0.506383,-0.694999,1.13032,2.02047,0,0,0
L50356,L,300.3,309.6,1435,45.4,181,0.257196,-0.520297,-1.36249,1.29601,2.10843,0,0,0
M18037,M,300.2,309.5,1564,33.4,183,0.19508,-0.688587,0.978962,-1.52679,2.15471,0,0,0
M18038,M,300.2,309.4,1329,53.6,186,0.19142,-0.905632,-2.84475,2.57656,2.22298,0,0,0
L50359,L,300.1,309.3,1570,36.8,189,-0.048988,-0.96572,1.06751,-0.817261,2.30701,0,0,0
M18040,M,300.2,309.4,1433,48.8,191,0.130335,-0.884736,-1.39987,1.96046,2.38084,0,0,0
L50361,L,300.2,309.4,1527,37,194,0.112295,-0.880573,0.443432,-0.765973,2.47026,0,0,0
M18042,M,300.1,309.3,1443,50.3,196,-0.0246441,-0.992241,-1.18801,2.17491,2.5416,0,0,0
L50363,L,300.1,309.3,1616,32,199,-0.0563959,-0.972699,1.57267,-1.78197,2.65421,0,0,0
L50364,L,300.1,309.3,1654,31,201,-0.043828,-0.966712,1.95523,-1.93909,2.66959,0,0,0
L50365,L,300.1,309.3,1685,27.1,203,-0.0178068,-0.98688,2.22214,-2.56488,2.73564,0,0,0
M18046,M,300.2,309.4,1456,48.8,205,0.164263,-0.879101,-0.905512,1.98935,2.80774,0,0,0
M18047,M,300.2,309.4,1752,27.8,208,0.196877,-0.842011,2.49949,-2.45441,2.86269,0,0,0
M18048,M,300.1,309.2,1438,51,211,-0.0331094,-1.01589,-1.22847,2.32562,2.88614,0,0,0
L50369,L,300.1,309.1,1551,33.7,214,0.00773998,-1.31276,0.788267,-1.46653,2.97754,0,0,0
L50370,L,300.1,309.2,1599,30.1,216,-0.0150739,-1.03716,1.44156,-2.12426,3.05118,0,0,0
M18051,M,300.1,309.2,1732,33.7,218,-0.0742743,-1.05544,2.43253,-1.44867,3.03551,0,0,0
M18052,M,300.1,309.2,1418,39.8,221,0.00202021,-1.07589,-1.67125,-0.0662023,3.06334,0,0,0
L50373,L,300,309.1,1401,44.5,0,-0.0663697,-1.29888,-1.92608,1.02916,-3.07585,0,0,0
L50374,L,300,309,1454,51.7,2,-0.0634982,-1.41446,-0.931149,2.40983,-3.03821,0,0,0
M18055,M,300,309.2,1635,32.4,4,-0.0845579,-1.03933,1.77954,-1.70574,-2.97935,0,0,0
L50376,L,300,309.1,1489,40.3,7,-0.0681884,-1.26954,-0.270115,0.0828619,-2.89966,0,0,0
L50377,L,300,309.1,1465,40.6,9,-0.0793797,-1.27713,-0.720407,0.107066,-2.846,0,0,0
M18058,M,300,309.1,1463,45.7,11,-0.0432568,-1.27086,-0.785042,1.32214,-2.79499,0,0,0
H32613,H,300.1,309.1,1560,35.4,14,-0.0505736,-1.28688,0.943071,-1.11239,-2.66729,0,0,0
M18060,M,300.1,309.2,1454,44.4,19,-0.0143738,-1.07152,-0.929521,1.03324,-2.54132,0,0,0
L50381,L,300.2,309.1,1479,47,22,0.124768,-1.25856,-0.432718,1.61354,-2.49138,0,0,0
L50382,L,300.2,309.2,1430,43.4,24,0.152121,-1.06976,-1.43686,0.807073,-2.40275,0,0,0
M18063,M,300.1,309.1,1533,38,26,0.0370442,-1.25962,0.482509,-0.515846,-2.33632,0,0,0
L50384,L,300.1,309,1404,54.8,29,-0.00231664,-1.39472,-1.86101,2.72469,-2.25522,0,0,0
M18065,M,300.1,308.9,1548,38.4,31,-0.0083613,-1.46262,0.696479,-0.396172,-2.19626,0,0,0
M18066,M,300.1,309,1612,33,34,-0.0172728,-1.35328,1.56039,-1.61746,-2.1279,0,0,0
M18067,M,300.2,309,1642,31.2,37,0.170414,-1.38657,1.86009,-1.95839,-2.03856,0,0,0
M18068,M,300.2,309.1,1406,42.2,40,0.160387,-1.23929,-1.92001,0.492892,-1.93114,0,0,0
L50389,L,300.3,309.2,1587,31.4,43,0.293231,-1.07046,1.24251,-1.88957,-1.87427,0,0,0
M18070,M,300.3,309.2,1364,47.6,45,0.221939,-1.04351,-2.51146,1.72763,-1.82619,0,0,0
L50391,L,300.3,309.2,1462,51.4,48,0.256579,-1.05241,-0.817641,2.38864,-1.72858,0,0,0
L50392,L,300.3,309.2,1649,32.4,50,0.287688,-1.04688,1.92161,-1.71722,-1.66102,0,0,0
L50393,L,300.4,309.2,1752,29,52,0.350099,-1.01995,2.52465,-2.27307,-1.62626,0,0,0
H32628,H,300.4,309.3,1396,51.2,54,0.350396,-0.926785,-2.064,2.34927,-1.5822,0,0,0
M18075,M,300.5,309.4,2179,16.3,59,0.520114,-0.879659,3.09031,-3.07492,-1.39914,0,0,0
L50396,L,300.5,309.5,1653,27.6,62,0.539797,-0.658972,1.92612,-2.46064,-1.2885,0,0,0
L50397,L,300.6,309.5,2025,21.4,64,0.716836,-0.675141,3.00607,-2.96597,-1.26762,0,0,0
L50398,L,300.6,309.6,1426,53.6,66,0.687597,-0.49323,-1.52246,2.60485,-1.17848,0,0,0
M18079,M,300.6,309.6,1503,38.4,68,0.710838,-0.519702,-0.00223237,-0.416545,-1.18063,0,0,0
M18080,M,300.7,309.6,1525,36.5,71,0.726725,-0.49466,0.416764,-0.868059,-1.04662,0,0,0
L50401,L,300.6,309.6,1423,49.1,74,0.69092,-0.493354,-1.54899,2.00309,-0.952224,0,0,0
M18082,M,300.7,309.7,1435,44.7,76,0.808759,-0.464669,-1.31065,1.12569,-0.875791,0,0,0
H32637,H,300.6,309.5,1495,36.5,79,0.693629,-0.668784,-0.143239,-0.859167,-0.816746,0,0,0
M18084,M,300.6,309.5,1557,33.8,84,0.689926,-0.686878,0.875389,-1.47504,-0.663074,0,0,0
L50405,L,300.6,309.4,1474,40.7,87,0.676697,-0.841379,-0.544326,0.148742,-0.582378,0,0,0
L50406,L,300.5,309.3,1465,46,89,0.564158,-0.955559,-0.716028,1.4201,-0.551741,0,0,0
M18087,M,300.5,309.3,1589,34.9,91,0.617557,-0.939503,1.27909,-1.24964,-0.44977,0,0,0
L50408,L,300.5,309.3,1475,46.8,94,0.572214,-0.934939,-0.48691,1.60058,-0.35581,0,0,0
L50409,L,300.6,309.4,1442,43.2,96,0.71031,-0.885496,-1.15988,0.749989,-0.322061,0,0,0
L50410,L,300.6,309.4,1556,36,98,0.710506,-0.889635,0.858079,-0.990524,-0.266435,0,0,0
L50411,L,300.7,309.3,1425,45.3,100,0.818488,-0.951453,-1.48981,1.26938,-0.247471,0,0,0
L50412,L,300.7,309.3,1580,38.3,102,0.779056,-0.951676,1.19264,-0.417265,-0.149217,0,0,0
H32647,H,300.8,309.4,1474,40.7,104,0.91306,-0.824381,-0.563582,0.134798,-0.139801,0,0,0
L50414,L,300.8,309.4,1489,38.4,109,0.871701,-0.837635,-0.253011,-0.417939,0.038592,0,0,0
L50415,L,300.8,309.4,1946,20.5,111,0.947076,-0.845362,2.93597,-2.98339,0.0618573,0,0,0
M18096,M,300.8,309.4,1342,62.4,113,0.932697,-0.888198,-2.71917,3.04267,0.195533,0,1,1
M18097,M,300.9,309.5,1758,26.8,116,1.0723,-0.681226,2.5574,-2.56577,0.259107,0,0,0
M18098,M,300.9,309.4,1724,25.6,119,1.03875,-0.817751,2.42831,-2.67566,0.285628,0,0,0
L50419,L,301,309.5,1430,48.5,122,1.18251,-0.657776,-1.42249,1.89879,0.382094,0,0,0
L50420,L,300.9,309.5,1612,35.2,124,1.06147,-0.657495,1.58721,-1.18296,0.490987,0,0,0
H32655,H,300.9,309.5,1469,43.4,126,1.05314,-0.70121,-0.65461,0.831545,0.53974,0,0,0
L50422,L,300.9,309.6,1384,42.4,131,1.05769,-0.519385,-2.20659,0.548373,0.67035,0,0,0
L50423,L,301,309.6,1724,28.1,133,1.17773,-0.529641,2.3853,-2.40644,0.73799,0,0,0
M18104,M,301,309.6,1397,48,135,1.15593,-0.533729,-2.04893,1.84294,0.764451,0,0,0
M18105,M,301,309.6,1588,32.7,138,1.19077,-0.541726,1.30366,-1.64985,0.899025,0,0,0
L50426,L,301,309.7,1468,42,141,1.15882,-0.437534,-0.702016,0.483773,0.937392,0,0,0
M18107,M,301,309.8,1594,31.1,143,1.15761,-0.298654,1.37608,-1.95591,1.04401,0,0,0
M18108,M,301,309.7,1511,39.3,146,1.12316,-0.420381,0.135164,-0.189384,1.10526,0,0,0
L50429,L,301.1,309.8,1493,38.9,149,1.25311,-0.27888,-0.180851,-0.322191,1.18878,0,0,0
H32664,H,301.2,309.8,1709,27,151,1.31195,-0.287156,2.35084,-2.54493,1.27475,0,0,0
L50431,L,301.1,309.6,1501,36.1,156,1.23248,-0.484691,-0.0513485,-0.978751,1.38996,0,0,0
L50432,L,301.1,309.7,1668,30.8,158,1.27515,-0.404585,2.10406,-2.00968,1.43467,0,0,0
L50433,L,301.1,309.6,1502,48.9,160,1.26061,-0.530159,-0.0376534,2.02408,1.55019,0,0,0
M18114,M,301,309.7,1288,58.4,162,1.16279,-0.442286,-3.05942,2.90336,1.55814,0,0,0
L50435,L,301,309.7,1491,42.9,165,1.15171,-0.44748,-0.240279,0.654654,1.64321,0,0,0
L50436,L,301.1,309.8,1519,39.6,167,1.28698,-0.33758,0.269004,-0.117645,1.67471,0,0,0
L50437,L,301.2,309.9,1984,19.7,169,1.29862,-0.213871,2.97957,-3.01952,1.78875,0,0,0
L50438,L,301.2,309.9,1643,32.9,171,1.35045,-0.20201,1.87964,-1.63845,1.84091,0,0,0
M18119,M,301.2,310,1625,31.6,173,1.31716,-0.0407081,1.7295,-1.87322,1.87251,0,0,0
M18120,M,301.3,310,2068,17.8,176,1.38727,-0.0679025,3.01532,-3.06076,1.95495,0,0,0
H32675,H,301.3,310.1,1469,39.7,179,1.34783,0.0347658,-0.653349,-0.0887411,2.07508,0,0,0
L50442,L,301.3,310.1,1558,36.3,184,1.34876,-0.00210745,0.90258,-0.914887,2.20553,0,0,0
L50443,L,301.3,310,1344,54.8,186,1.3302,-0.0759148,-2.74954,2.76379,2.27613,0,0,0
H32678,H,301.3,310.1,1455,44.1,188,1.32355,-0.0348921,-0.92637,0.960386,2.30816,0,0,0
L50445,L,301.3,310.1,1355,53.6,193,1.34335,0.0315078,-2.55044,2.60924,2.43136,0,0,0
L50446,L,301.3,310.1,1269,56.8,195,1.35236,-0.0102466,-3.07144,2.84743,2.46422,0,1,1
L50447,L,301.3,310,1550,41.5,197,1.32812,-0.0805856,0.789513,0.371661,2.5634,0,0,0
M18128,M,301.3,310.1,1525,37.8,199,1.33133,0.0362054,0.375373,-0.506152,2.57829,0,0,0
M18129,M,301.3,310,1696,32.4,202,1.37939,-0.0743898,2.28653,-1.71391,2.68374,0,0,0
L50450,L,301.4,310.1,1937,21.8,205,1.44483,0.00982971,2.97773,-2.89895,2.80721,0,0,0
M18131,M,301.4,310,1689,32.1,207,1.47276,-0.127298,2.22023,-1.77224,2.87168,0,0,0
M18132,M,301.3,310,1593,30.8,210,1.33998,-0.0827843,1.35593,-2.00585,2.8889,0,0,0
M18133,M,301.3,309.9,1565,36,213,1.35729,-0.212817,0.964601,-0.951649,3.00635,0,0,0
L50454,L,301.3,310,1665,31.4,0,1.34201,-0.064431,2.03619,-1.90565,-3.06181,0,0,0
H32689,H,301.3,310,1532,36.3,2,1.3624,-0.0563859,0.50979,-0.889528,-3.06252,0,0,0
L50456,L,301.3,310,1438,40.9,7,1.3784,-0.0502019,-1.24606,0.201845,-2.89116,0,0,0
L50457,L,301.3,310.1,1531,41.6,9,1.33723,0.0764211,0.489449,0.35261,-2.84084,0,0,0
L50458,L,301.3,310,1506,40.8,11,1.34214,-0.0487524,0.0746379,0.211222,-2.79797,0,0,0
L50459,L,301.2,309.9,1382,52.4,13,1.30496,-0.251006,-2.23729,2.46986,-2.69141,0,0,0
M18140,M,301.2,309.9,1456,50.8,15,1.32848,-0.219859,-0.925531,2.27763,-2.65924,0,0,0
M18141,M,301.2,310,1445,45.6,18,1.34103,-0.110006,-1.1311,1.3079,-2.55869,0,0,0
L50462,L,301.2,309.9,1515,40.9,21,1.32241,-0.220878,0.230473,0.24046,-2.47917,0,0,0
L50463,L,301.2,309.9,1449,45.5,23,1.35206,-0.231065,-1.03361,1.26883,-2.42548,0,0,0
H32698,H,301.2,309.9,1362,50.7,25,1.31003,-0.215487,-2.52729,2.26024,-2.39499,0,0,0
L50465,L,301.2,309.9,1687,29.7,30,1.32535,-0.207056,2.21874,-2.21102,-2.19762,0,0,0
L50466,L,301.2,310,1618,37.6,32,1.32366,-0.0683986,1.61466,-0.600799,-2.14626,0,0,0
M18147,M,301.2,310.1,1558,32.6,34,1.3011,0.0650487,0.908202,-1.66672,-2.10297,0,0,0
L50468,L,301.3,310.1,1662,31,37,1.34889,0.0786227,2.02286,-1.99761,-2.01548,0,0,0
M18149,M,301.2,310.1,1295,56.6,39,1.27516,0.138905,-2.98466,2.86175,-1.97185,0,0,0
L50470,L,301.2,310.2,1385,42.3,42,1.30748,0.171273,-2.19326,0.517989,-1.84887,0,0,0
M18151,M,301.2,310.1,1479,45.5,44,1.31844,0.00337491,-0.458485,1.30085,-1.84603,0,0,0
L50472,L,301.3,310.3,1400,44.3,47,1.38817,0.31637,-1.94815,1.02204,-1.74357,0,0,0
M18153,M,301.2,310.3,1357,54.5,49,1.30363,0.285577,-2.61294,2.74372,-1.67547,0,0,0
L50474,L,301.1,310.2,1657,34.1,52,1.25474,0.12612,1.98032,-1.42253,-1.60429,0,0,0
L50475,L,301.1,310.2,1496,43.4,54,1.25797,0.148741,-0.126386,0.801372,-1.48663,0,0,0
M18156,M,301.2,310.3,1379,43.2,56,1.29525,0.294536,-2.28479,0.76597,-1.47067,0,0,0
L50477,L,301.2,310.3,1548,38.6,59,1.32548,0.281325,0.740121,-0.348577,-1.43882,0,0,0
L50478,L,301.2,310.3,1499,38.1,61,1.3018,0.287109,-0.0734423,-0.503779,-1.33203,0,0,0
L50479,L,301.3,310.5,1390,45.8,63,1.36431,0.548317,-2.12299,1.35109,-1.3002,0,0,0
H32714,H,301.3,310.4,1538,38.4,65,1.44182,0.472989,0.549483,-0.427636,-1.20944,0,0,0
L50481,L,301.3,310.5,1365,47.7,70,1.4262,0.711265,-2.49367,1.73831,-1.0852,0,0,0
L50482,L,301.3,310.5,1503,48.6,72,1.39323,0.683847,-0.0169947,1.92399,-1.01743,0,0,0
L50483,L,301.2,310.4,1390,49.9,74,1.29386,0.531003,-2.11295,2.14058,-0.921518,0,0,0
L50484,L,301.2,310.3,1497,45.7,76,1.31851,0.259415,-0.088752,1.30935,-0.875765,0,0,0
M18165,M,301.3,310.4,1577,48.3,78,1.42186,0.526162,1.12641,1.88424,-0.884123,0,0,0
L50486,L,301.4,310.5,1432,54.3,81,1.48763,0.675508,-1.4119,2.70643,-0.754418,0,0,0
M18167,M,301.4,310.5,1563,39.9,83,1.47158,0.696849,0.98047,-0.0782186,-0.687011,0,0,0
L50488,L,301.4,310.4,1433,43.4,86,1.4432,0.548039,-1.40749,0.791207,-0.617643,0,0,0
L50489,L,301.3,310.4,1384,50.1,88,1.43654,0.508327,-2.25289,2.16448,-0.546972,0,0,0
L50490,L,301.3,310.4,1346,46.7,90,1.40004,0.556999,-2.72489,1.52751,-0.502142,0,0,0
L50491,L,301.3,310.4,1459,44.7,92,1.38895,0.555575,-0.810993,1.15364,-0.486053,0,0,0
L50492,L,301.4,310.4,1639,28.9,94,1.49832,0.559563,1.80072,-2.25393,-0.362485,0,0,0
L50493,L,301.4,310.4,1737,31.9,96,1.44739,0.546324,2.44669,-1.80834,-0.322964,0,0,0
L50494,L,301.4,310.5,1489,43.5,98,1.48069,0.686289,-0.260567,0.819252,-0.280127,0,0,0
M18175,M,301.5,310.6,1492,43,100,1.54252,0.821468,-0.182691,0.719344,-0.218775,1,0,1
M18176,M,301.4,310.5,1217,60.6,103,1.49203,0.678626,-3.1347,2.98036,-0.139774,0,0,0
L50497,L,301.5,310.5,1636,28.7,106,1.51257,0.72012,1.80529,-2.3405,-0.0545797,0,0,0
L50498,L,301.4,310.4,1436,49.7,108,1.4671,0.54746,-1.31781,2.08849,-0.0288705,0,0,0
L50499,L,301.4,310.4,1689,30.6,110,1.49309,0.509832,2.21264,-2.0682,0.067136,0,0,0
L50500,L,301.5,310.5,2289,16.4,112,1.51574,0.728705,3.08628,-3.08034,0.138227,0,0,0
L50501,L,301.5,310.6,1522,41,114,1.54541,0.794573,0.318937,0.229115,0.150544,0,0,0
L50502,L,301.5,310.5,1351,52.9,116,1.53976,0.714077,-2.64632,2.51475,0.234378,0,0,0
L50503,L,301.5,310.5,1589,36.7,118,1.53371,0.728641,1.30679,-0.801364,0.342496,0,0,0
L50504,L,301.5,310.6,1578,34.1,120,1.5787,0.825188,1.17187,-1.44116,0.358061,0,0,0
L50505,L,301.5,310.6,1587,33.7,122,1.63896,0.813721,1.27878,-1.44576,0.427981,0,0,0
L50506,L,301.5,310.6,1962,20.2,124,1.54915,0.822365,2.95922,-2.98531,0.466235,0,0,0
M18187,M,301.5,310.6,2432,14.2,126,1.52296,0.846973,3.07732,-3.09684,0.513827,0,0,0
L50508,L,301.6,310.6,1418,43.9,129,1.65236,0.819397,-1.66463,0.917807,0.617093,1,0,0
L50509,L,301.6,310.7,1683,29.7,131,1.63687,0.993021,2.20609,-2.1661,0.658657,0,0,0
L50510,L,301.7,310.8,1385,50.7,133,1.682,1.08001,-2.22189,2.27644,0.75625,0,0,0
L50511,L,301.7,310.8,1559,44.5,135,1.69009,1.11489,0.948031,1.04223,0.796243,1,0,0
M18192,M,301.7,310.8,1671,31.6,137,1.66917,1.06111,2.07449,-1.87253,0.872795,0,0,0
M18193,M,301.6,310.8,1343,49.5,140,1.65645,1.08181,-2.73401,2.05968,0.920504,0,0,0
M18194,M,301.6,310.8,1548,34.2,143,1.6542,1.05776,0.743907,-1.31323,1.01626,0,0,0
L50515,L,301.7,310.9,1705,31.2,146,1.67547,1.3154,2.30793,-1.92298,1.10719,1,0,1
L50516,L,301.6,310.8,1535,35.4,148,1.62508,1.07988,0.541081,-1.13924,1.15339,0,0,0
L50517,L,301.6,310.8,1564,34.1,150,1.66266,1.12127,0.996179,-1.3919,1.24933,1,0,1
M18198,M,301.6,310.9,1510,40.9,152,1.64624,1.30641,0.114364,0.206881,1.25086,0,0,0
L50519,L,301.6,310.9,1492,45.2,155,1.65495,1.30987,-0.206591,1.19701,1.34805,0,0,0
M18200,M,301.5,310.8,1452,44.1,157,1.60913,1.1228,-0.973293,1.00443,1.40972,0,0,0
H32755,H,301.4,310.7,1329,52,160,1.46772,1.01519,-2.85061,2.43279,1.48664,0,0,0
L50522,L,301.5,310.8,1382,52.4,165,1.5953,1.16666,-2.29227,2.4616,1.63824,0,0,0
M18203,M,301.5,310.8,1628,36.4,167,1.53543,1.16843,1.70557,-0.91717,1.69576,0,0,0
L50524,L,301.4,310.7,1706,27.9,170,1.49318,1.04229,2.34277,-2.43338,1.79345,0,0,0
L50525,L,301.3,310.7,1594,34.1,172,1.38316,1.03077,1.39511,-1.4296,1.85597,0,0,0
L50526,L,301.3,310.7,1761,24.3,174,1.44196,1.04917,2.56712,-2.72514,1.90861,0,0,0
L50527,L,301.3,310.6,1529,41.8,176,1.44213,0.732402,0.434469,0.406729,1.98976,0,0,0
M18208,M,301.3,310.7,1532,40.7,178,1.37383,0.955633,0.52071,0.154259,1.94783,0,0,0
L50529,L,301.4,310.7,1673,27.8,181,1.4468,0.984859,2.13471,-2.48211,2.09199,0,0,0
L50530,L,301.4,310.8,1285,62.6,183,1.4841,1.1653,-3.07533,3.06877,2.14082,0,1,1
L50531,L,301.4,310.8,1680,31.4,185,1.48051,1.14147,2.18872,-1.8681,2.19573,0,0,0
L50532,L,301.4,310.8,1610,34.6,187,1.44045,1.16185,1.55745,-1.27403,2.30071,0,0,0
L50533,L,301.6,310.9,1632,31.6,189,1.61616,1.30408,1.75941,-1.86313,2.33661,0,0,0
L50534,L,301.6,310.9,1559,40.2,191,1.61515,1.26478,0.913423,0.0122723,2.38515,0,0,0
L50535,L,301.5,310.8,1367,49,193,1.6149,1.1241,-2.47366,2.01928,2.459,0,0,0
L50536,L,301.6,310.8,1355,57.8,195,1.61258,1.11385,-2.61159,2.90214,2.48525,0,1,1
H32771,H,301.6,310.7,1414,51.7,197,1.59973,0.989182,-1.72892,2.43816,2.571,0,0,0
L50538,L,301.5,310.6,1522,36.6,202,1.62119,0.731979,0.304568,-0.838607,2.72442,0,0,0
L50539,L,301.5,310.6,1525,41.9,204,1.62026,0.710846,0.433205,0.435329,2.76087,0,0,0
L50540,L,301.5,310.6,1394,46.5,206,1.58367,0.754784,-2.05462,1.53793,2.76724,0,0,0
L50541,L,301.5,310.6,1519,40.7,208,1.5237,0.723957,0.292289,0.140285,2.88743,0,0,0
L50542,L,301.4,310.6,1445,43.9,210,1.42221,0.698548,-1.17545,0.940417,2.91358,0,0,0
L50543,L,301.4,310.6,1555,43.3,212,1.42108,0.746317,0.858631,0.780435,2.91151,0,0,0
L50544,L,301.4,310.5,1633,39.5,0,1.42625,0.713909,1.78641,-0.146661,-3.06965,0,0,0
M18225,M,301.4,310.6,1630,30.3,2,1.46538,0.708742,1.76449,-2.13377,-3.05321,0,0,0
M18226,M,301.4,310.7,1692,32.3,5,1.41952,0.992865,2.24642,-1.74766,-2.92976,0,0,0
H32781,H,301.5,310.7,1790,26.2,8,1.51997,0.987489,2.66535,-2.61255,-2.86837,0,0,0
L50548,L,301.5,310.8,1350,58.5,13,1.53157,1.11355,-2.65372,2.94272,-2.7038,0,0,0
L50549,L,301.5,310.9,2760,8,15,1.56266,1.29387,3.12485,-3.14159,-2.68093,0,1,1
L50550,L,301.4,310.7,1584,32.2,17,1.40055,1.03647,1.2546,-1.72109,-2.60878,0,0,0
L50551,L,301.4,310.7,1989,21.8,19,1.45102,1.04214,2.99084,-2.90263,-2.55452,0,0,0
L50552,L,301.4,310.8,1431,44.3,21,1.43877,1.11539,-1.45663,0.999791,-2.49148,0,0,0
L50553,L,301.4,310.7,1568,35.2,23,1.47269,1.00924,1.06458,-1.15387,-2.4326,0,0,0
L50554,L,301.4,310.7,1376,50.6,25,1.47338,0.993332,-2.37005,2.2705,-2.34646,0,0,0
M18235,M,301.4,310.6,1459,46.9,27,1.44421,0.808348,-0.808174,1.63819,-2.29132,0,0,0
M18236,M,301.5,310.8,1385,47.5,30,1.57326,1.11732,-2.17295,1.69659,-2.20202,0,0,0
H32791,H,301.5,310.8,1591,29.6,33,1.54895,1.11344,1.3152,-2.17878,-2.15359,0,0,0
L50558,L,301.5,310.7,1568,33.1,38,1.52493,1.03302,1.04323,-1.59179,-2.01775,0,0,0
M18239,M,301.4,310.7,1459,37.7,40,1.42515,1.04564,-0.826698,-0.53551,-1.93489,0,0,0
L50560,L,301.4,310.7,1590,36.3,43,1.45786,1.10636,1.31655,-0.889912,-1.85182,0,0,0
L50561,L,301.3,310.6,1376,47.6,45,1.39052,0.815311,-2.36368,1.73539,-1.8251,0,0,0
L50562,L,301.3,310.6,1510,38.5,47,1.39095,0.789547,0.129854,-0.348347,-1.74846,0,0,0
H32797,H,301.4,310.6,1674,33.6,49,1.46676,0.767801,2.10979,-1.45355,-1.68131,0,0,0
L50564,L,301.3,310.6,1426,40.7,54,1.39861,0.771655,-1.4948,0.165967,-1.56535,0,0,0
L50565,L,301.5,310.7,1466,43.6,56,1.55639,1.07884,-0.70417,0.844736,-1.43517,0,0,0
H32800,H,301.5,310.8,1474,38.7,58,1.53634,1.10846,-0.55237,-0.360471,-1.44512,0,0,0
M18247,M,301.6,310.8,1290,65.3,63,1.63219,1.11718,-3.03623,3.07522,-1.28458,0,0,0
M18248,M,301.7,310.9,1435,48,66,1.69252,1.27196,-1.29955,1.83488,-1.17192,0,0,0
M18249,M,301.5,310.7,1416,53.2,69,1.57716,1.01915,-1.68094,2.56733,-1.1083,0,0,0
H32804,H,301.5,310.7,1599,40.4,72,1.53797,1.04876,1.40792,0.0978036,-1.02991,0,0,0
L50571,L,301.5,310.7,1466,47.3,77,1.56305,1.06724,-0.666108,1.67983,-0.828359,1,0,0
L50572,L,301.5,310.7,1408,47.3,79,1.50552,1.08661,-1.81544,1.65894,-0.827017,0,0,0
L50573,L,301.5,310.6,1490,48.1,81,1.60012,0.794377,-0.220575,1.85993,-0.74064,0,0,0
L50574,L,301.5,310.6,1405,42.3,83,1.56875,0.764858,-1.85964,0.514188,-0.723904,0,0,0
L50575,L,301.4,310.5,1647,33.3,85,1.41636,0.707748,1.88098,-1.53928,-0.618861,0,0,0
M18256,M,301.4,310.6,1459,35,87,1.45627,0.786826,-0.838206,-1.21083,-0.615561,0,0,0
L50577,L,301.4,310.6,1648,30.7,90,1.44203,0.824338,1.88955,-2.03082,-0.526838,0,0,0
L50578,L,301.4,310.7,1675,30.7,92,1.47503,1.07495,2.10376,-2.056,-0.417971,0,0,0
L50579,L,301.4,310.7,1605,34.2,94,1.46492,1.09532,1.47904,-1.36766,-0.372626,0,0,0
H32814,H,301.4,310.7,1536,44.4,96,1.48734,1.0474,0.518216,1.0098,-0.312967,0,0,0
M18261,M,301.4,310.7,1617,34.3,101,1.39866,1.05661,1.62713,-1.37428,-0.224631,0,0,0
L50582,L,301.4,310.6,1347,53.3,104,1.47076,0.785698,-2.69394,2.60343,-0.0845931,0,0,0
L50583,L,301.3,310.5,1337,52.7,106,1.39617,0.70908,-2.81389,2.52065,-0.0566732,0,0,0
L50584,L,301.3,310.4,1695,30.9,108,1.41749,0.540078,2.29462,-1.97023,0.0214728,0,0,0
M18265,M,301.3,310.4,1635,32.5,110,1.40811,0.485164,1.8009,-1.6944,0.045051,0,0,0
L50586,L,301.2,310.4,1470,44,113,1.3061,0.495879,-0.664962,0.906127,0.1454,0,0,0
L50587,L,301.2,310.4,1381,49.8,115,1.29016,0.492851,-2.2493,2.11201,0.187691,0,0,0
M18268,M,301.2,310.4,1382,41.6,117,1.30702,0.544808,-2.22692,0.349045,0.25557,0,0,0
M18269,M,301.2,310.4,1697,30,120,1.2921,0.528119,2.29257,-2.14814,0.374798,0,0,0
L50590,L,301.2,310.3,1451,39.7,123,1.29401,0.334378,-1.01203,-0.123737,0.423887,0,0,0
L50591,L,301.3,310.3,1419,55.7,125,1.40812,0.343479,-1.60882,2.81711,0.491979,0,0,0
L50592,L,301.3,310.3,1313,55.6,127,1.35992,0.31106,-2.95759,2.79002,0.544883,0,0,0
L50593,L,301.3,310.3,1560,36.3,129,1.39527,0.342131,0.915927,-0.9031,0.596973,0,0,0
L50594,L,301.3,310.3,1555,41.2,131,1.38012,0.323983,0.856384,0.284631,0.663612,0,0,0
L50595,L,301.4,310.4,1579,36.9,133,1.40852,0.494941,1.20646,-0.811369,0.735672,0,0,0
L50596,L,301.5,310.5,1435,44.6,135,1.55502,0.71095,-1.35079,1.10981,0.774174,0,0,0
L50597,L,301.6,310.6,1621,33.7,137,1.62034,0.737334,1.67792,-1.49884,0.826503,0,0,0
H32832,H,301.6,310.6,1555,40.4,139,1.62373,0.76006,0.866231,0.0958786,0.882313,0,0,0
L50599,L,301.5,310.5,1611,33.8,144,1.54877,0.714353,1.58556,-1.45819,1.01558,0,0,0
L50600,L,301.6,310.6,1834,23.5,146,1.61832,0.892572,2.77127,-2.80723,1.09422,0,0,0
M18281,M,301.5,310.5,1612,29.8,148,1.62617,0.708983,1.55505,-2.18554,1.16211,0,0,0
L50602,L,301.5,310.4,1629,34.1,151,1.63489,0.51691,1.7271,-1.38262,1.252,0,0,0
L50603,L,301.4,310.4,1496,35.2,153,1.45979,0.544693,-0.149711,-1.17207,1.2897,0,0,0
L50604,L,301.5,310.5,1593,32.9,155,1.60932,0.711907,1.34738,-1.61029,1.33241,1,0,1
M18285,M,301.5,310.5,1623,33.5,157,1.60653,0.704145,1.68729,-1.53642,1.42145,0,0,0
L50606,L,301.5,310.5,1380,48.7,160,1.58027,0.723149,-2.29109,1.95035,1.50102,0,0,0
L50607,L,301.6,310.6,1562,34.4,162,1.62515,0.90768,0.960314,-1.36443,1.57102,0,0,0
L50608,L,301.6,310.6,1391,49.4,164,1.60633,0.907927,-2.10902,2.09194,1.62426,0,0,0
H32843,H,301.5,310.5,1551,34.3,166,1.55958,0.690423,0.782565,-1.32276,1.66864,0,0,0
H32844,H,301.6,310.6,1821,26.2,171,1.61725,0.917862,2.72403,-2.60157,1.81881,0,0,0
L50611,L,301.6,310.7,1429,43.6,176,1.60557,0.918088,-1.4416,0.871261,1.95989,0,0,0
M18292,M,301.6,310.7,2012,20.7,178,1.67284,0.924099,3.00338,-2.98281,1.98917,0,0,0
M18293,M,301.6,310.6,1924,23.6,181,1.63913,0.729521,2.91648,-2.84175,2.10247,0,0,0
M18294,M,301.5,310.5,1412,44.1,184,1.58353,0.669282,-1.7965,0.999159,2.17698,0,0,0
L50615,L,301.5,310.5,1389,54.9,187,1.58468,0.687293,-2.14628,2.77324,2.28816,0,0,0
L50616,L,301.5,310.5,1466,48.1,189,1.59581,0.703142,-0.738397,1.8607,2.32074,0,0,0
L50617,L,301.5,310.5,2297,15.8,191,1.56937,0.684891,3.08601,-3.08781,2.3957,0,0,0
L50618,L,301.4,310.4,1471,37.5,193,1.46998,0.503563,-0.607907,-0.638408,2.4261,0,0,0
L50619,L,301.4,310.3,1492,41.4,195,1.43149,0.361895,-0.210328,0.315139,2.52715,0,0,0
L50620,L,301.3,310.3,1460,41.5,197,1.3879,0.331867,-0.839841,0.323826,2.5979,0,0,0
L50621,L,301.4,310.4,1559,39.4,199,1.43195,0.544974,0.918375,-0.197884,2.61163,0,0,0
M18302,M,301.4,310.5,1495,52.5,201,1.43184,0.642095,-0.153327,2.46053,2.68343,0,0,0
L50623,L,301.5,310.5,1535,39,204,1.53995,0.589985,0.524984,-0.278358,2.76327,0,0,0
L50624,L,301.5,310.6,1381,50.7,206,1.61082,0.840185,-2.28019,2.27982,2.82141,0,0,0
M18305,M,301.6,310.6,1599,36.1,208,1.63217,0.869098,1.42186,-0.955901,2.85764,0,0,0
H32860,H,301.6,310.6,1400,49.5,211,1.63636,0.885279,-1.94118,2.06099,2.92556,0,0,0
L50627,L,301.7,310.6,1624,34.5,216,1.74698,0.849706,1.67356,-1.2852,3.04074,0,0,0
L50628,L,301.6,310.6,1478,36.6,218,1.6169,0.843645,-0.48063,-0.872043,3.03425,1,0,0
L50629,L,301.7,310.7,1605,33.3,220,1.7621,1.03479,1.50167,-1.52041,3.03584,0,0,0
L50630,L,301.6,310.6,1506,43.4,222,1.55021,0.863088,0.0621142,0.802907,3.10609,1,0,1
L50631,L,301.6,310.6,1455,43.9,0,1.60312,0.818477,-0.931154,0.944312,-3.06445,0,0,0
H32866,H,301.6,310.5,1602,32.3,2,1.58824,0.628421,1.45253,-1.7265,-3.07933,0,0,0
L50633,L,301.5,310.4,1425,54.4,7,1.58959,0.518063,-1.51111,2.68122,-2.88247,0,0,0
L50634,L,301.5,310.4,1918,21.8,9,1.58278,0.504887,2.89267,-2.93096,-2.87639,0,0,0
H32869,H,301.4,310.3,1611,41.5,11,1.43088,0.325199,1.57389,0.318079,-2.7985,0,0,0
H32870,H,301.4,310.4,1610,38.6,16,1.43999,0.477433,1.5429,-0.361713,-2.63672,0,0,0
M18317,M,301.5,310.4,2639,12,21,1.52666,0.52577,3.14159,-3.12668,-2.46855,0,1,1
L50638,L,301.5,310.4,1329,46.6,24,1.50122,0.489351,-2.84449,1.55722,-2.34571,0,0,0
L50639,L,301.5,310.4,1270,54.2,26,1.51015,0.487846,-3.08057,2.67395,-2.35472,0,0,0
L50640,L,301.5,310.3,1415,41.6,28,1.5385,0.364189,-1.72313,0.356593,-2.26317,0,0,0
H32875,H,301.6,310.4,1330,49.5,30,1.6215,0.479569,-2.82579,2.08275,-2.19448,0,0,0
H32876,H,301.6,310.5,1786,27.1,35,1.61261,0.589282,2.64263,-2.56846,-2.03106,0,0,0
L50643,L,301.6,310.5,1809,25.5,40,1.57207,0.567187,2.69652,-2.70238,-1.91624,0,0,0
L50644,L,301.7,310.6,1303,59.7,42,1.73943,0.890797,-2.99104,2.98691,-1.87519,0,0,0
M18325,M,301.8,310.7,1383,45.7,44,1.7681,1.08547,-2.22601,1.32819,-1.83966,0,0,0
L50646,L,301.7,310.6,1447,56.9,47,1.73763,0.880941,-1.09922,2.85705,-1.76121,0,0,0
L50647,L,301.8,310.7,1461,44.2,49,1.80733,0.97597,-0.77851,1.02048,-1.65115,0,0,0
L50648,L,301.8,310.7,2092,18.6,51,1.78434,1.02916,3.04913,-3.03223,-1.60622,0,0,0
M18329,M,301.8,310.7,1429,47.9,53,1.81365,0.997681,-1.45766,1.82807,-1.5458,0,0,0
L50650,L,301.8,310.8,1736,26.5,56,1.76051,1.17986,2.47232,-2.5812,-1.53783,0,0,0
L50651,L,301.8,310.7,1441,49.3,58,1.80568,0.98532,-1.16967,2.06753,-1.4379,1,0,0
L50652,L,301.8,310.7,1523,43.3,60,1.80325,1.01722,0.338836,0.780869,-1.34755,0,0,0
M18333,M,301.8,310.8,1691,33.4,62,1.77312,1.18601,2.25753,-1.51381,-1.28619,0,0,0
M18334,M,301.9,310.8,1557,35.3,65,1.86277,1.18532,0.915507,-1.15184,-1.20858,0,0,0
L50655,L,301.8,310.7,1644,33.4,68,1.81556,1.04839,1.87563,-1.54923,-1.09454,0,0,0
L50656,L,301.8,310.6,1522,43.8,70,1.80994,0.913722,0.346758,0.903199,-1.10177,0,0,0
L50657,L,301.8,310.7,1547,41.7,72,1.76839,1.04983,0.751125,0.403963,-1.04253,0,0,0
L50658,L,301.8,310.7,1597,30.8,74,1.77561,1.01598,1.39411,-2.05643,-0.968795,0,0,0
M18339,M,301.8,310.8,1619,31,76,1.81483,1.21724,1.64806,-1.95994,-0.921574,0,0,0
L50660,L,301.9,310.8,1400,58.2,79,1.83435,1.23025,-1.97823,2.93172,-0.805231,0,0,0
L50661,L,302,310.9,1663,31.5,81,1.94284,1.2646,2.05252,-1.90031,-0.734917,0,0,0
L50662,L,301.9,310.8,1540,37.6,83,1.81725,1.22485,0.61728,-0.636857,-0.721482,1,0,0
H32897,H,301.9,310.8,1455,42.7,85,1.83249,1.26256,-0.896071,0.638388,-0.640641,0,0,0
L50664,L,301.9,310.8,1519,39,90,1.82898,1.23918,0.266542,-0.248723,-0.526024,0,0,0
L50665,L,301.9,310.8,1427,47.7,92,1.87422,1.25861,-1.52131,1.77026,-0.413881,0,0,0
L50666,L,301.9,310.8,1650,29.8,94,1.86689,1.20043,1.92656,-2.17806,-0.393755,0,0,0
M18347,M,301.8,310.8,1508,38.8,96,1.79463,1.21846,0.105873,-0.332925,-0.346212,1,0,0
L50668,L,301.9,310.9,1379,54.8,99,1.8845,1.27255,-2.27235,2.72914,-0.251888,0,0,0
L50669,L,301.9,310.9,1542,36.7,101,1.85904,1.27838,0.63208,-0.820619,-0.238206,1,0,0
M18350,M,301.9,310.9,1763,28.4,103,1.88105,1.32603,2.54388,-2.32779,-0.148708,0,0,0
H32905,H,301.9,310.9,1590,34.3,106,1.90109,1.26774,1.36364,-1.37445,-0.0630422,0,0,0
H32906,H,301.9,311,1336,63.6,111,1.91611,1.47983,-2.82858,3.08616,0.0779318,0,0,0
M18353,M,301.9,311,1638,35.4,116,1.86776,1.48561,1.79837,-1.10784,0.26775,1,0,1
L50674,L,301.9,311,1356,45.7,119,1.86064,1.52031,-2.60151,1.36564,0.320262,0,0,0
M18355,M,301.9,311,1384,47.4,121,1.90996,1.51932,-2.25049,1.70157,0.372341,0,0,0
L50676,L,301.9,310.9,1309,48,124,1.92504,1.29092,-2.98278,1.82645,0.479565,0,0,0
L50677,L,301.9,311,1642,33.1,126,1.85708,1.48466,1.89321,-1.56881,0.527584,0,0,0
L50678,L,301.9,311,1289,54.9,128,1.85877,1.53416,-3.09572,2.77148,0.581363,1,0,1
L50679,L,301.9,311,1353,43.8,130,1.87437,1.54577,-2.57399,0.885444,0.679538,1,0,1
H32914,H,301.9,311,1871,26,132,1.80985,1.51927,2.84796,-2.661,0.646242,0,0,0
H32915,H,301.9,311,1291,63.6,137,1.86408,1.53987,-3.01452,3.07438,0.853683,0,0,0
M18362,M,301.8,310.9,1346,44.6,142,1.72219,1.32324,-2.73033,1.12288,0.963295,1,0,0
L50683,L,301.7,310.8,1493,47.6,145,1.74058,1.23973,-0.1935,1.76915,1.05201,0,0,0
M18364,M,301.7,310.8,1524,41.3,147,1.72584,1.19132,0.388562,0.309179,1.12806,0,0,0
L50685,L,301.6,310.8,1726,26.7,150,1.58067,1.2327,2.4441,-2.5605,1.24676,0,0,0
H32920,H,301.6,310.8,1435,47.2,152,1.54649,1.20113,-1.3159,1.65241,1.25441,1,0,1
M18367,M,301.7,310.8,1502,34.4,157,1.74928,1.20154,-0.0272125,-1.35598,1.42558,0,0,0
L50688,L,301.7,310.9,1608,33,160,1.72948,1.27895,1.54917,-1.61344,1.51133,0,0,0
L50689,L,301.8,311,1771,27.2,162,1.76598,1.50975,2.62684,-2.50382,1.55898,0,0,0
L50690,L,301.7,311,1474,42.6,164,1.74163,1.52217,-0.534601,0.604535,1.57477,1,0,0
L50691,L,301.8,311,1322,53,166,1.83096,1.54419,-2.90372,2.59144,1.63924,0,0,0
M18372,M,301.8,311,1393,49.5,168,1.84257,1.52655,-2.07422,2.07062,1.71989,1,0,1
M18373,M,301.9,311.1,1417,52.5,171,1.89758,1.65679,-1.68336,2.50988,1.81059,0,0,0
H32928,H,301.9,311,1430,49.8,174,1.902,1.52752,-1.4506,2.12445,1.87189,0,0,0
M18375,M,301.9,311.1,1605,40,179,1.85164,1.60473,1.48533,-0.0176627,2.05802,0,0,0
L50696,L,302,311.1,1402,47.8,182,1.87408,1.62611,-1.9622,1.80266,2.10487,0,0,0
L50697,L,302,311,1550,35.2,184,1.87058,1.54965,0.777204,-1.20477,2.22639,0,0,0
L50698,L,301.9,311,1376,44.9,186,1.90379,1.54743,-2.38648,1.16069,2.22232,0,0,0
M18379,M,301.9,310.9,1569,32.5,188,1.86547,1.24919,1.09557,-1.72008,2.29291,0,0,0
L50700,L,301.9,311,1669,32.2,191,1.88625,1.53748,2.08825,-1.7706,2.38665,0,0,0
L50701,L,301.9,311,1541,38.9,193,1.86511,1.48036,0.656763,-0.291885,2.43965,1,0,0
L50702,L,301.8,311,1651,32.5,195,1.78901,1.49866,1.92443,-1.73982,2.52165,1,0,0
L50703,L,301.8,310.9,1521,39.3,197,1.81899,1.27158,0.297152,-0.163367,2.55049,1,0,0
M18384,M,301.8,310.8,1365,48.2,199,1.76283,1.13818,-2.49558,1.89962,2.61138,0,0,0
L50705,L,301.8,310.9,1609,31.7,202,1.79709,1.27212,1.51759,-1.85483,2.70641,0,0,0
H32940,H,301.8,310.8,1470,37.6,204,1.7997,1.1957,-0.641379,-0.605142,2.76732,0,0,0
M18387,M,301.9,310.9,1573,38.9,209,1.8812,1.27225,1.11399,-0.247084,2.86484,0,0,0
L50708,L,302,310.9,1378,53.1,212,1.96546,1.31283,-2.31502,2.59608,2.88875,1,1,1
L50709,L,301.9,310.9,1567,39,214,1.82282,1.31281,1.0304,-0.238164,2.97041,0,1,1
M18390,M,301.9,310.9,1441,43.7,0,1.82047,1.31627,-1.22359,0.864805,-3.07786,0,0,0
M18391,M,301.9,310.9,1641,33.2,3,1.8351,1.29454,1.86917,-1.58855,-3.03286,1,0,0
L50712,L,301.9,310.9,1486,40.3,6,1.84409,1.30264,-0.33052,0.033894,-2.89967,0,0,0
L50713,L,302,311,1563,36.2,8,1.9508,1.51853,0.964215,-0.987317,-2.854,1,0,1
M18394,M,302,311.1,1769,26,10,1.92185,1.64387,2.575,-2.6134,-2.8122,0,0,0
H32949,H,301.9,311,1672,29.9,13,1.85449,1.56071,2.12484,-2.18561,-2.73755,0,0,0
L50716,L,302,311,1632,34.2,18,1.90346,1.52797,1.79385,-1.3977,-2.62163,0,0,0
M18397,M,302,311,1980,21.5,20,1.88448,1.52769,2.98936,-2.92234,-2.50074,0,0,0
L50718,L,302,311.1,1635,36,23,1.89926,1.62912,1.82309,-1.00148,-2.42258,1,0,1
L50719,L,302,311,1686,32.5,25,1.88582,1.57698,2.23529,-1.67436,-2.40056,0,0,0
L50720,L,301.9,310.9,1574,31.4,27,1.85987,1.28718,1.12369,-1.87557,-2.33746,0,0,0
L50721,L,301.8,310.8,1546,43.4,29,1.79022,1.14379,0.7496,0.830359,-2.2766,0,0,0
L50722,L,301.8,310.9,1899,24.7,31,1.81125,1.31357,2.88916,-2.74658,-2.1588,1,0,0
L50723,L,301.8,310.9,1449,36.5,33,1.79336,1.33228,-1.08467,-0.865965,-2.14136,0,0,0
M18404,M,301.9,310.9,1483,37,35,1.86644,1.25138,-0.357528,-0.728725,-2.08108,0,0,0
L50725,L,301.8,310.8,1576,38.6,38,1.82664,1.22224,1.16827,-0.346146,-1.9784,0,0,0
M18406,M,301.9,310.9,1317,51.9,40,1.84934,1.31848,-2.91136,2.40931,-1.97299,0,0,0
M18407,M,301.9,311,1467,48.1,43,1.8647,1.55975,-0.698677,1.8499,-1.81647,1,0,1
L50728,L,301.9,310.9,1616,34.5,46,1.80753,1.27714,1.63086,-1.30275,-1.78439,0,0,0
M18409,M,301.8,310.9,1299,60.4,48,1.77981,1.29977,-2.98192,3.00446,-1.75401,0,0,0
M18410,M,301.9,311,1432,41.5,51,1.86369,1.54798,-1.41638,0.323833,-1.60069,0,0,0
L50731,L,301.9,310.9,1799,24.2,54,1.84908,1.30581,2.6864,-2.76129,-1.50983,0,0,0
M18412,M,301.8,310.9,1358,52.3,56,1.83342,1.27707,-2.57675,2.46925,-1.44452,0,0,0
M18413,M,301.8,310.8,1618,37.8,59,1.79271,1.17184,1.6308,-0.561703,-1.40443,0,0,0
L50734,L,301.9,310.8,1525,43.2,62,1.83666,1.16723,0.34668,0.79011,-1.2979,0,0,0
L50735,L,301.8,310.7,1551,37.7,64,1.7967,1.01863,0.812952,-0.624764,-1.27228,0,0,0
L50736,L,301.9,310.8,1735,31.5,66,1.85625,1.17586,2.47413,-1.90072,-1.21573,0,0,0
M18417,M,301.8,310.7,1309,43.3,68,1.79037,1.01159,-2.96844,0.763797,-1.14318,0,0,0
L50738,L,301.7,310.6,1743,26.2,71,1.69955,0.835255,2.4946,-2.61826,-1.05007,0,0,0
M18419,M,301.7,310.7,1659,29.9,73,1.73009,1.00923,1.99158,-2.18626,-1.00736,0,0,0
L50740,L,301.8,310.7,1680,32.4,76,1.77616,0.996305,2.1603,-1.7078,-0.893181,0,0,0
L50741,L,301.7,310.6,1486,38.5,78,1.70562,0.761039,-0.316732,-0.372713,-0.875986,0,0,0
L50742,L,301.7,310.6,1471,43.8,80,1.72132,0.794323,-0.624597,0.900187,-0.792539,0,0,0
M18423,M,301.8,310.7,1465,35.8,82,1.82218,1.02467,-0.733993,-1.04614,-0.697925,1,0,1
M18424,M,301.7,310.6,1492,42.2,85,1.68837,0.783184,-0.215569,0.525717,-0.629251,0,0,0
M18425,M,301.8,310.7,1420,52,88,1.77129,1.02509,-1.64097,2.49343,-0.576893,0,0,0
L50746,L,301.8,310.6,1295,62.3,91,1.82618,0.782068,-3.01288,3.04695,-0.4722,0,0,0
L50747,L,301.8,310.5,1548,34.1,93,1.80515,0.617138,0.766918,-1.39851,-0.42856,0,0,0
L50748,L,301.8,310.6,1372,54.7,95,1.77896,0.783406,-2.41174,2.74792,-0.346426,0,0,0
M18429,M,301.8,310.6,1552,35.9,97,1.79209,0.79443,0.837024,-1.0263,-0.333711,0,0,0
H32984,H,301.8,310.6,1441,46.3,100,1.85652,0.801064,-1.20404,1.52941,-0.235094,0,0,0
M18431,M,301.7,310.6,1691,27.7,105,1.71659,0.758303,2.2431,-2.44673,-0.106602,0,0,0
L50752,L,301.8,310.6,1451,50.7,108,1.79079,0.793374,-1.00346,2.29887,0.00911743,0,0,0
L50753,L,301.8,310.6,1452,48.4,110,1.80594,0.793991,-1.01391,1.89737,0.0271381,0,0,0
L50754,L,301.7,310.6,1406,46,112,1.71363,0.76426,-1.89035,1.40956,0.0875317,0,0,0
L50755,L,301.7,310.5,1567,39.1,114,1.68049,0.63395,1.00205,-0.229363,0.197318,0,0,0
L50756,L,301.6,310.4,1599,41.7,116,1.60437,0.477147,1.46016,0.382932,0.237948,0,0,0
M18437,M,301.6,310.4,1455,39,118,1.63489,0.512612,-0.945383,-0.288774,0.284555,0,0,0
M18438,M,301.7,310.5,1625,35.9,121,1.69973,0.599542,1.69941,-1.01409,0.377068,1,0,1
L50759,L,301.8,310.6,2672,11.8,124,1.82967,0.794246,3.14159,-3.10577,0.507496,0,1,1
L50760,L,301.8,310.6,1650,31.9,126,1.77177,0.841453,1.89436,-1.781,0.533957,0,0,0
M18441,M,301.8,310.6,1459,40.2,128,1.81926,0.787345,-0.809875,0.0553629,0.581578,1,0,0
L50762,L,301.8,310.6,1395,50.5,131,1.80114,0.822826,-2.04068,2.25174,0.656047,0,0,0
L50763,L,301.8,310.7,1751,29.3,133,1.80351,1.01799,2.55284,-2.22975,0.724971,1,0,0
L50764,L,301.8,310.6,1192,68.9,135,1.78749,0.810224,-3.13045,3.11731,0.780115,1,0,1
L50765,L,301.9,310.7,1947,25,137,1.87089,1.00374,2.93113,-2.66299,0.854042,0,0,0
L50766,L,301.8,310.5,1593,34.9,139,1.79866,0.585254,1.33025,-1.22991,0.884355,0,0,0
H33001,H,301.8,310.5,1478,38.6,141,1.80021,0.579378,-0.499281,-0.350626,0.960488,0,0,0
M18448,M,301.7,310.6,1505,44.5,146,1.68631,0.785909,0.0441594,1.07596,1.10057,0,0,0
L50769,L,301.7,310.5,2465,13.7,149,1.74667,0.617033,3.1211,-3.13132,1.2127,0,0,0
L50770,L,301.8,310.6,1403,46.8,151,1.76702,0.778687,-1.92472,1.55533,1.26764,0,0,0
M18451,M,301.7,310.5,1458,41.4,153,1.70173,0.620243,-0.863663,0.320606,1.28537,0,0,0
H33006,H,301.6,310.4,1369,45.4,156,1.59516,0.482314,-2.44402,1.30627,1.41196,0,0,0
M18453,M,301.6,310.4,1377,44.9,161,1.64828,0.482696,-2.30926,1.19376,1.5546,0,0,0
M18454,M,301.6,310.4,1452,45.7,164,1.68567,0.475868,-0.999647,1.32316,1.58349,0,0,0
L50775,L,301.6,310.4,1517,41.1,167,1.63357,0.512602,0.23615,0.26042,1.70472,0,0,0
L50776,L,301.7,310.5,1354,50,169,1.73033,0.593278,-2.63207,2.18982,1.75264,0,0,0
M18457,M,301.7,310.5,1724,33,171,1.6988,0.611513,2.40521,-1.60598,1.79772,0,0,0
L50778,L,301.7,310.5,1399,53.2,174,1.7287,0.623489,-2.01075,2.54815,1.92893,0,0,0
H33013,H,301.7,310.5,1388,50.5,176,1.70297,0.573518,-2.20805,2.23304,1.93876,0,0,0
L50780,L,301.7,310.5,1523,34.7,181,1.68066,0.584945,0.316928,-1.25863,2.10586,1,0,0
L50781,L,301.7,310.5,1377,43.1,183,1.70759,0.577817,-2.33841,0.755329,2.16211,0,0,0
M18462,M,301.7,310.6,1417,45.2,185,1.72829,0.768755,-1.68197,1.22872,2.19973,1,0,0
L50783,L,301.7,310.7,1542,40,188,1.73327,1.07727,0.659893,-0.0439012,2.26851,0,0,0
L50784,L,301.8,310.8,1557,33.3,190,1.81225,1.18587,0.90272,-1.5469,2.37946,0,0,0
L50785,L,301.7,310.7,1641,31.9,192,1.71263,1.04995,1.87879,-1.81627,2.39682,0,0,0
L50786,L,301.7,310.7,1318,55,194,1.69833,1.06734,-2.89717,2.8117,2.49661,0,0,0
L50787,L,301.6,310.7,1638,33.8,196,1.6602,1.06203,1.83954,-1.46176,2.53435,0,0,0
M18468,M,301.7,310.8,1954,21.6,198,1.72457,1.20349,2.96327,-2.94711,2.61466,0,0,0
M18469,M,301.7,310.9,1644,32.5,201,1.6948,1.25055,1.88395,-1.69242,2.69789,0,0,0
M18470,M,301.7,310.8,1594,32.4,204,1.72835,1.14184,1.3599,-1.69042,2.80248,1,0,1
L50791,L,301.7,310.9,1405,46.4,207,1.68708,1.26102,-1.92709,1.48087,2.81548,0,1,1
L50792,L,301.7,310.8,1622,37.8,0,1.69821,1.13802,1.69748,-0.554023,-3.07937,0,0,0
L50793,L,301.7,310.9,1557,39.4,2,1.71427,1.25639,0.859337,-0.169046,-3.02219,0,0,0
L50794,L,301.8,311,1606,33.3,4,1.76825,1.54549,1.49718,-1.56192,-2.97501,1,0,0
M18475,M,301.8,311.1,1647,31.6,6,1.71286,1.61334,1.89576,-1.86639,-2.89325,1,0,0
M18476,M,301.8,311.1,1413,42.2,9,1.81396,1.64502,-1.7494,0.521985,-2.82056,0,0,0
L50797,L,301.8,311,1529,41.6,12,1.74476,1.52586,0.44424,0.379854,-2.78609,1,0,1
L50798,L,301.9,311.1,1448,46.3,14,1.87725,1.59947,-1.06098,1.47589,-2.74871,0,0,0
L50799,L,301.9,311.2,1435,44.2,16,1.88687,1.73373,-1.34997,1.02559,-2.59517,0,0,0
H33034,H,301.9,311.2,1474,41.8,18,1.88485,1.70863,-0.58227,0.392656,-2.59637,1,0,1
L50801,L,301.9,311.2,1657,29.1,23,1.88916,1.74558,1.98999,-2.25269,-2.42681,0,0,0
L50802,L,302,311.3,1509,39.9,25,1.93091,1.89207,0.0918975,-0.0672354,-2.38954,0,0,0
M18483,M,302,311.3,1530,36.4,27,1.96395,1.90502,0.450887,-0.880293,-2.33331,1,0,0
M18484,M,302,311.4,1587,35.9,30,1.95256,2.02112,1.32558,-1.03008,-2.24347,1,0,0
M18485,M,302.1,311.4,1467,43.4,33,1.95421,1.99392,-0.684895,0.781254,-2.13684,0,0,0
M18486,M,302.2,311.5,1360,53,36,2.09902,2.13278,-2.605,2.5668,-2.05305,0,0,0
L50807,L,302.2,311.5,1588,30.6,39,2.11303,2.0985,1.32788,-2.05591,-1.95819,0,0,0
L50808,L,302.2,311.4,1609,32.1,41,2.10901,2.00968,1.54172,-1.77227,-1.9437,0,0,0
L50809,L,302.1,311.3,1415,44.1,43,1.95783,1.87001,-1.71371,0.950534,-1.86406,1,0,0
L50810,L,302,311.2,1845,27.3,45,1.94498,1.73824,2.79772,-2.50987,-1.79457,0,0,0
M18491,M,302.1,311.4,1419,36.2,47,1.96954,1.99395,-1.64771,-0.940632,-1.7516,1,0,1
L50812,L,302.1,311.3,1634,30.6,50,1.974,1.88206,1.77137,-2.02168,-1.61903,0,0,0
M18493,M,302.2,311.3,1521,40.6,52,2.10419,1.95487,0.317351,0.130982,-1.60703,1,0,1
L50814,L,302.2,311.4,1499,37.7,55,2.08912,2.00699,-0.0758438,-0.5668,-1.5325,0,0,0
M18495,M,302.1,311.2,1616,35.1,57,1.98629,1.7153,1.59462,-1.17799,-1.43195,0,0,0
L50816,L,302.2,311.4,1449,46.5,60,2.15201,2.01764,-1.0616,1.53197,-1.36608,1,0,1
M18497,M,302.2,311.4,1626,31.6,62,2.12114,1.99739,1.72388,-1.90586,-1.30781,1,0,0
M18498,M,302.3,311.5,1445,44.8,65,2.13207,2.12784,-1.17784,1.15639,-1.16403,0,0,0
L50819,L,302.4,311.6,1622,35,68,2.31725,2.23166,1.71883,-1.22784,-1.1577,0,0,0
H33054,H,302.4,311.6,1544,39.1,70,2.34975,2.19186,0.658918,-0.253195,-1.09971,1,0,1
L50821,L,302.3,311.6,1488,41.8,75,2.11459,2.26384,-0.260514,0.415358,-0.947708,1,0,1
L50822,L,302.3,311.6,1309,57.6,77,2.13572,2.25549,-2.98605,2.91692,-0.865643,1,0,0
L50823,L,302.3,311.6,1784,26.4,79,2.16727,2.20326,2.62263,-2.56902,-0.812031,1,0,0
L50824,L,302.2,311.5,1548,32.4,81,2.14701,2.06512,0.746624,-1.72205,-0.786552,1,0,1
L50825,L,302.2,311.5,1413,43.5,83,2.09253,2.14006,-1.73974,0.812952,-0.687201,1,0,0
M18506,M,302.2,311.5,1863,25.7,85,2.12425,2.09955,2.82067,-2.63822,-0.654715,1,0,1
L50827,L,302.2,311.5,1427,43.8,88,2.12521,2.11999,-1.46822,0.913163,-0.56777,1,0,0
M18508,M,302.2,311.5,1443,47,90,2.11346,2.10932,-1.181,1.63406,-0.480236,0,0,0
L50829,L,302.2,311.5,1481,40.4,93,2.1,2.14083,-0.384748,0.101982,-0.407424,1,0,1
L50830,L,302.1,311.4,1446,39.7,95,2.00197,2.01058,-1.11668,-0.0985959,-0.365493,1,0,1
L50831,L,302.1,311.5,1444,44.9,97,1.94816,2.10327,-1.16265,1.18993,-0.275374,0,0,0
M18512,M,302.1,311.5,1341,50.8,99,2.01119,2.15003,-2.76624,2.25171,-0.255354,1,0,0
L50833,L,302.1,311.4,1518,37.4,102,1.98962,1.97693,0.27418,-0.673681,-0.155517,1,0,1
L50834,L,302.1,311.4,1603,35.9,104,1.98731,1.95635,1.45553,-0.990865,-0.109415,1,0,0
L50835,L,302.1,311.4,1686,30.9,106,2.01872,1.96774,2.19261,-1.98814,-0.0338432,1,0,1
M18516,M,302.1,311.5,1383,53.6,108,2.02675,2.12952,-2.24723,2.64192,-0.0224863,1,0,0
L50837,L,302.1,311.5,1477,45.4,111,1.99773,2.13123,-0.457758,1.29642,0.0679632,1,0,1
M18518,M,302.2,311.5,1449,44.5,113,2.08334,2.11517,-1.05524,1.08482,0.154839,0,0,0
M18519,M,302.2,311.5,1734,25,116,2.07231,2.10605,2.42689,-2.71006,0.255737,0,0,0
L50840,L,302.3,311.6,1398,49.1,119,2.19569,2.16827,-2.01193,2.04646,0.34188,1,0,1
M18521,M,302.3,311.7,1639,36.6,121,2.20039,2.28131,1.82851,-0.883864,0.392938,1,0,1
M18522,M,302.3,311.7,1517,37.6,124,2.14997,2.28072,0.233788,-0.569823,0.47925,0,0,0
M18523,M,302.3,311.7,1442,41.7,127,2.17606,2.31572,-1.18851,0.398698,0.542424,1,0,1
M18524,M,302.3,311.7,1685,30.8,130,2.18511,2.29212,2.22198,-2.03749,0.661026,1,0,1
M18525,M,302.4,311.8,1358,50.6,133,2.31936,2.40069,-2.569,2.28054,0.761079,1,0,1
M18526,M,302.3,311.6,1608,39.9,136,2.1615,2.17664,1.5317,-0.0509762,0.787092,1,0,0
L50847,L,302.3,311.6,1665,34.3,139,2.13917,2.19353,2.06768,-1.38375,0.931762,1,0,1
L50848,L,302.3,311.7,1510,38.7,141,2.12083,2.33155,0.154696,-0.350398,0.946439,1,0,0
L50849,L,302.4,311.8,1465,40.2,143,2.35835,2.41007,-0.750602,0.039108,1.01446,1,0,1
L50850,L,302.3,311.7,1701,27.5,145,2.17067,2.29747,2.32178,-2.45504,1.09148,1,0,0
M18531,M,302.3,311.7,1486,39.6,147,2.13988,2.26842,-0.312885,-0.118102,1.14454,1,0,1
L50852,L,302.3,311.6,1658,32.3,150,2.1437,2.15802,2.02712,-1.75281,1.24668,1,0,1
H33087,H,302.3,311.7,1449,44.5,152,2.12355,2.27614,-1.05886,1.11744,1.30456,1,0,1
L50854,L,302.2,311.5,1346,52.4,157,2.07688,2.09613,-2.69257,2.49461,1.38259,0,0,0
M18535,M,302.1,311.5,1866,23.1,159,1.97834,2.13682,2.81656,-2.84266,1.46883,1,0,0
M18536,M,302.2,311.5,1562,38,162,2.08005,2.1222,0.968305,-0.510352,1.55538,1,0,1
M18537,M,302.3,311.7,1368,53.6,165,2.14475,2.32584,-2.42495,2.63476,1.62803,1,0,0
L50858,L,302.2,311.5,1567,33.1,168,2.08458,2.15146,1.04918,-1.62981,1.70981,1,0,0
L50859,L,302.2,311.5,1725,34,170,2.09238,2.16192,2.43255,-1.41928,1.8037,1,0,1
L50860,L,302.2,311.5,1744,31.2,172,2.08973,2.11986,2.51546,-1.96797,1.86635,1,0,0
M18541,M,302.1,311.3,1453,45.1,174,2.0291,1.83127,-0.97927,1.17078,1.89066,0,0,0
L50862,L,302.1,311.2,1550,34.8,177,2.01072,1.77818,0.81338,-1.30001,1.97526,0,0,0
M18543,M,302,311.2,1558,39.1,179,1.89002,1.78908,0.898847,-0.255267,2.06218,1,0,0
L50864,L,302,311.2,1270,65.3,182,1.91406,1.80101,-3.08219,3.09549,2.13292,0,1,1
M18545,M,301.9,311.1,1380,51.6,184,1.81701,1.61599,-2.26552,2.38533,2.17099,0,0,0
L50866,L,302,311.1,1406,50.5,187,1.93399,1.60893,-1.85841,2.21436,2.26912,0,0,0
M18547,M,302,311.2,1625,30.7,189,1.86489,1.75763,1.711,-2.00127,2.33615,0,0,0
L50868,L,302,311.2,1420,45.8,192,1.88423,1.78722,-1.60495,1.35551,2.42502,0,0,0
L50869,L,302.1,311.4,1889,22.7,194,2.0053,2.03051,2.84936,-2.87365,2.53122,0,0,0
L50870,L,302.1,311.3,1477,43.6,196,2.00873,1.84852,-0.482111,0.864722,2.5331,0,0,0
L50871,L,302.1,311.2,1460,46.9,198,1.99568,1.77155,-0.8005,1.62783,2.63043,1,0,0
L50872,L,302.1,311.3,1758,24.4,200,1.99208,1.86361,2.54323,-2.77776,2.65273,1,0,0
L50873,L,302.1,311.3,1521,31.5,202,2.01111,1.85265,0.324021,-1.85875,2.71903,0,0,0
M18554,M,302.1,311.3,1511,45,204,1.99661,1.8244,0.178081,1.17467,2.79142,1,0,0
L50875,L,302.2,311.3,1530,37.3,207,2.10168,1.84389,0.500917,-0.658566,2.83381,1,1,1
L50876,L,302.1,311.2,1454,46.8,0,1.99203,1.76184,-0.96155,1.59442,-3.08336,1,0,1
L50877,L,302.2,311.2,1928,23.1,2,2.08369,1.78601,2.92144,-2.83301,-3.04961,0,0,0
H33112,H,302.2,311.3,1758,26.4,4,2.06667,1.86706,2.5435,-2.58124,-2.97162,1,0,0
L50879,L,302.2,311.2,1649,33.2,9,2.09344,1.73695,1.90211,-1.59147,-2.87517,0,0,0
L50880,L,302.1,311.2,1447,50.3,11,2.01798,1.7487,-1.1093,2.20074,-2.78692,1,0,0
L50881,L,302.1,311.2,1417,48,13,1.96854,1.7785,-1.67807,1.80502,-2.7037,1,0,0
L50882,L,302,311.2,1434,44.9,15,1.87781,1.75624,-1.35506,1.16409,-2.65679,0,0,0
M18563,M,302,311.2,1418,49.5,17,1.90263,1.74782,-1.66112,2.08373,-2.59461,0,0,0
M18564,M,302,311.2,1400,49.5,20,1.90318,1.7718,-1.98388,2.08737,-2.51534,1,0,1
M18565,M,302,311.3,1725,27.7,23,1.89816,1.86803,2.40119,-2.45699,-2.40755,1,0,0
L50886,L,302,311.3,1567,41.1,26,1.90474,1.86222,1.02306,0.266064,-2.37527,0,0,0
M18567,M,302.1,311.3,1497,38.4,28,1.97547,1.84508,-0.0809021,-0.371362,-2.30057,0,0,0
L50888,L,302.1,311.4,1549,44.6,31,2.00214,2.04143,0.720264,1.10717,-2.19995,1,0,0
L50889,L,302.2,311.4,1754,26.9,33,2.08623,2.05721,2.53702,-2.56305,-2.14349,1,0,1
L50890,L,302.2,311.5,1489,38.3,35,2.06884,2.09613,-0.21033,-0.422891,-2.08423,0,0,0
L50891,L,302.2,311.5,1543,38.5,37,2.06212,2.12766,0.669084,-0.388888,-2.03533,0,0,0
L50892,L,302.3,311.5,1543,33.1,39,2.16563,2.08121,0.653005,-1.58107,-1.98503,1,0,0
L50893,L,302.3,311.5,1565,35.6,41,2.21254,2.1113,0.984292,-1.08045,-1.87091,0,0,0
M18574,M,302.3,311.4,1855,23.9,43,2.14639,2.02686,2.85842,-2.76535,-1.88489,1,0,0
M18575,M,302.4,311.4,1475,45.2,46,2.35075,2.03956,-0.483437,1.2173,-1.76124,1,0,1
L50896,L,302.3,311.4,1609,32.3,49,2.16775,1.99291,1.47222,-1.7549,-1.67538,1,0,0
H33131,H,302.3,311.4,1443,44.1,51,2.1651,2.0313,-1.16804,0.977217,-1.66049,0,0,0
L50898,L,302.4,311.4,1450,44.1,56,2.3761,2.00392,-1.00934,0.973104,-1.47508,1,0,1
L50899,L,302.4,311.5,1590,39.9,58,2.33637,2.11152,1.33917,-0.0568286,-1.40614,1,0,0
M18580,M,302.4,311.4,1508,41.2,60,2.3385,1.99995,0.0935461,0.294283,-1.31266,1,0,0
M18581,M,302.2,311.2,1544,43.6,63,2.06688,1.76246,0.6824,0.873352,-1.28809,1,0,1
L50902,L,302.2,311.2,1451,41.8,66,2.08233,1.77864,-0.989072,0.406634,-1.19915,0,0,0
L50903,L,302.3,311.2,1758,24.4,68,2.12381,1.78125,2.54335,-2.74181,-1.16677,1,0,0
M18584,M,302.3,311.2,1507,47.7,70,2.12411,1.73878,0.0353143,1.74569,-1.0929,1,0,0
H33139,H,302.3,311.1,1543,37.5,73,2.12831,1.60281,0.682231,-0.638896,-1.02826,1,0,0
M18586,M,302.3,311.2,1505,36.7,78,2.13093,1.7666,0.0373927,-0.826339,-0.819436,1,0,0
L50907,L,302.3,311.2,1786,24.3,81,2.14283,1.73726,2.63082,-2.76837,-0.737435,0,0,0
L50908,L,302.3,311.3,1457,44.5,83,2.15321,1.86398,-0.856114,1.03999,-0.700734,1,0,0
M18589,M,302.4,311.3,1312,61.5,85,2.36129,1.91746,-2.94169,3.06299,-0.630817,1,0,0
M18590,M,302.3,311.2,1405,47.7,88,2.11822,1.72677,-1.90518,1.70957,-0.581494,1,0,1
M18591,M,302.2,311.2,1377,43,91,2.07527,1.71119,-2.33109,0.750348,-0.467931,0,0,0
M18592,M,302.2,311.2,1347,49.8,94,2.08312,1.71595,-2.67077,2.12886,-0.367721,0,0,0
L50913,L,302.2,311.1,1470,39.6,97,2.10165,1.601,-0.609699,-0.147466,-0.306151,1,0,1
M18594,M,302.2,311.2,1873,24,99,2.08094,1.69381,2.80016,-2.78004,-0.259744,1,0,0
M18595,M,302.2,311.1,1434,58.6,102,2.07077,1.61486,-1.33387,2.97447,-0.169931,1,0,0
H33150,H,302.2,311.1,1628,30.6,105,2.03764,1.62303,1.74312,-2.04603,-0.0478919,1,0,0
L50917,L,302.2,311.1,1351,48.6,110,2.0737,1.60341,-2.65357,1.90129,0.0893478,1,0,1
M18598,M,302.3,311.2,1454,43.8,112,2.22495,1.74498,-0.914999,0.902289,0.122623,1,0,1
M18599,M,302.2,311.2,1663,29.6,115,2.04595,1.7108,2.04373,-2.18639,0.207301,1,0,0
L50920,L,302.3,311.2,1401,49.7,118,2.26082,1.72722,-1.97612,2.11869,0.29199,1,0,1
L50921,L,302.4,311.3,1503,38.2,120,2.3199,1.9039,0.0103467,-0.409337,0.39216,1,0,0
L50922,L,302.4,311.4,1564,35,122,2.32538,2.02107,1.01441,-1.22284,0.417768,1,0,1
L50923,L,302.5,311.4,1759,24.6,124,2.4625,1.99526,2.58477,-2.74622,0.448673,1,0,0
L50924,L,302.5,311.4,1409,53.1,126,2.43928,1.99086,-1.83047,2.57086,0.509986,0,0,0
L50925,L,302.6,311.4,1738,25.8,128,2.51548,1.99207,2.4746,-2.65669,0.583553,1,0,0
H33160,H,302.5,311.3,1393,47.5,130,2.40303,1.9452,-2.09038,1.74141,0.625958,1,0,0
L50927,L,302.5,311.1,1499,38.8,135,2.40256,1.58138,-0.0660482,-0.331585,0.800503,0,0,0
L50928,L,302.5,311.1,1493,39,137,2.41357,1.6228,-0.196247,-0.243746,0.818967,1,0,0
L50929,L,302.4,311.1,1652,33.9,139,2.31607,1.61049,1.94107,-1.41072,0.877635,0,0,0
L50930,L,302.3,311.1,1589,29.9,141,2.23088,1.5751,1.27481,-2.12345,0.947479,0,0,0
L50931,L,302.4,311.1,1520,42.2,143,2.35615,1.58967,0.255526,0.514494,1.04386,1,0,1
H33166,H,302.3,311.1,1455,40.3,145,2.22485,1.61907,-0.906224,0.0503714,1.0616,1,0,1
L50933,L,302.2,311,1463,46.8,150,2.0476,1.5516,-0.736964,1.59612,1.19951,0,0,0
L50934,L,302.3,311,1442,43.7,152,2.2114,1.52684,-1.17153,0.870378,1.27156,0,0,0
L50935,L,302.3,311,1329,51.5,154,2.19173,1.51796,-2.8663,2.3803,1.26605,1,0,1
L50936,L,302.3,311.1,1546,33.1,156,2.23683,1.59462,0.712734,-1.61323,1.39686,0,0,0
M18617,M,302.2,311.1,1516,33.7,158,2.07086,1.58976,0.204576,-1.47567,1.40975,0,0,0
M18618,M,302.2,311,1476,47.4,161,2.06769,1.52124,-0.527216,1.70199,1.55536,0,0,0
L50939,L,302.3,311,1412,47,164,2.21193,1.53996,-1.79066,1.64665,1.57316,1,0,1
L50940,L,302.3,310.9,1377,46.8,166,2.17623,1.2536,-2.34948,1.61469,1.69368,1,1,1
M18621,M,302.4,311,1490,37.1,168,2.35732,1.53406,-0.224788,-0.722531,1.70979,0,0,0
M18622,M,302.3,311,1526,37.7,171,2.22252,1.54827,0.405147,-0.58681,1.7885,0,0,0
L50943,L,302.3,311,1428,47.9,174,2.20837,1.488,-1.47864,1.79137,1.90791,1,0,1
L50944,L,302.4,311,1329,54.6,176,2.28154,1.58134,-2.85834,2.68943,1.98043,0,0,0
M18625,M,302.4,311.1,1443,51.8,178,2.34424,1.59656,-1.13769,2.39978,2.02686,0,0,0
L50946,L,302.3,311.1,1373,53,181,2.22191,1.57524,-2.39031,2.57628,2.07263,0,0,0
L50947,L,302.3,311.1,1630,35.6,183,2.22032,1.60931,1.76566,-1.1152,2.16988,1,0,1
L50948,L,302.2,311,1555,34.2,185,2.0655,1.56653,0.845432,-1.34618,2.19953,0,0,0
M18629,M,302.2,311,1436,47,187,2.0837,1.52551,-1.26448,1.64627,2.25591,1,0,1
L50950,L,302.3,311,1609,31,190,2.22383,1.54266,1.50061,-1.99264,2.35285,1,0,0
M18631,M,302.3,311,1384,49.7,192,2.21848,1.53669,-2.22058,2.12022,2.42947,0,0,0
L50952,L,302.4,311.1,1448,44.8,195,2.31044,1.59272,-1.04845,1.11179,2.53598,1,0,1
M18633,M,302.4,311.1,1887,22.4,197,2.3622,1.59447,2.9025,-2.90082,2.55833,1,0,0
M18634,M,302.4,311.1,1480,45.7,200,2.32031,1.58272,-0.384017,1.34843,2.66142,1,0,0
H33189,H,302.5,311.1,1850,23.3,203,2.42473,1.62344,2.79784,-2.84522,2.73078,1,0,0
L50956,L,302.5,311.1,1538,36.8,208,2.39285,1.58852,0.608319,-0.788368,2.84883,1,0,0
M18637,M,302.4,311.1,1721,30.1,210,2.32865,1.63234,2.39448,-2.10294,2.9295,1,0,1
M18638,M,302.4,311.1,1366,54.4,0,2.31323,1.59483,-2.46583,2.715,-3.06847,1,0,1
L50959,L,302.3,311,1657,31.1,3,2.25215,1.52778,1.97047,-1.96025,-3.02673,1,0,0
L50960,L,302.4,311.1,1446,42.9,5,2.25191,1.58717,-1.09738,0.679129,-2.95057,0,0,0
L50961,L,302.3,310.8,1465,43.8,7,2.22106,1.27024,-0.731771,0.91698,-2.87281,0,0,0
L50962,L,302.2,310.8,1827,23.8,9,2.05442,1.24425,2.72989,-2.80578,-2.82086,1,0,0
H33197,H,302.2,310.8,1397,47.6,11,2.04761,1.24305,-2.01611,1.73231,-2.77374,1,0,1
L50964,L,302.2,310.8,1744,29.7,16,2.05575,1.19851,2.51109,-2.20915,-2.64122,1,0,0
L50965,L,302.3,310.9,1545,36.7,18,2.18032,1.23664,0.681291,-0.853005,-2.58051,1,0,0
L50966,L,302.3,310.9,1587,36.6,20,2.18524,1.25621,1.35315,-0.850058,-2.54427,0,0,0
L50967,L,302.3,310.8,1377,47.3,22,2.23087,1.21691,-2.34837,1.67988,-2.44439,0,1,1
L50968,L,302.3,310.8,1511,48.1,24,2.23839,1.23396,0.152424,1.86728,-2.37913,1,0,1
L50969,L,302.3,310.8,1650,32.4,26,2.22879,1.21047,1.90245,-1.71856,-2.33438,1,0,1
L50970,L,302.3,310.9,1412,48.9,28,2.27745,1.24781,-1.75456,1.97635,-2.30805,1,0,1
L50971,L,302.3,311,1528,43.1,30,2.22384,1.50908,0.442868,0.71929,-2.22094,1,0,0
L50972,L,302.3,310.9,1459,35,32,2.23102,1.2554,-0.847194,-1.18718,-2.17103,0,0,0
L50973,L,302.3,310.9,1379,49.3,34,2.24784,1.23649,-2.28696,2.05127,-2.08548,1,1,1
M18654,M,302.2,310.8,1356,48.3,36,2.05201,1.20888,-2.61295,1.86779,-2.03647,0,0,0
M18655,M,302.1,310.8,1409,41.3,39,1.98996,1.24576,-1.82216,0.284301,-1.97192,0,0,0
M18656,M,302.1,310.8,1504,37.5,42,1.97802,1.18982,0.0318502,-0.609956,-1.88985,0,0,0
L50977,L,302.1,310.8,1622,36.8,45,1.99537,1.2439,1.66137,-0.793794,-1.77593,0,0,0
L50978,L,302.1,310.8,1786,25.7,47,1.9996,1.23955,2.63965,-2.65633,-1.78068,0,0,0
L50979,L,302.2,310.9,1506,34,49,2.0622,1.25491,0.0341046,-1.40516,-1.70493,0,0,0
M18660,M,302.1,310.9,1916,23.1,51,1.95142,1.21397,2.90691,-2.83437,-1.62414,0,0,0
M18661,M,302.2,310.9,1771,27.6,54,2.05719,1.24743,2.62321,-2.47185,-1.55351,0,0,0
M18662,M,302.2,310.9,1488,44.2,57,2.09412,1.31008,-0.276532,0.994127,-1.45219,0,0,0
L50983,L,302.2,310.9,1531,37.5,60,2.08218,1.35859,0.478664,-0.624285,-1.35212,0,0,0
L50984,L,302.3,310.9,1529,33.4,62,2.10429,1.37597,0.435375,-1.52894,-1.32247,0,0,0
M18665,M,302.4,311,1580,36.5,64,2.23196,1.48214,1.19478,-0.889611,-1.28541,0,0,0
M18666,M,302.3,310.9,1360,44,67,2.11422,1.35576,-2.55812,0.941644,-1.16068,1,1,1
M18667,M,302.3,311,1546,35.5,70,2.16852,1.44778,0.72881,-1.10529,-1.0644,0,0,0
M18668,M,302.3,310.9,1762,24.5,73,2.16788,1.37456,2.60047,-2.73315,-0.995613,0,0,0
L50989,L,302.2,310.8,1350,56.6,76,2.11804,1.28117,-2.69964,2.80685,-0.929317,0,0,0
M18670,M,302.2,310.8,1562,38.1,78,2.09087,1.26755,0.965679,-0.480738,-0.821571,0,0,0
M18671,M,302.1,310.7,1608,30.3,81,2.02917,1.03529,1.53002,-2.09074,-0.788186,1,0,0
L50992,L,302,310.6,1392,50,84,1.89872,0.753012,-2.07478,2.17232,-0.658638,0,0,0
L50993,L,302,310.6,1467,44.9,86,1.9044,0.765087,-0.668352,1.1485,-0.604232,0,0,0
M18674,M,302.1,310.6,1326,59.1,88,2.01436,0.802913,-2.86023,2.98406,-0.519535,0,1,1
L50995,L,302.2,310.7,1769,24.9,91,2.07339,1.09394,2.58307,-2.72814,-0.511879,0,0,0
L50996,L,302.1,310.6,1459,47.6,93,2.03062,0.817863,-0.864226,1.73146,-0.41923,0,0,0
M18677,M,302.1,310.6,1421,52,95,1.98331,0.792279,-1.59587,2.42359,-0.394483,0,0,0
L50998,L,302.1,310.7,1491,42.8,98,2.01562,1.05451,-0.241305,0.651401,-0.275059,0,0,0
L50999,L,302.2,310.7,1567,36.4,100,2.02498,1.04858,1.06889,-0.9054,-0.204549,0,0,0
L51000,L,302.3,310.8,1421,41.4,102,2.16,1.26209,-1.60602,0.31066,-0.190555,0,0,0
L51001,L,302.3,310.9,1596,33.5,104,2.2117,1.35676,1.38011,-1.48958,-0.0940006,0,0,0
M18682,M,302.4,311,1464,44.2,106,2.28984,1.42591,-0.750991,0.964226,-0.0897058,0,0,0
M18683,M,302.3,310.9,1581,36.1,109,2.17102,1.40042,1.20012,-0.972139,0.0266401,1,0,1
L51004,L,302.3,310.9,1620,30.3,112,2.18051,1.35477,1.67599,-2.07522,0.130165,0,0,0
H33239,H,302.2,310.7,1413,48.9,114,2.0574,1.0516,-1.75017,2.0199,0.172376,0,0,0
H33240,H,302.3,310.8,1438,43.8,119,2.19181,1.22651,-1.2664,0.890041,0.31269,0,0,0
M18687,M,302.4,310.9,1469,41.6,124,2.31459,1.36645,-0.626502,0.37052,0.471197,1,0,1
M18688,M,302.3,310.8,1762,27.8,127,2.14555,1.15755,2.53833,-2.4561,0.580965,1,0,0
H33243,H,302.3,310.9,1366,48.4,130,2.17481,1.33672,-2.49561,1.892,0.682086,1,1,1
L51010,L,302.3,310.9,1891,22.7,135,2.14934,1.36461,2.8648,-2.85971,0.761964,1,0,0
M18691,M,302.3,310.9,1742,29.7,137,2.16219,1.37478,2.51564,-2.20689,0.851619,0,0,0
M18692,M,302.2,310.9,1465,43.5,140,2.11638,1.38161,-0.70708,0.79532,0.953867,0,0,0
M18693,M,302.3,311,1541,36.6,143,2.20806,1.49004,0.640336,-0.8248,1.07782,0,0,0
M18694,M,302.3,311.1,1295,57.1,146,2.16329,1.68682,-3.00597,2.88232,1.0402,1,0,1
M18695,M,302.3,311.1,1435,43.1,149,2.17545,1.60172,-1.34334,0.746601,1.20075,1,0,0
L51016,L,302.4,311.2,1466,43.9,152,2.24922,1.71627,-0.672329,0.957099,1.23886,1,0,0
L51017,L,302.4,311.2,1450,47.9,154,2.26933,1.70665,-1.03033,1.77889,1.32512,1,0,1
L51018,L,302.4,311.1,1880,24.5,156,2.32299,1.60033,2.86892,-2.74744,1.40032,1,0,0
M18699,M,302.3,311,1578,33.5,158,2.17122,1.45643,1.16451,-1.55396,1.44186,1,0,0
L51020,L,302.4,311,1610,33.1,161,2.26981,1.458,1.55431,-1.58041,1.52596,1,0,0
L51021,L,302.4,311.1,1565,42.8,163,2.28945,1.59492,1.02586,0.648002,1.5834,1,0,0
L51022,L,302.5,311.2,1545,40.1,165,2.35106,1.6822,0.719896,-0.00264453,1.61861,0,0,0
L51023,L,302.5,311.2,1227,60.1,167,2.42386,1.67907,-3.11118,2.99325,1.67397,0,0,0
L51024,L,302.4,311.1,1484,45.9,169,2.26772,1.62356,-0.398044,1.36534,1.77304,1,0,1
L51025,L,302.3,311,1591,32.7,171,2.15428,1.4778,1.3369,-1.65983,1.7922,1,0,0
L51026,L,302.3,310.9,1403,47.2,173,2.16515,1.37261,-1.95233,1.67124,1.86324,1,0,1
M18707,M,302.3,311,1450,45.7,175,2.19472,1.47289,-1.01117,1.33637,1.95722,0,0,0
L51028,L,302.3,310.9,1720,28.1,178,2.18516,1.37542,2.37931,-2.44468,2.01215,1,0,0
L51029,L,302.3,311,1561,37.2,180,2.19547,1.45039,0.908232,-0.695871,2.07044,1,0,1
M18710,M,302.3,311,1421,41.3,182,2.19275,1.49515,-1.62702,0.302757,2.1434,0,0,0
H33265,H,302.2,310.9,1415,48.4,185,2.07666,1.40607,-1.73928,1.91849,2.23784,0,0,0
L51032,L,302.3,310.9,2034,19.7,190,2.15467,1.35358,3.03438,-2.95019,2.36867,0,0,0
L51033,L,302.4,311,1486,40.4,192,2.30968,1.49619,-0.336633,0.0562975,2.39553,0,0,0
L51034,L,302.4,311,1338,67.6,194,2.33392,1.4373,-2.8031,3.13517,2.46585,0,1,1
H33269,H,302.4,311.1,1578,32.3,196,2.33051,1.59044,1.17027,-1.75627,2.52059,1,0,1
M18716,M,302.4,311.2,1330,58.6,201,2.30117,1.70299,-2.82665,2.94497,2.68238,1,0,0
H33271,H,302.4,311.2,1506,40.8,204,2.31504,1.72342,0.0777701,0.185106,2.76132,0,0,0
L51038,L,302.5,311.4,1559,37.6,209,2.40007,1.95242,0.920471,-0.600015,2.9104,1,0,1
L51039,L,302.6,311.5,1599,37,211,2.48985,2.11648,1.44909,-0.790071,2.91436,1,0,1
L51040,L,302.6,311.5,1427,38.9,213,2.48145,2.10338,-1.51686,-0.258841,2.96913,0,0,0
M18721,M,302.5,311.5,1481,41.1,215,2.41385,2.11392,-0.425369,0.274484,2.97285,1,0,1
H33276,H,302.5,311.5,1496,43.8,218,2.36436,2.11037,-0.116717,0.88539,3.0073,1,0,0
L51043,L,302.5,311.4,1674,27,223,2.3784,1.97858,2.06422,-2.51617,3.10676,1,0,1
M18724,M,302.5,311.4,1629,31.7,225,2.41847,2.00333,1.73767,-1.87127,3.10759,0,0,0
H33279,H,302.6,311.5,1629,34.4,228,2.49794,2.0806,1.71408,-1.35553,3.13021,0,1,1
L51046,L,302.6,311.6,1311,53.2,0,2.48132,2.30907,-2.97325,2.59181,-3.07059,1,0,1
M18727,M,302.7,311.6,2709,9.7,2,2.51937,2.26906,3.11809,-3.13718,-3.06335,1,1,1
M18728,M,302.7,311.7,1759,29.9,5,2.48467,2.31032,2.53679,-2.18564,-2.94413,1,0,0
L51049,L,302.7,311.7,1480,45.2,8,2.53188,2.31601,-0.401039,1.21989,-2.86061,1,0,0
L51050,L,302.7,311.8,1461,46.1,10,2.52205,2.47143,-0.78169,1.40334,-2.79183,1,0,0
M18731,M,302.7,311.8,1728,30,12,2.55159,2.44984,2.43195,-2.08739,-2.76628,1,0,0
L51052,L,302.7,311.9,1389,46.5,15,2.53795,2.5146,-2.1519,1.47522,-2.66503,1,0,0
L51053,L,302.6,311.8,1638,35.1,17,2.50647,2.495,1.81959,-1.22345,-2.59261,1,0,1
L51054,L,302.6,311.7,1254,54.1,19,2.46819,2.28068,-3.12145,2.67534,-2.55179,1,0,1
L51055,L,302.6,311.8,1427,50.1,21,2.50331,2.44332,-1.45412,2.19769,-2.51075,1,0,1
L51056,L,302.6,311.8,1627,31.8,23,2.4707,2.46299,1.71406,-1.8437,-2.3943,1,0,0
H33291,H,302.6,311.7,1471,48.3,25,2.51005,2.26729,-0.596417,1.89403,-2.34897,1,0,1
L51058,L,302.6,311.7,1773,27.1,30,2.47869,2.35858,2.61411,-2.49473,-2.24876,1,0,1
M18739,M,302.6,311.7,1430,51.7,32,2.51954,2.28496,-1.39606,2.40539,-2.19462,1,0,0
L51060,L,302.5,311.6,1595,29.5,35,2.37497,2.23171,1.39194,-2.22045,-2.07791,0,0,0
L51061,L,302.5,311.5,1521,44.1,37,2.41835,2.13143,0.285368,1.00855,-1.97743,1,0,0
L51062,L,302.5,311.6,1419,43.7,39,2.40741,2.23252,-1.63232,0.883114,-1.98982,1,0,0
M18743,M,302.4,311.4,1534,40.1,41,2.3034,2.01719,0.551901,-0.00405315,-1.94974,1,0,1
H33298,H,302.5,311.5,1626,36,44,2.40084,2.10172,1.69538,-0.998716,-1.79685,1,0,1
L51065,L,302.5,311.5,1677,29.2,49,2.41793,2.08987,2.13888,-2.23212,-1.68761,1,0,0
L51066,L,302.4,311.3,1392,50.5,51,2.31804,1.90627,-2.06991,2.2106,-1.63198,1,0,0
L51067,L,302.4,311.2,1448,50.5,53,2.29911,1.78118,-1.03328,2.21946,-1.56968,0,0,0
L51068,L,302.3,311.2,1903,22.9,55,2.15002,1.73264,2.90699,-2.86655,-1.54208,1,0,1
L51069,L,302.4,311.2,1404,52,57,2.31602,1.75691,-1.93928,2.39998,-1.47025,1,0,0
L51070,L,302.3,311.2,1386,53.5,59,2.10047,1.74114,-2.22514,2.62325,-1.38888,1,0,1
L51071,L,302.2,311.1,1418,47,61,2.06069,1.63835,-1.67573,1.5992,-1.32852,0,0,0
M18752,M,302.3,311.1,1338,53.3,63,2.10719,1.64071,-2.7859,2.57906,-1.27293,0,0,0
L51073,L,302.3,311.2,1549,40.6,66,2.14243,1.74334,0.738145,0.100197,-1.17596,1,0,1
M18754,M,302.3,311.2,1432,42.7,68,2.13901,1.732,-1.36176,0.632025,-1.11372,1,0,1
M18755,M,302.3,311.2,1546,40,71,2.20732,1.74144,0.708369,-0.0219387,-1.05381,0,0,0
M18756,M,302.2,311.2,1627,33.2,74,2.07112,1.71786,1.7382,-1.54486,-0.967223,1,0,1
M18757,M,302.2,311.1,1640,32.8,77,2.0785,1.62235,1.86777,-1.68568,-0.854884,1,0,1
M18758,M,302.1,311.1,1423,36.8,80,2.02315,1.62326,-1.57432,-0.767492,-0.770631,1,0,0
M18759,M,302.1,311,1711,28.7,83,2.02572,1.48215,2.36573,-2.31829,-0.685743,1,0,1
M18760,M,302.1,311.1,1450,51.6,86,2.02298,1.61614,-0.998175,2.4382,-0.61714,1,0,1
H33315,H,302.2,311.1,1553,34.1,89,2.06672,1.63771,0.838146,-1.40182,-0.543924,1,0,0
L51082,L,302.2,311.1,1630,34.6,94,2.08719,1.64362,1.74321,-1.28305,-0.390194,1,0,0
H33317,H,302.2,311.1,1476,39.6,96,2.05565,1.59845,-0.516365,-0.111796,-0.362596,1,0,1
H33318,H,302.2,311.1,1426,50.6,101,2.01969,1.64059,-1.51788,2.25408,-0.188024,1,0,1
M18765,M,302.2,311.2,1561,34.9,106,2.01071,1.70371,0.9775,-1.25056,-0.055382,0,0,0
L51086,L,302.3,311.2,1297,62.5,109,2.14847,1.73806,-3.00936,3.07991,0.0564492,0,0,0
M18767,M,302.3,311.2,1842,23.9,111,2.15531,1.68792,2.76978,-2.76204,0.124762,1,0,0
L51088,L,302.3,311.2,1633,36.4,114,2.14369,1.69078,1.77286,-0.847783,0.200977,0,0,0
H33323,H,302.3,311.3,1744,30.3,116,2.17185,1.86126,2.48082,-2.10707,0.209459,0,0,0
L51090,L,302.4,311.4,1831,26.9,121,2.30253,1.99909,2.77213,-2.55032,0.38918,1,0,0
M18771,M,302.3,311.3,1339,50.8,123,2.1555,1.93845,-2.76389,2.27737,0.447646,0,0,0
L51092,L,302.4,311.4,1475,40.4,126,2.26155,1.97125,-0.552477,0.0938336,0.5689,0,0,0
M18773,M,302.4,311.4,1675,29.6,128,2.30685,1.98919,2.11661,-2.23605,0.58533,1,0,0
L51094,L,302.5,311.5,1493,35.1,131,2.35689,2.09655,-0.180047,-1.18084,0.681993,1,0,1
L51095,L,302.5,311.5,1700,29.5,133,2.33649,2.11331,2.27834,-2.21109,0.718757,1,0,0
L51096,L,302.6,311.6,1453,37,135,2.5087,2.24045,-0.956964,-0.749366,0.810523,1,0,0
L51097,L,302.6,311.7,1542,34.1,137,2.48232,2.30947,0.671158,-1.35396,0.863364,1,0,1
M18778,M,302.5,311.5,1358,52.7,139,2.39021,2.08557,-2.57912,2.52471,0.854951,1,0,1
H33333,H,302.5,311.5,1655,32.3,142,2.38705,2.0672,1.97966,-1.76467,0.977734,1,0,1
L51100,L,302.6,311.5,1885,27.5,147,2.49323,2.10522,2.84142,-2.49327,1.13557,1,0,1
L51101,L,302.7,311.5,1494,41.4,149,2.50838,2.09663,-0.141619,0.279911,1.19145,1,0,1
M18782,M,302.6,311.4,1757,29.5,151,2.50247,2.03835,2.56967,-2.23913,1.27333,1,0,1
M18783,M,302.6,311.4,1718,31.2,154,2.51514,1.99135,2.37551,-1.93545,1.30844,1,0,1
M18784,M,302.5,311.4,1636,35,157,2.32194,1.95803,1.78652,-1.23493,1.41868,1,0,1
L51105,L,302.6,311.6,1638,29.6,160,2.46853,2.23232,1.8561,-2.13945,1.50966,1,0,0
L51106,L,302.6,311.5,1609,36,162,2.46033,2.11329,1.52944,-0.976412,1.57797,1,0,1
H33341,H,302.7,311.5,1556,35,164,2.5362,2.06729,0.844825,-1.21542,1.61872,1,0,0
L51108,L,302.6,311.5,1442,59.8,169,2.52151,2.10425,-1.20148,2.97948,1.74166,1,1,1
M18789,M,302.7,311.6,1501,38.8,171,2.4948,2.21442,-0.0491139,-0.319095,1.78762,1,0,0
M18790,M,302.6,311.6,2041,19.2,174,2.48093,2.24329,3.01966,-3.03008,1.90826,0,0,0
M18791,M,302.7,311.7,1784,25.1,177,2.51993,2.24329,2.64794,-2.69653,1.98045,1,0,0
L51112,L,302.6,311.6,1953,22.4,180,2.48458,2.24582,2.95425,-2.90303,2.08117,1,0,0
L51113,L,302.6,311.6,1576,34.7,182,2.48869,2.23161,1.13987,-1.26549,2.13733,1,0,1
M18794,M,302.6,311.6,1518,39,184,2.4852,2.23844,0.252414,-0.245014,2.18352,1,0,0
M18795,M,302.6,311.6,1227,68.2,187,2.4834,2.24499,-3.13419,3.11362,2.25796,0,1,1
L51116,L,302.5,311.5,1985,18.8,190,2.34151,2.07574,2.95689,-3.02881,2.36111,0,0,0
L51117,L,302.5,311.5,1802,26.4,192,2.38099,2.07569,2.67561,-2.58707,2.42167,1,0,0
L51118,L,302.5,311.5,1603,32.4,194,2.3581,2.06529,1.43359,-1.68564,2.43915,1,0,1
L51119,L,302.5,311.6,1400,54,196,2.33401,2.27875,-2.00147,2.68794,2.55429,1,0,0
L51120,L,302.3,311.5,1395,54.2,198,2.15056,2.10034,-2.08059,2.66201,2.60236,1,0,1
L51121,L,302.2,311.4,1987,19.9,200,2.02082,1.97358,2.96511,-3.01805,2.64624,1,0,0
M18802,M,302.2,311.4,1398,47.2,202,2.04592,2.07382,-2.0081,1.69271,2.71737,0,0,0
L51123,L,302.3,311.4,1333,66.7,205,2.15913,1.99075,-2.81015,3.13485,2.7518,0,1,1
L51124,L,302.2,311.2,1381,49.4,207,2.05469,1.83742,-2.25126,2.06772,2.86201,1,0,1
L51125,L,302.2,311.3,1570,36.1,0,2.02788,1.91099,1.09691,-0.945671,-3.1033,1,0,1
M18806,M,302.2,311.3,1658,31,2,2.05882,1.94333,2.01398,-1.98546,-3.01622,0,0,0
H33361,H,302.2,311.3,1749,29.2,5,2.04489,1.93786,2.52455,-2.26806,-2.96957,0,0,0
M18808,M,302.2,311.3,1510,37.1,10,2.0217,1.93665,0.107895,-0.724741,-2.79935,1,0,0
L51129,L,302.3,311.5,1384,50.8,13,2.20567,2.02837,-2.24857,2.27287,-2.68592,1,0,1
L51130,L,302.3,311.4,1570,37.2,15,2.19918,1.9872,1.05844,-0.703415,-2.65746,1,0,0
M18811,M,302.3,311.4,1571,32.7,17,2.22078,2.00996,1.06449,-1.65079,-2.58287,1,0,1
L51132,L,302.3,311.4,1476,37.3,20,2.18376,2.00033,-0.501815,-0.673948,-2.51226,1,0,0
M18813,M,302.3,311.4,1484,39.5,22,2.23335,2.00575,-0.352552,-0.145578,-2.41961,1,0,0
M18814,M,302.3,311.4,1909,23.2,25,2.25385,2.01689,2.88337,-2.84845,-2.34483,0,0,0
L51135,L,302.3,311.5,1448,49.6,28,2.21307,2.08973,-1.08823,2.13062,-2.25772,1,0,1
M18816,M,302.3,311.4,1500,40.2,30,2.22213,1.97499,-0.0988719,0.0458561,-2.21096,1,0,1
L51137,L,302.2,311.4,1510,44.9,33,2.04473,1.97575,0.159942,1.17278,-2.11605,0,0,0
L51138,L,302.2,311.3,1378,55.5,35,2.02656,1.91916,-2.26814,2.79625,-2.09846,1,0,0
M18819,M,302.2,311.4,1538,37.4,37,2.04281,2.09067,0.608944,-0.671268,-2.01925,1,0,1
L51140,L,302.2,311.4,1390,48.1,40,2.00253,2.06478,-2.15168,1.83102,-1.96347,1,0,1
M18821,M,302.2,311.4,1642,32.1,42,2.01657,2.08142,1.89939,-1.77835,-1.8922,1,0,0
L51142,L,302.4,311.5,1785,24.8,45,2.3005,2.05942,2.63503,-2.73796,-1.76337,1,0,1
H33377,H,302.3,311.5,1526,38.2,47,2.23276,2.06577,0.383586,-0.460902,-1.7217,0,0,0
M18824,M,302.3,311.6,1668,33.2,52,2.23911,2.16607,2.03996,-1.58552,-1.60312,1,0,0
L51145,L,302.3,311.5,1507,37.5,55,2.22696,2.03748,0.0675055,-0.627634,-1.54906,1,0,1
L51146,L,302.3,311.5,1530,37.8,57,2.24009,2.06074,0.429687,-0.555562,-1.44588,1,0,1
M18827,M,302.3,311.4,1479,45.6,59,2.2274,2.06243,-0.458976,1.32146,-1.42045,1,0,0
M18828,M,302.3,311.4,1418,41.3,62,2.21545,2.06963,-1.66571,0.287384,-1.30729,0,0,0
L51149,L,302.3,311.4,1504,38.7,65,2.21267,2.0607,-0.0257622,-0.363119,-1.24809,1,0,0
M18830,M,302.3,311.4,1345,47.6,67,2.22291,2.10743,-2.70415,1.77352,-1.17101,0,0,0
H33385,H,302.2,311.4,1625,35.4,70,2.06024,2.06585,1.70966,-1.11379,-1.11054,1,0,1
L51152,L,302.3,311.4,1511,34.7,75,2.18182,2.03527,0.182984,-1.26508,-0.941417,0,0,0
L51153,L,302.3,311.4,1535,41.8,77,2.21896,2.05435,0.550945,0.413616,-0.861015,0,0,0
L51154,L,302.4,311.5,1505,37.9,79,2.24806,2.09312,0.0379906,-0.537605,-0.823737,1,0,0
H33389,H,302.4,311.5,1540,43.7,81,2.24827,2.06572,0.569963,0.876263,-0.766477,1,0,0
H33390,H,302.3,311.4,1372,46,86,2.22968,2.02366,-2.37999,1.36694,-0.61512,0,0,0
M18837,M,302.2,311.3,1510,36.6,91,2.01926,1.91164,0.120388,-0.807119,-0.474637,1,0,0
L51158,L,302.2,311.3,1382,46.4,94,2.01004,1.96075,-2.26201,1.49082,-0.379468,0,0,0
L51159,L,302.3,311.3,1439,41.8,96,2.20932,1.90865,-1.23882,0.407808,-0.353958,1,0,1
M18840,M,302.2,311.3,1375,47,98,2.04566,1.94859,-2.36864,1.62321,-0.267449,1,0,1
M18841,M,302.2,311.3,1931,21.9,101,2.06527,1.90202,2.91357,-2.95435,-0.238201,0,0,0
L51162,L,302.2,311.3,1475,48.6,104,2.01819,1.93383,-0.523215,1.96777,-0.173376,1,0,0
L51163,L,302.2,311.3,1389,46.9,106,2.02262,1.94337,-2.16912,1.57915,-0.0543984,0,0,0
L51164,L,302.3,311.3,1652,32.8,108,2.23748,1.93611,1.94998,-1.61906,0.0277668,1,0,0
L51165,L,302.3,311.2,1386,50.3,110,2.25041,1.7857,-2.18993,2.19355,0.0851143,1,0,0
M18846,M,302.2,311.3,1577,29.8,112,2.04733,1.85863,1.14049,-2.16489,0.114539,1,0,1
M18847,M,302.3,311.3,1444,43.1,115,2.25496,1.8105,-1.16793,0.741681,0.242615,0,0,0
L51168,L,302.2,311.3,1554,40.2,118,2.01207,1.85895,0.845362,0.0853939,0.296569,0,0,0
L51169,L,302.2,311.3,1602,32.8,120,1.99166,1.83988,1.46201,-1.61959,0.379207,0,0,0
H33404,H,302.2,311.2,1692,28.2,122,2.0258,1.78039,2.24496,-2.39945,0.443187,1,0,0
L51171,L,302.3,311.3,1682,34.4,127,2.27064,1.81856,2.12987,-1.34203,0.57453,1,0,1
L51172,L,302.3,311.3,1614,34.1,129,2.23289,1.83649,1.60974,-1.38359,0.581987,1,0,1
L51173,L,302.3,311.3,1324,47.8,131,2.25807,1.85038,-2.89359,1.79989,0.688181,1,0,0
L51174,L,302.3,311.4,1434,40.3,133,2.29935,2.04719,-1.37773,0.0405311,0.744848,0,0,0
L51175,L,302.3,311.3,1621,31.6,135,2.28791,1.86109,1.67186,-1.86268,0.763551,0,0,0
M18856,M,302.3,311.3,1625,33.1,137,2.25093,1.82612,1.71997,-1.58026,0.853173,0,0,0
L51177,L,302.2,311.1,1394,53.7,140,2.02281,1.63112,-2.0877,2.63812,0.914997,1,0,1
L51178,L,302.1,311,1586,35.1,142,2.01785,1.47483,1.30174,-1.20492,0.964981,1,0,1
L51179,L,302,311,1420,45.9,144,1.89132,1.46913,-1.64319,1.40765,1.02958,0,0,0
L51180,L,302.1,311.2,1422,50.3,146,2.0303,1.79661,-1.59698,2.20991,1.10089,1,0,1
H33415,H,302.1,311.2,1598,37.9,148,2.0067,1.82096,1.44429,-0.523886,1.16512,0,0,0
L51182,L,302.1,311.2,1454,59.2,153,1.97267,1.81073,-0.990921,2.98474,1.31491,1,1,1
L51183,L,302.1,311.2,1519,39.3,155,1.97259,1.82058,0.258091,-0.15968,1.34493,0,0,0
L51184,L,302,311.1,1373,55.7,157,1.89715,1.6242,-2.39273,2.7816,1.46882,1,0,0
M18865,M,302,311.1,1406,48.8,159,1.90683,1.67197,-1.8752,1.96949,1.45852,0,0,0
L51186,L,302.1,311.2,1492,45,162,1.99223,1.82092,-0.180469,1.18047,1.55108,0,0,0
L51187,L,302.1,311.2,1369,50.8,164,1.99998,1.79749,-2.49072,2.28603,1.57897,0,0,0
M18868,M,302.2,311.2,1471,41.9,166,2.04311,1.81464,-0.609519,0.438092,1.70253,1,0,0
L51189,L,302.2,311.2,1630,36,169,2.0736,1.84392,1.76059,-0.972325,1.77719,0,0,0
M18870,M,302.1,311.1,1605,37.6,171,1.971,1.63287,1.492,-0.590264,1.82654,1,0,1
L51191,L,302.2,311.1,1447,52.1,174,2.05659,1.64787,-1.11583,2.45916,1.89059,1,0,0
M18872,M,302.2,311.2,1360,52.8,176,2.07466,1.82079,-2.55608,2.52867,1.95624,1,0,1
M18873,M,302.2,311.1,1728,34,179,2.06368,1.5961,2.41213,-1.40845,2.02916,1,0,1
L51194,L,302.1,311,1740,30.8,182,1.95675,1.40185,2.48208,-2.03285,2.12432,1,0,0
L51195,L,302.1,310.9,1477,41.4,184,1.97949,1.43507,-0.511389,0.344703,2.16563,0,0,0
L51196,L,302.1,310.9,1658,30.3,186,1.96023,1.39634,1.97765,-2.06202,2.24751,0,0,0
L51197,L,302,310.8,1902,23.4,188,1.89964,1.21033,2.87014,-2.83686,2.30532,0,0,0
M18878,M,302,310.8,1783,23.1,190,1.89968,1.20334,2.66305,-2.87362,2.35828,0,0,0
M18879,M,302,310.9,1558,45.3,193,1.91615,1.37349,0.866115,1.24388,2.42988,0,0,0
L51200,L,302.1,311,1351,49.5,196,1.98534,1.4611,-2.65288,2.08971,2.52056,0,0,0
H33435,H,302.1,310.9,1452,42.5,198,1.96689,1.39988,-0.969739,0.577553,2.60482,1,0,1
L51202,L,302.1,310.9,1666,30.7,203,1.9724,1.36907,2.06304,-2.03086,2.71018,0,0,0
L51203,L,302.1,311,1364,50,205,1.99286,1.45433,-2.4949,2.16223,2.81266,0,0,0
M18884,M,302.1,311,1351,60.3,207,2.02794,1.46642,-2.66863,2.99346,2.86467,1,1,1
H33439,H,302.1,311,1729,26.1,210,1.97545,1.44863,2.46278,-2.5966,2.91534,1,0,0
M18886,M,302.1,311,1574,34.1,215,2.01216,1.4214,1.13594,-1.41184,3.0135,0,0,0
L51207,L,302,311,1566,37.8,218,1.95303,1.44153,1.01314,-0.533577,3.04737,0,0,0
L51208,L,302,310.9,1455,43.2,220,1.92719,1.40845,-0.884252,0.760803,3.03502,1,0,1
H33443,H,302,310.9,1679,29,222,1.91944,1.39867,2.14047,-2.27224,3.0911,0,0,0
L51210,L,302,310.8,2143,17.3,227,1.93833,1.18995,3.06825,-3.08814,3.09627,1,0,0
L51211,L,302,310.8,1447,42.7,229,1.90385,1.20707,-1.08591,0.635306,3.11982,1,0,1
L51212,L,302,310.8,1383,50.3,231,1.9185,1.22007,-2.22099,2.18507,3.14159,0,1,1
L51213,L,302.1,310.8,1772,27.1,233,1.96857,1.18332,2.60487,-2.55425,3.1307,1,0,0
L51214,L,302,310.8,1615,29,235,1.94272,1.16761,1.61181,-2.27198,3.14117,0,1,1
L51215,L,302,310.8,1454,36.6,0,1.91567,1.2042,-0.941089,-0.839815,-3.0722,0,0,0
L51216,L,302,310.8,1445,49.1,2,1.93303,1.20121,-1.14515,2.01876,-3.0324,0,0,0
M18897,M,302,310.8,1609,35.2,4,1.93702,1.15826,1.51148,-1.19703,-3.0095,0,0,0
L51218,L,302,310.9,1546,34.4,7,1.90382,1.33663,0.696855,-1.31719,-2.91124,0,0,0
L51219,L,301.9,310.8,1567,39.3,9,1.8182,1.14816,1.01798,-0.180864,-2.86226,0,0,0
L51220,L,302,310.8,1767,27.4,11,1.89828,1.13718,2.59667,-2.49973,-2.81527,0,0,0
L51221,L,302,310.9,1539,34.2,13,1.91006,1.34346,0.634057,-1.35884,-2.72994,0,0,0
L51222,L,302,310.9,1564,39,15,1.89531,1.28987,0.954203,-0.293983,-2.64421,0,0,0
M18903,M,302,310.8,1445,46.3,17,1.91599,1.13067,-1.14944,1.45941,-2.60821,0,0,0
M18904,M,301.9,310.9,1419,47.7,20,1.85877,1.28269,-1.65615,1.76704,-2.52116,0,1,1
M18905,M,301.8,310.9,1881,20.9,23,1.7354,1.32419,2.82663,-2.97171,-2.44935,0,0,0
M18906,M,301.9,310.9,1421,46.2,26,1.84489,1.38118,-1.59305,1.4306,-2.3708,0,0,0
L51227,L,301.9,311,1455,46,29,1.84621,1.52257,-0.942102,1.42472,-2.298,0,0,0
L51228,L,301.9,311,2691,12.1,31,1.80407,1.49689,3.10625,-3.11714,-2.17629,0,1,1
L51229,L,301.8,310.8,1505,41.2,33,1.7775,1.16619,0.0682925,0.278918,-2.11434,1,0,1
L51230,L,301.8,310.8,1456,46.6,35,1.80316,1.13575,-0.845186,1.56667,-2.07892,0,0,0
L51231,L,301.8,310.8,1383,46.4,37,1.79116,1.24057,-2.23754,1.47946,-2.03466,1,0,0
M18912,M,301.9,310.8,1563,39.2,39,1.82204,1.25346,0.97235,-0.204575,-1.98195,0,0,0
M18913,M,301.9,310.9,2305,16.1,42,1.85125,1.29807,3.0854,-3.07125,-1.89649,0,0,0
M18914,M,301.9,310.9,1456,43.6,45,1.8307,1.37615,-0.885639,0.83352,-1.79176,0,0,0
L51235,L,302,311,1865,22.7,48,1.87197,1.48568,2.83976,-2.87143,-1.70479,1,0,0
L51236,L,301.9,310.9,1597,36.9,50,1.81532,1.3832,1.40823,-0.754449,-1.65411,0,0,0
L51237,L,302,310.9,1495,38.6,52,1.91592,1.36116,-0.138555,-0.353099,-1.59167,1,0,1
M18918,M,302,310.9,1456,47.2,54,1.90773,1.34149,-0.901056,1.65705,-1.53408,0,0,0
L51239,L,301.9,310.8,1465,44.3,57,1.81139,1.18611,-0.741205,1.00632,-1.43897,0,0,0
M18920,M,302,310.9,1352,55.5,59,1.88741,1.35473,-2.60932,2.79728,-1.4027,0,0,0
L51241,L,301.9,310.8,1906,21.7,62,1.84339,1.21986,2.87706,-2.91345,-1.34783,0,0,0
L51242,L,302,310.9,1446,44,64,1.89661,1.33676,-1.1064,0.943503,-1.2532,0,0,0
L51243,L,302,310.8,1948,19.7,66,1.8969,1.24858,2.91124,-2.99184,-1.1777,1,0,0
L51244,L,301.9,310.7,1480,47.1,68,1.8472,0.91342,-0.416314,1.61819,-1.11986,0,0,0
M18925,M,301.9,310.7,1511,37.6,70,1.81444,0.893131,0.139411,-0.606014,-1.04759,0,0,0
M18926,M,301.9,310.7,1472,47,73,1.81058,1.03888,-0.576141,1.61848,-0.96492,0,0,0
L51247,L,301.9,310.7,1429,51,76,1.85023,0.977464,-1.4586,2.29834,-0.933381,0,0,0
L51248,L,301.9,310.7,1405,48.8,78,1.82373,0.954245,-1.87187,1.97804,-0.819523,0,0,0
M18929,M,301.9,310.7,1405,47.9,80,1.81519,0.940653,-1.90671,1.80295,-0.801447,0,0,0
L51250,L,302,310.7,1348,58.1,83,1.88748,0.933773,-2.69147,2.92747,-0.730557,0,0,0
L51251,L,301.9,310.6,1331,68.6,85,1.8587,0.830753,-2.82386,3.12846,-0.700043,0,1,1
L51252,L,301.9,310.6,1610,33.4,87,1.83066,0.86372,1.53528,-1.53807,-0.610224,0,0,0
M18933,M,301.9,310.6,1412,46.5,89,1.85377,0.856001,-1.78,1.54884,-0.539902,0,0,0
L51254,L,302,310.7,1453,42.7,92,1.8849,0.938972,-0.955636,0.663037,-0.415244,1,0,0
L51255,L,302,310.6,1583,38.9,94,1.88351,0.857594,1.25489,-0.293821,-0.386338,1,0,1
M18936,M,302,310.6,1539,37.4,96,1.8704,0.876439,0.553445,-0.645928,-0.320238,0,0,0
L51257,L,302,310.5,1635,39.8,99,1.93929,0.548121,1.81654,-0.0623827,-0.2687,0,0,0
H33492,H,302.1,310.7,1294,62.4,101,1.98034,0.910609,-3.05329,3.03794,-0.195247,1,1,1
L51259,L,302,310.5,1978,22,106,1.89933,0.533892,2.98174,-2.94013,-0.0276786,0,0,0
L51260,L,302,310.4,1357,58,108,1.93032,0.486067,-2.61985,2.90156,-0.0172822,0,1,1
L51261,L,302,310.4,1336,58.2,110,1.92082,0.494135,-2.73744,2.88876,0.0606538,0,1,1
L51262,L,302,310.4,1568,39.2,112,1.93754,0.520318,1.07361,-0.240327,0.131481,0,0,0
M18943,M,302,310.4,1567,36.4,114,1.90204,0.495549,1.04478,-0.872482,0.15848,0,0,0
L51264,L,302,310.4,1611,35.6,117,1.94089,0.463184,1.54792,-1.11459,0.261941,0,0,0
H33499,H,302,310.5,1841,23.6,119,1.94157,0.589932,2.7778,-2.82233,0.36244,0,0,0
L51266,L,302,310.5,1567,36.1,124,1.97823,0.552045,1.05251,-0.941881,0.495369,0,0,0
L51267,L,301.9,310.4,1376,54.9,126,1.86067,0.476829,-2.35381,2.70066,0.513406,0,1,1
L51268,L,301.9,310.5,1477,42.4,128,1.83961,0.601099,-0.494077,0.554239,0.602075,0,0,0
M18949,M,301.9,310.5,1590,40.3,130,1.83993,0.59726,1.3309,0.0500024,0.643755,0,0,0
L51270,L,302,310.5,2197,15.8,133,1.95331,0.586941,3.10857,-3.10153,0.717156,0,0,0
M18951,M,302,310.4,1595,32.9,135,1.98809,0.549416,1.41325,-1.62465,0.774193,1,0,1
H33506,H,302,310.5,1812,24.4,138,1.96507,0.614336,2.70159,-2.72281,0.914283,0,0,0
M18953,M,302,310.5,1573,32.1,143,1.93468,0.593624,1.10366,-1.80201,1.02139,0,0,0
L51274,L,302,310.5,1651,30.9,146,1.92237,0.625833,1.94693,-1.96879,1.05693,1,0,0
H33509,H,302,310.5,1459,43.2,148,1.95273,0.618802,-0.818766,0.760913,1.14051,1,0,0
L51276,L,301.9,310.4,1370,51.7,153,1.87611,0.513672,-2.40426,2.38767,1.30238,0,1,1
L51277,L,301.9,310.4,1518,34.1,155,1.83647,0.482555,0.280784,-1.43158,1.39937,1,0,1
L51278,L,302,310.3,1648,29.6,157,1.97206,0.291137,1.9029,-2.19973,1.39985,0,0,0
L51279,L,302,310.4,1464,47.2,159,1.92861,0.482648,-0.77222,1.64243,1.49692,0,0,0
L51280,L,302,310.4,1895,23.2,161,1.95806,0.490217,2.90885,-2.83791,1.52804,1,0,0
L51281,L,301.9,310.4,1884,23.4,163,1.8444,0.547726,2.85007,-2.81372,1.5862,0,0,0
L51282,L,302,310.4,1450,46.6,165,1.99402,0.460928,-1.03432,1.51684,1.62666,0,0,0
L51283,L,302,310.4,1448,43.4,167,1.95261,0.500422,-1.06602,0.751056,1.69545,0,0,0
L51284,L,302.1,310.5,1389,49.6,169,1.99049,0.56268,-2.13573,2.06515,1.75052,0,0,0
L51285,L,302,310.6,1583,35.2,171,1.96243,0.825107,1.2426,-1.17046,1.81003,0,0,0
L51286,L,301.9,310.5,1425,51.1,173,1.83631,0.688692,-1.50854,2.30738,1.86214,0,0,0
L51287,L,302,310.5,1809,27.1,175,1.99539,0.710655,2.69164,-2.54042,1.95322,0,0,0
L51288,L,301.9,310.5,1892,21.8,177,1.83198,0.681508,2.8458,-2.90512,1.95573,0,0,0
M18969,M,301.9,310.6,1475,47.8,179,1.84697,0.840975,-0.540866,1.76036,2.02893,0,0,0
L51290,L,302,310.6,1361,46.7,182,1.92377,0.861996,-2.58779,1.54035,2.15116,0,0,0
M18971,M,302,310.6,1563,41,184,1.96216,0.885205,0.988945,0.237843,2.19991,0,0,0
H33526,H,301.9,310.5,1472,39.7,187,1.83121,0.675755,-0.572852,-0.0856535,2.28339,0,0,0
L51293,L,302,310.6,1325,55.3,192,1.91394,0.809298,-2.90063,2.7634,2.38931,0,0,0
L51294,L,302,310.6,1358,53.1,194,1.97224,0.871441,-2.54028,2.55829,2.46183,0,0,0
H33529,H,302,310.6,1346,54.7,196,1.94797,0.863988,-2.73337,2.74681,2.48697,0,0,0
M18976,M,302,310.5,1381,58.4,201,1.93588,0.636385,-2.25862,2.91043,2.64433,0,0,0
L51297,L,301.9,310.5,1340,55.7,204,1.83965,0.634103,-2.75312,2.79476,2.79143,0,1,1
L51298,L,302,310.6,1366,47.7,206,1.92238,0.881123,-2.46709,1.76063,2.83345,0,0,0
L51299,L,302.1,310.7,1325,45.1,208,1.96796,1.0421,-2.8724,1.21922,2.84203,0,1,1
M18980,M,302.1,310.7,1376,46.3,210,1.97824,1.01931,-2.33538,1.45044,2.92621,1,1,1
M18981,M,302.1,310.7,1364,47.8,213,1.95593,1.04468,-2.50331,1.75681,2.97138,0,1,1
L51302,L,302.2,310.6,1462,43.6,0,2.00977,0.905046,-0.817863,0.858402,-3.08389,0,0,0
M18983,M,302.1,310.6,1517,38.9,2,1.95132,0.855976,0.261003,-0.299667,-3.02277,0,0,0
L51304,L,302.1,310.6,1385,53.6,5,1.99362,0.960256,-2.2022,2.64887,-2.95014,0,0,0
L51305,L,302.1,310.6,1439,40,7,1.98629,0.902798,-1.27329,-0.0502403,-2.87239,0,0,0
M18986,M,302,310.6,1623,34.3,9,1.92492,0.880913,1.70342,-1.37786,-2.83224,0,0,0
H33541,H,302,310.6,1438,43.2,12,1.95227,0.930667,-1.2264,0.784419,-2.73881,1,0,0
L51308,L,301.9,310.4,1708,24.8,17,1.85016,0.538909,2.34366,-2.67671,-2.58873,0,0,0
M18989,M,301.8,310.3,1666,32.7,19,1.80946,0.382445,2.08804,-1.71235,-2.53057,0,0,0
L51310,L,301.9,310.4,1286,62.8,22,1.80558,0.5642,-3.02175,3.0667,-2.45961,1,1,1
L51311,L,301.9,310.3,1485,46.3,24,1.8721,0.395028,-0.334112,1.49627,-2.41811,0,0,0
M18992,M,301.8,310.3,1409,52.5,26,1.8082,0.382524,-1.88467,2.48715,-2.34104,0,0,0
L51313,L,301.8,310.3,1765,27.3,29,1.82545,0.372943,2.56029,-2.46768,-2.25138,0,0,0
L51314,L,301.8,310.3,1688,28.8,31,1.77563,0.376212,2.20914,-2.31862,-2.17302,0,0,0
M18995,M,301.7,310.3,1787,26.7,33,1.68685,0.382463,2.64459,-2.53051,-2.15547,0,0,0
L51316,L,301.7,310.1,1487,48,36,1.66568,0.0703819,-0.302124,1.82369,-2.03932,0,0,0
L51317,L,301.7,310.1,1384,50.5,38,1.68025,0.0378788,-2.22865,2.26073,-2.00087,0,0,0
L51318,L,301.7,310.2,1311,57.4,40,1.72201,0.257862,-2.97104,2.9117,-1.95691,0,1,1
H33553,H,301.7,310.2,1620,30.8,42,1.68231,0.20519,1.64708,-2.04687,-1.87648,0,0,0
L51320,L,301.7,310.2,1331,61.2,47,1.66447,0.253836,-2.87668,3.03713,-1.70328,0,1,1
H33555,H,301.7,310.1,1462,38.3,49,1.67879,0.0255411,-0.809149,-0.426334,-1.68629,0,0,0
L51322,L,301.7,310.1,1424,50.2,54,1.65732,0.00942069,-1.552,2.20684,-1.54346,0,0,0
L51323,L,301.7,310.1,1500,39.6,56,1.70286,0.0524398,-0.0284936,-0.139618,-1.50183,0,0,0
L51324,L,301.8,310.1,1738,28,58,1.76875,0.0267925,2.49803,-2.4131,-1.36742,0,0,0
M19005,M,301.8,310.3,1465,46.5,60,1.76532,0.34299,-0.73279,1.48146,-1.37521,0,0,0
L51326,L,301.8,310.3,1482,41.4,63,1.77953,0.337197,-0.449038,0.351527,-1.24576,0,0,0
L51327,L,301.9,310.3,1398,44,65,1.87597,0.3397,-2.0002,0.957745,-1.18842,0,0,0
L51328,L,301.9,310.3,1972,21.3,67,1.82997,0.334766,2.98295,-2.9506,-1.11558,1,0,0
L51329,L,301.9,310.4,1603,37.6,69,1.83605,0.513382,1.46198,-0.626294,-1.08895,0,0,0
L51330,L,301.9,310.4,1610,34.8,71,1.82542,0.506045,1.54945,-1.24102,-1.07928,0,0,0
M19011,M,301.9,310.4,1373,48,73,1.88398,0.49316,-2.37332,1.80176,-1.00922,1,1,1
M19012,M,302,310.5,1425,44.7,76,1.97111,0.624421,-1.54742,1.12931,-0.876005,0,0,0
M19013,M,302,310.4,1212,55.6,79,1.93698,0.515262,-3.12953,2.7697,-0.831486,0,1,1
M19014,M,302,310.4,1828,26.3,82,1.9248,0.542893,2.74633,-2.5945,-0.72381,0,0,0
L51335,L,302,310.5,1370,44.4,85,1.96826,0.588485,-2.42995,1.03589,-0.641714,0,1,1
M19016,M,302,310.5,1823,25.1,87,1.94229,0.621374,2.73091,-2.71966,-0.618625,0,0,0
L51337,L,302,310.5,1263,60.6,90,1.95717,0.616922,-3.09622,3.02056,-0.488618,1,1,1
L51338,L,301.9,310.4,1889,21.5,92,1.89383,0.525592,2.87955,-2.96678,-0.463273,0,0,0
M19019,M,302,310.5,1639,32.9,94,1.95384,0.624688,1.85978,-1.6119,-0.391294,0,0,0
M19020,M,302,310.4,1608,33.1,97,1.94065,0.542897,1.51561,-1.59364,-0.316588,0,0,0
H33575,H,301.9,310.3,1653,32.4,100,1.82875,0.3458,1.91935,-1.72395,-0.223091,0,0,0
L51342,L,302,310.4,1591,29.8,105,1.94797,0.525742,1.31602,-2.16492,-0.0997367,0,0,0
L51343,L,302.1,310.5,1696,30.9,107,2.00447,0.638186,2.25446,-2.01883,-0.0271835,0,0,0
L51344,L,302.2,310.6,1346,47.5,109,2.03896,0.888615,-2.68362,1.72454,0.0175725,0,1,1
M19025,M,302.2,310.5,1507,40.4,111,2.07735,0.666703,0.0591146,0.0751721,0.0924718,1,0,1
H33580,H,302.3,310.6,1525,48.7,114,2.21043,0.884528,0.40111,1.95215,0.191909,0,0,0
M19027,M,302.3,310.7,1559,33.9,119,2.19263,1.02571,0.930139,-1.41065,0.302674,0,0,0
L51348,L,302.2,310.6,1632,30.5,122,2.08469,0.84889,1.78448,-2.04795,0.410966,0,0,0
L51349,L,302.1,310.5,1559,36,124,2.01202,0.617248,0.916028,-0.953941,0.483634,0,0,0
M19030,M,302.2,310.6,1355,51.5,126,2.02481,0.872971,-2.60415,2.36454,0.543542,0,1,1
M19031,M,302.2,310.5,1832,23.7,129,2.03547,0.628393,2.76701,-2.8193,0.607238,1,0,0
L51352,L,302.2,310.6,1386,50,132,2.05012,0.869856,-2.18272,2.17698,0.736192,0,0,0
M19033,M,302.2,310.6,1346,49.2,134,2.02518,0.890086,-2.71143,2.0493,0.725438,0,1,1
L51354,L,302.3,310.7,1499,37.8,137,2.1728,1.02971,-0.0630916,-0.55567,0.85789,0,0,0
L51355,L,302.3,310.7,1612,33.4,139,2.21738,1.02829,1.56243,-1.50318,0.897799,0,0,0
M19036,M,302.3,310.7,1544,39.7,141,2.1875,1.02056,0.71069,-0.100491,0.938229,1,0,1
L51357,L,302.5,310.9,1477,39.2,144,2.39801,1.24756,-0.490079,-0.210228,1.04477,0,0,0
L51358,L,302.5,310.9,1624,34.4,146,2.36344,1.28393,1.67235,-1.34021,1.1029,1,0,1
L51359,L,302.4,310.9,1349,46.1,148,2.2603,1.30012,-2.68596,1.43279,1.15286,1,1,1
L51360,L,302.4,310.8,1686,28.8,150,2.29262,1.12397,2.21473,-2.29577,1.23024,0,0,0
M19041,M,302.4,310.7,1521,40.4,152,2.25072,1.05995,0.303674,0.0792991,1.27044,0,0,0
L51362,L,302.4,310.7,1362,54.8,155,2.2855,1.02031,-2.52582,2.75986,1.35441,0,1,1
L51363,L,302.3,310.7,1402,50.9,157,2.21682,1.04752,-1.92179,2.30854,1.42196,1,0,1
L51364,L,302.2,310.6,1334,53.2,159,2.05261,0.875945,-2.80345,2.57422,1.45952,1,1,1
L51365,L,302.2,310.6,1348,48.4,161,1.99617,0.776207,-2.68908,1.91188,1.54413,1,1,1
M19046,M,302.2,310.6,1570,34.6,163,2.04378,0.806167,1.09401,-1.29627,1.58355,0,0,0
M19047,M,302.2,310.7,1601,33,166,2.10824,1.00844,1.42858,-1.60175,1.62566,0,0,0
M19048,M,302.3,310.8,1611,31.8,169,2.19291,1.1533,1.57168,-1.82279,1.77448,0,0,0
L51369,L,302.4,310.9,1560,31.8,172,2.25966,1.32962,0.925609,-1.83826,1.87001,1,0,0
H33604,H,302.4,310.9,1444,40.7,174,2.28868,1.29461,-1.16025,0.129665,1.84784,0,0,0
L51371,L,302.4,311,1317,59.4,179,2.28331,1.4383,-2.9392,2.97935,2.01998,1,0,1
M19052,M,302.5,311,1463,43.1,181,2.34931,1.4125,-0.751036,0.750246,2.13783,0,0,0
L51373,L,302.4,311.1,1634,34.2,184,2.26185,1.61575,1.81039,-1.39256,2.18598,0,0,0
L51374,L,302.4,311,1423,46.2,186,2.27615,1.41376,-1.55687,1.45326,2.22475,0,0,0
L51375,L,302.5,311,1548,38.4,188,2.33344,1.43031,0.770805,-0.384186,2.30323,0,0,0
M19056,M,302.5,311,1563,35.6,190,2.38853,1.44041,0.963531,-1.09553,2.32558,1,0,0
L51377,L,302.4,311,1573,36.5,193,2.27112,1.45436,1.10881,-0.900902,2.43306,0,0,0
M19058,M,302.4,311.1,1432,44.5,195,2.29464,1.55452,-1.37153,1.08576,2.49118,1,0,1
M19059,M,302.5,311.1,1638,32,198,2.3868,1.6093,1.83258,-1.76899,2.6115,0,0,0
L51380,L,302.5,311.1,1571,34.2,201,2.38914,1.60952,1.09358,-1.39146,2.66288,0,0,0
L51381,L,302.4,311,2211,15.4,203,2.25849,1.52851,3.08042,-3.08508,2.75476,0,0,0
L51382,L,302.4,311,1555,40.6,205,2.29323,1.49191,0.88229,0.0882196,2.81203,0,0,0
M19063,M,302.3,310.9,1558,31.9,207,2.15808,1.26506,0.894358,-1.81495,2.80389,0,0,0
M19064,M,302.3,310.9,1523,43.2,210,2.17765,1.28842,0.312911,0.787609,2.91705,0,0,0
L51385,L,302.3,310.8,1723,26.3,213,2.23297,1.13442,2.40656,-2.60622,3.00826,0,0,0
M19066,M,302.3,310.8,1721,28.4,215,2.22951,1.14132,2.40844,-2.34688,2.95976,1,0,0
M19067,M,302.3,310.9,1710,30.4,218,2.2221,1.27274,2.30915,-2.06139,3.0195,0,1,1
M19068,M,302.3,310.9,1627,32.3,0,2.21314,1.27011,1.71975,-1.70016,-3.07246,1,0,0
M19069,M,302.2,310.8,1422,47,3,2.1017,1.10232,-1.57271,1.6144,-3.01131,0,0,0
L51390,L,302.1,310.8,1565,35.3,6,1.97274,1.14677,1.0159,-1.17633,-2.91878,0,0,0
L51391,L,302.1,310.7,1314,52.8,8,1.97462,1.03345,-2.93222,2.53296,-2.80845,0,1,1
M19072,M,302,310.6,1392,60.5,10,1.9559,0.738139,-2.09407,3.01761,-2.79024,0,0,0
L51393,L,302.1,310.7,1465,40.7,13,1.97191,1.04011,-0.747783,0.165848,-2.72953,0,0,0
L51394,L,301.9,310.6,1573,36.6,15,1.82991,0.794161,1.1169,-0.853738,-2.6747,0,0,0
M19075,M,302,310.7,2157,17.8,17,1.94506,1.00152,3.06228,-3.05428,-2.53761,0,0,0
L51396,L,301.9,310.7,1370,50.3,20,1.82446,0.994977,-2.45084,2.2248,-2.53568,0,0,0
L51397,L,301.9,310.6,1462,38.8,22,1.86483,0.779083,-0.75754,-0.319733,-2.46031,1,0,1
M19078,M,302,310.6,1479,40.5,24,1.93392,0.756274,-0.448006,0.0955209,-2.39824,0,0,0
L51399,L,301.9,310.7,1717,26.8,27,1.82977,0.984626,2.40497,-2.54231,-2.3157,0,0,0
M19080,M,301.9,310.6,1260,65.9,29,1.87641,0.755209,-3.07842,3.14159,-2.28496,0,0,0
L51401,L,301.9,310.6,1467,39.3,32,1.84465,0.76519,-0.669896,-0.174095,-2.14584,0,0,0
M19082,M,302,310.6,1535,38.6,34,1.91366,0.72759,0.549843,-0.388362,-2.12511,0,0,0
L51403,L,302,310.7,1657,31.9,37,1.94036,0.995787,2.0065,-1.80224,-2.0446,1,0,1
L51404,L,302,310.7,1698,28.1,39,1.92571,0.995874,2.30181,-2.39645,-1.9701,0,0,0
L51405,L,302.1,310.7,1359,49.3,41,1.99336,0.959576,-2.5678,2.06656,-1.92042,1,1,1
L51406,L,302.1,310.8,1596,37.1,43,1.99904,1.16238,1.443,-0.710585,-1.84898,0,0,0
L51407,L,302.2,310.8,1383,46.9,45,2.09735,1.12638,-2.27448,1.55993,-1.78495,0,0,0
L51408,L,302.2,310.8,2203,16.6,47,2.12171,1.15342,3.05047,-3.11944,-1.77298,1,0,0
M19089,M,302.2,310.8,1408,46.8,49,2.15453,1.16905,-1.86308,1.58668,-1.6767,0,0,0
L51410,L,302.2,310.8,1673,32.9,52,2.10372,1.13339,2.12884,-1.6018,-1.58238,0,0,0
L51411,L,302.2,310.8,1340,47.8,54,2.13157,1.14795,-2.75009,1.78407,-1.50753,0,0,0
L51412,L,302.2,310.9,1452,42.3,56,2.13032,1.29084,-0.980316,0.526176,-1.49104,0,0,0
M19093,M,302.2,310.9,1302,53.4,58,2.10058,1.26375,-2.98128,2.64111,-1.42525,0,0,0
H33648,H,302.2,310.9,1522,35.9,61,2.10382,1.25603,0.306264,-0.989043,-1.32339,0,0,0
L51415,L,302.2,310.8,1438,41.4,66,2.08958,1.14687,-1.29564,0.342701,-1.18724,1,0,0
L51416,L,302.2,310.9,1604,40.5,68,2.1135,1.30537,1.43116,0.119882,-1.13265,1,0,0
L51417,L,302.2,311,1832,23.2,70,2.09784,1.52847,2.79113,-2.85485,-1.08528,1,0,0
M19098,M,302.3,311,1521,34.8,72,2.23084,1.54898,0.328327,-1.2367,-1.02907,1,0,1
L51419,L,302.3,311,1446,37.6,75,2.19168,1.52672,-1.11063,-0.617649,-0.972336,0,0,0
L51420,L,302.4,311.1,1905,20.9,77,2.26662,1.62197,2.88927,-2.94824,-0.865293,1,0,0
L51421,L,302.4,311,1475,47.9,79,2.2814,1.53289,-0.535747,1.81633,-0.786989,1,0,0
L51422,L,302.4,311,1462,48.5,81,2.25436,1.50161,-0.748523,1.91156,-0.742383,1,0,0
M19103,M,302.4,310.9,1435,42.3,83,2.25448,1.27779,-1.31294,0.562668,-0.733346,0,0,0
L51424,L,302.4,310.9,1469,39.6,86,2.23592,1.20818,-0.650132,-0.0907613,-0.613304,0,0,0
M19105,M,302.6,311.1,1520,43,88,2.43259,1.63335,0.279258,0.716483,-0.549212,0,0,0
L51426,L,302.6,311,1537,35.5,91,2.484,1.54495,0.557893,-1.10556,-0.49692,1,0,0
L51427,L,302.6,311,1369,60,93,2.49683,1.54229,-2.43361,2.99236,-0.425315,0,1,1
L51428,L,302.6,311,1506,37.2,95,2.44794,1.5267,0.0692292,-0.698608,-0.363683,1,0,0
L51429,L,302.5,310.9,1330,56.9,97,2.3029,1.27077,-2.87421,2.83431,-0.263554,1,1,1
L51430,L,302.6,311,1660,38,99,2.45166,1.50383,2.0055,-0.511014,-0.208094,0,0,0
H33665,H,302.5,310.9,1356,55.5,101,2.31696,1.28502,-2.6064,2.81162,-0.163005,0,1,1
H33666,H,302.6,311,1438,51,106,2.46338,1.47859,-1.26129,2.34208,-0.0498766,1,0,1
M19113,M,302.6,311,1329,48.6,111,2.45664,1.521,-2.87221,1.93941,0.0957825,1,1,1
L51434,L,302.6,311,1284,68,114,2.45839,1.4897,-3.06188,3.10538,0.149816,0,1,1
M19115,M,302.5,311,1387,52.1,116,2.37294,1.50669,-2.18742,2.43948,0.245848,0,0,0
M19116,M,302.6,311,1591,33.9,119,2.45773,1.49639,1.33905,-1.43688,0.302485,0,0,0
M19117,M,302.6,311,1589,39,122,2.44355,1.53648,1.31312,-0.246697,0.416787,1,0,0
M19118,M,302.7,311.1,1297,60.7,125,2.5487,1.61232,-2.98537,3.00678,0.482779,0,1,1
L51439,L,302.7,311.2,1545,35.1,128,2.53321,1.78989,0.675545,-1.18551,0.549897,1,0,1
H33674,H,302.7,311.1,1418,43.4,130,2.5622,1.62428,-1.66996,0.792083,0.68279,1,0,0
L51441,L,302.7,311.1,1730,28.1,135,2.5927,1.61565,2.42488,-2.3935,0.782793,0,0,0
L51442,L,302.6,311,2001,20.7,137,2.47429,1.52411,2.97374,-2.95298,0.827899,1,0,0
L51443,L,302.6,311,1620,36.2,139,2.4412,1.50437,1.684,-0.954677,0.911039,1,0,1
M19124,M,302.6,311,1542,39.7,141,2.44804,1.54376,0.659349,-0.0788027,0.962567,1,0,1
L51445,L,302.6,311,1424,38,144,2.46713,1.47634,-1.55243,-0.481214,1.05531,1,0,1
L51446,L,302.7,311.1,1440,39.5,146,2.56105,1.63046,-1.21041,-0.172675,1.09265,1,0,1
L51447,L,302.6,311,1520,42.8,148,2.47607,1.51884,0.274745,0.610775,1.15504,1,0,1
L51448,L,302.7,311,1694,29.8,150,2.56532,1.54742,2.26791,-2.19096,1.21779,1,0,1
L51449,L,302.6,311,1610,39.2,152,2.46592,1.50164,1.51561,-0.248153,1.26876,0,0,0
L51450,L,302.6,310.9,1331,52,154,2.46054,1.2787,-2.83389,2.44185,1.35284,1,1,1
L51451,L,302.6,310.8,1470,41.2,156,2.46813,1.1713,-0.650501,0.274202,1.3758,1,0,1
L51452,L,302.5,310.8,1577,36.9,158,2.3246,1.17627,1.16871,-0.762935,1.48054,1,0,1
L51453,L,302.6,310.8,1486,36.4,160,2.47888,1.17512,-0.370758,-0.864525,1.49638,1,0,0
L51454,L,302.4,310.6,1445,40.3,162,2.25296,0.743396,-1.14104,0.0471552,1.52803,1,0,0
M19135,M,302.4,310.5,1500,36.7,164,2.29969,0.544654,-0.0469416,-0.780191,1.62836,0,0,0
M19136,M,302.2,310.4,1456,47.5,167,2.08621,0.522503,-0.915015,1.72339,1.69998,0,0,0
L51457,L,302.2,310.4,1743,28.1,170,2.07241,0.50554,2.52455,-2.42864,1.7688,0,0,0
L51458,L,302,310.1,1409,50.4,172,1.99131,0.120871,-1.85287,2.20226,1.85033,0,0,0
L51459,L,302,310.1,1361,45.4,174,1.88874,0.135829,-2.59276,1.26792,1.89724,0,1,1
L51460,L,302.1,310.1,1753,28.9,176,1.99048,0.168283,2.54995,-2.35064,1.94007,0,0,0
L51461,L,302,310,1832,22.9,178,1.93084,-0.10821,2.76568,-2.84631,1.98145,0,0,0
L51462,L,301.9,309.9,1374,48.5,180,1.84368,-0.152017,-2.39069,1.87182,2.06686,0,1,1
M19143,M,301.8,309.9,1334,61,182,1.77414,-0.185829,-2.83853,3.05037,2.10016,0,1,1
L51464,L,301.8,310,1493,40.3,185,1.77391,-0.0908432,-0.18209,0.107803,2.18756,0,0,0
L51465,L,301.7,309.9,1317,49,187,1.72263,-0.195948,-2.92795,2.00825,2.28699,0,1,1
M19146,M,301.7,309.9,1434,47.9,189,1.68883,-0.189441,-1.36186,1.83537,2.36719,0,0,0
M19147,M,301.7,309.9,1457,39.2,192,1.65985,-0.157261,-0.854637,-0.219951,2.38999,0,0,0
M19148,M,301.7,310,1391,50.6,195,1.64667,-0.0888262,-2.17867,2.24251,2.51547,0,0,0
M19149,M,301.8,310,1781,23.9,198,1.74789,-0.0641914,2.66524,-2.80908,2.57891,0,0,0
L51470,L,301.8,310,1642,32.6,201,1.78758,-0.106984,1.85197,-1.68046,2.71692,0,0,0
L51471,L,301.8,310,2032,19,203,1.78243,-0.0989371,3.02249,-3.04593,2.73891,0,0,0
M19152,M,301.8,310.1,2372,13.9,205,1.75897,0.0841439,3.12275,-3.14159,2.771,0,1,1
L51473,L,301.8,310,1393,44.9,208,1.77106,-0.119377,-2.12542,1.14802,2.85487,0,0,0
M19154,M,301.7,310.1,1743,27.3,210,1.6867,0.104096,2.49927,-2.5191,2.91099,0,0,0
L51475,L,301.8,310.2,1457,40.4,213,1.70386,0.265049,-0.863296,0.0721155,2.94775,0,0,0
L51476,L,301.8,310.2,2825,5.8,215,1.78235,0.239282,3.14159,-3.14159,2.9815,0,1,1
M19157,M,301.8,310.2,1609,34.2,217,1.75086,0.239819,1.53755,-1.36461,3.01732,0,0,0
M19158,M,301.8,310.2,1437,42.3,0,1.74541,0.253703,-1.28754,0.52685,-3.06957,0,0,0
L51479,L,301.7,310.1,1402,50.1,3,1.70705,0.0946205,-1.93578,2.18524,-2.9886,0,0,0
M19160,M,301.7,310.1,1644,34.6,5,1.67842,0.10616,1.88583,-1.33535,-2.95346,0,0,0
L51481,L,301.7,310.2,1471,51.1,8,1.67369,0.262091,-0.601667,2.36302,-2.90874,0,0,0
L51482,L,301.7,310.1,2695,12.6,10,1.63856,0.0865838,3.12092,-3.12683,-2.79525,0,0,0
L51483,L,301.7,310.2,1435,48.1,12,1.72772,0.237014,-1.34721,1.85024,-2.79966,0,0,0
L51484,L,301.6,310.1,1694,26.3,14,1.61332,0.102939,2.26299,-2.59957,-2.66769,0,0,0
L51485,L,301.6,310.1,1687,26.6,16,1.60277,0.111431,2.2098,-2.57301,-2.64941,0,0,0
L51486,L,301.6,310,1869,22.9,18,1.62988,-0.111633,2.84347,-2.87154,-2.56496,0,0,0
L51487,L,301.4,309.9,1259,63.9,20,1.41565,-0.237002,-3.09023,3.07444,-2.52309,0,1,1
H33722,H,301.4,309.9,1460,47.2,22,1.45796,-0.24093,-0.792327,1.65464,-2.45015,0,0,0
M19169,M,301.3,309.9,1501,39.5,27,1.36182,-0.234369,-0.0290257,-0.149235,-2.31759,0,0,0
L51490,L,301.4,310,1776,25.6,30,1.45206,-0.124441,2.60404,-2.67326,-2.2364,0,0,0
M19171,M,301.5,310.1,1468,40.8,32,1.61876,0.0889116,-0.664935,0.167202,-2.14438,0,0,0
L51492,L,301.5,310.1,1430,46.5,35,1.61033,0.141157,-1.42287,1.49024,-2.08433,0,0,0
L51493,L,301.4,310.1,1502,46.6,37,1.44706,0.1083,-0.0396575,1.54189,-2.02861,0,0,0
H33728,H,301.4,310.1,1623,32.3,39,1.46403,0.167918,1.67981,-1.74596,-1.96995,0,0,0
M19175,M,301.4,310,1651,29.8,44,1.45562,-0.0677127,1.94417,-2.17872,-1.8038,0,0,0
L51496,L,301.5,310.1,1639,33.4,47,1.60392,0.0957635,1.83446,-1.53433,-1.73408,0,0,0
M19177,M,301.5,310,1417,44.6,49,1.58995,-0.0479678,-1.67614,1.09516,-1.69332,0,0,0
L51498,L,301.5,310.1,1541,42.2,52,1.59411,0.156746,0.610283,0.531986,-1.60345,0,0,0
M19179,M,301.6,310.2,1411,45.1,54,1.71237,0.280142,-1.79245,1.19586,-1.57954,0,0,0
L51500,L,301.7,310.3,1397,44.6,57,1.67568,0.31793,-2.01463,1.08436,-1.43864,0,0,0
L51501,L,301.7,310.2,1686,28.9,59,1.6776,0.25547,2.20658,-2.28634,-1.42594,0,0,0
M19182,M,301.7,310.1,1431,44,61,1.68976,0.0742841,-1.44813,0.976452,-1.29931,0,0,0
L51503,L,301.8,310.3,1341,50.5,64,1.78523,0.267835,-2.752,2.23142,-1.21574,0,1,1
L51504,L,301.7,310.2,1486,43,66,1.69991,0.249542,-0.318565,0.694824,-1.1685,0,0,0
L51505,L,301.6,310.2,1384,57.1,68,1.63826,0.292279,-2.22782,2.87942,-1.16983,0,0,0
L51506,L,301.6,310.1,1362,55.8,70,1.61596,-0.0106578,-2.53112,2.76992,-1.03851,0,1,1
H33741,H,301.7,310.1,1660,29.3,72,1.68693,-0.00697611,2.01891,-2.27197,-1.03053,0,0,0
L51508,L,301.6,310.1,1326,48.2,77,1.64153,0.0395936,-2.85637,1.88063,-0.888652,0,1,1
L51509,L,301.6,310,1566,30.3,79,1.67102,-0.0461714,1.02051,-2.09792,-0.821881,0,0,0
L51510,L,301.5,309.8,1549,38.5,81,1.56525,-0.320941,0.731723,-0.373938,-0.753653,0,0,0
M19191,M,301.6,309.9,1746,31.1,83,1.64929,-0.236542,2.53264,-1.95777,-0.702901,0,0,0
M19192,M,301.7,309.9,1452,41.5,86,1.67854,-0.238177,-0.97282,0.369283,-0.646733,0,0,0
L51513,L,301.6,309.8,1588,33.9,89,1.63746,-0.340936,1.29586,-1.43836,-0.504426,0,0,0
L51514,L,301.6,309.8,1472,42.5,91,1.65126,-0.330294,-0.559736,0.610599,-0.503309,0,0,0
L51515,L,301.7,309.9,1607,37.7,93,1.678,-0.211997,1.55126,-0.636562,-0.445599,0,0,0
H33750,H,301.6,309.9,1423,53.6,95,1.642,-0.251794,-1.55639,2.62855,-0.379697,0,0,0
L51517,L,301.6,309.9,1440,43.4,100,1.61893,-0.228754,-1.24249,0.825264,-0.210445,0,0,0
L51518,L,301.6,309.9,1397,43.7,102,1.62069,-0.227779,-2.03153,0.877307,-0.194506,0,0,0
L51519,L,301.7,309.9,1524,46.6,104,1.71749,-0.239633,0.393211,1.58498,-0.0939358,0,0,0
M19200,M,301.7,309.9,1533,40.9,106,1.68962,-0.230968,0.512921,0.201744,-0.0769039,0,0,0
L51521,L,301.7,309.8,1398,46,109,1.65482,-0.32019,-1.99674,1.43459,0.0707256,0,0,0
M19202,M,301.7,309.8,1284,68.2,111,1.66263,-0.343392,-3.04535,3.14159,0.0920519,0,1,1
L51523,L,301.7,309.8,1491,39.3,114,1.68922,-0.360253,-0.173318,-0.19512,0.200942,0,0,0
H33758,H,301.8,309.9,1418,51.3,116,1.76563,-0.249784,-1.66274,2.3845,0.225083,0,0,0
M19205,M,301.8,309.8,1546,39.8,121,1.7606,-0.311825,0.730436,-0.0628472,0.368623,0,0,0
L51526,L,301.8,309.7,1598,30.4,124,1.74252,-0.383962,1.36644,-2.10456,0.4579,0,0,0
H33761,H,301.9,309.8,1724,27.5,126,1.85883,-0.339862,2.43067,-2.47691,0.528834,0,0,0
L51528,L,301.9,309.8,1507,44.7,131,1.86896,-0.331121,0.0517514,1.11535,0.645724,0,0,0
L51529,L,301.9,309.7,1595,31.4,133,1.85615,-0.362856,1.39266,-1.89583,0.702857,0,0,0
M19210,M,301.9,309.7,1568,37.5,135,1.88431,-0.384361,1.04103,-0.638869,0.809246,0,0,0
L51531,L,301.8,309.6,1432,43.7,138,1.78944,-0.580603,-1.41173,0.869611,0.883827,0,0,0
L51532,L,301.9,309.7,1424,42.8,140,1.89858,-0.372693,-1.56896,0.661347,0.934096,1,0,0
M19213,M,302,309.7,1386,62.7,142,1.89956,-0.377206,-2.19878,3.05602,0.986679,0,1,1
L51534,L,302,309.8,1456,58.1,145,1.94753,-0.30203,-0.918934,2.9102,1.08359,0,0,0
H33769,H,302,309.8,1280,57.3,147,1.95436,-0.326768,-3.02816,2.83915,1.10879,0,1,1
L51536,L,302,309.8,1649,31,152,1.94658,-0.320466,1.95562,-1.97973,1.26663,0,0,0
L51537,L,302,309.9,1407,52.8,154,1.96623,-0.233555,-1.85601,2.58164,1.31043,0,0,0
H33772,H,302,309.9,1606,34.5,156,1.96054,-0.228509,1.46185,-1.31324,1.38772,0,0,0
M19219,M,302.1,310,1531,38,161,1.95149,-0.0299542,0.484136,-0.518148,1.54791,0,0,0
L51540,L,302.1,310.1,1543,35.8,164,1.97697,0.0692025,0.684177,-1.03461,1.62844,0,0,0
M19221,M,302.1,310.1,1379,48.2,166,1.95691,0.0719401,-2.31425,1.86535,1.6772,0,1,1
L51542,L,302.1,310.1,1447,46.6,169,2.0134,0.0183813,-1.09422,1.54038,1.79899,0,0,0
H33777,H,302.1,310.1,1844,24.6,171,1.98754,0.0648607,2.77887,-2.743,1.79578,0,0,0
H33778,H,302.1,310.1,1615,29.9,176,1.97256,0.0508078,1.58046,-2.16948,1.95659,1,0,1
L51545,L,302,310,1449,48.8,181,2.00534,-0.0693564,-1.04504,1.99393,2.11365,0,0,0
L51546,L,302,309.9,1388,51.4,183,1.94273,-0.140989,-2.16121,2.37237,2.15448,0,0,0
H33781,H,302,309.9,1447,42.8,185,1.94502,-0.169365,-1.09643,0.634212,2.1961,0,0,0
L51548,L,302,310,1664,28.6,190,1.92727,-0.00883675,2.0322,-2.36401,2.38106,0,0,0
H33783,H,302,309.9,1735,27.2,192,1.94639,-0.140339,2.4599,-2.50672,2.42357,0,0,0
L51550,L,302,309.9,1308,57.6,197,1.91372,-0.116825,-2.95566,2.87658,2.58962,0,1,1
L51551,L,302,309.8,1480,40,199,1.88658,-0.329884,-0.404373,-0.00210204,2.65157,0,0,0
M19232,M,301.9,309.6,1439,41.7,201,1.9229,-0.589661,-1.27095,0.360446,2.69477,0,0,0
M19233,M,301.9,309.7,1533,35.9,204,1.847,-0.385263,0.509286,-1.02281,2.7995,0,0,0
L51554,L,302,309.7,1551,34.8,207,1.90771,-0.383484,0.808418,-1.26665,2.86443,0,0,0
L51555,L,302,309.7,1414,36.3,209,1.94116,-0.382306,-1.74327,-0.880646,2.85575,0,0,0
M19236,M,301.9,309.6,1551,34.6,211,1.85258,-0.656996,0.756171,-1.30355,2.93075,0,0,0
M19237,M,301.8,309.6,1436,49,214,1.76093,-0.638624,-1.29862,2.0263,3.00531,0,0,0
M19238,M,301.9,309.6,1385,45.8,217,1.86053,-0.639011,-2.17834,1.37909,3.04634,0,0,0
M19239,M,301.8,309.5,1732,30.1,220,1.75304,-0.775301,2.43725,-2.12574,3.06138,0,0,0
L51560,L,301.9,309.6,1410,49,223,1.85534,-0.603285,-1.84132,2.02736,3.06147,0,0,0
L51561,L,301.9,309.6,1446,43.2,225,1.87139,-0.655911,-1.11614,0.768809,3.077,0,0,0
L51562,L,301.8,309.5,1525,39.6,227,1.73948,-0.788653,0.385171,-0.106837,3.13346,0,0,0
L51563,L,301.7,309.5,1298,65.5,229,1.65453,-0.750716,-3.02149,3.10623,3.11585,0,1,1
L51564,L,301.8,309.6,1443,42.7,231,1.77837,-0.610954,-1.18398,0.670802,3.12391,0,0,0
L51565,L,301.8,309.7,1442,45.3,233,1.76382,-0.351365,-1.21091,1.22014,3.14159,0,1,1
L51566,L,301.9,309.7,1719,31.9,0,1.86442,-0.418243,2.408,-1.79088,-3.08828,0,0,0
L51567,L,302,309.8,1532,39.4,2,1.86721,-0.363377,0.50896,-0.185255,-3.06647,0,0,0
L51568,L,302,309.8,1701,27.2,4,1.90256,-0.327844,2.27278,-2.54254,-3.0019,0,0,0
M19249,M,302.1,310,1355,45.1,6,1.973,-0.0763211,-2.59713,1.24409,-2.91483,0,1,1
M19250,M,302.2,310.1,1421,45.4,9,2.13493,0.0515451,-1.62976,1.29804,-2.88515,0,0,0
M19251,M,302.2,310.1,1368,51.6,12,2.14217,0.0857731,-2.45546,2.39223,-2.78605,0,1,1
L51572,L,302.2,310.1,1458,45.1,15,2.09568,0.0911036,-0.867738,1.21829,-2.69224,0,0,0
M19253,M,302.2,310.1,1572,34.6,17,2.10364,0.0750443,1.10571,-1.30139,-2.56931,0,0,0
L51574,L,302.2,310,1483,48.7,20,2.15115,-0.0678504,-0.385738,1.96829,-2.49481,0,0,0
L51575,L,302.3,310.1,1513,40.4,22,2.2268,0.0749435,0.189885,0.0693437,-2.44901,0,0,0
H33810,H,302.3,310.1,1383,42.9,24,2.21589,0.0640785,-2.22792,0.719371,-2.3959,0,0,0
L51577,L,302.4,310.2,1539,37.7,29,2.25389,0.253716,0.575756,-0.575908,-2.25561,0,0,0
M19258,M,302.3,310.1,1563,37.8,31,2.21413,0.137981,0.952094,-0.567766,-2.17725,1,0,1
L51579,L,302.3,310.1,1653,29.7,34,2.21327,0.119748,1.94264,-2.17516,-2.12652,0,0,0
L51580,L,302.3,310.1,1353,50.9,36,2.2143,0.0136821,-2.67958,2.2692,-2.05303,1,1,1
H33815,H,302.2,310,1468,43.6,38,2.14435,-0.0860545,-0.66603,0.820585,-1.99083,0,0,0
H33816,H,302.3,310.2,1506,33.8,43,2.23475,0.238816,0.0386065,-1.41998,-1.87681,0,0,0
L51583,L,302.3,310.1,1388,49.9,48,2.26041,-0.0424366,-2.1629,2.17288,-1.6674,0,0,0
M19264,M,302.4,310.2,1485,45.9,50,2.27351,0.18551,-0.32462,1.37385,-1.67726,0,0,0
L51585,L,302.4,310.2,1331,45.5,53,2.27215,0.190729,-2.82179,1.30732,-1.55282,0,1,1
L51586,L,302.5,310.3,1326,58.5,55,2.36935,0.362135,-2.85867,2.96355,-1.4853,0,1,1
L51587,L,302.3,310.2,1394,55.4,57,2.14268,0.20371,-2.09227,2.77732,-1.45178,0,0,0
L51588,L,302.4,310.1,2009,18.9,59,2.30764,-0.0461227,2.99895,-3.03911,-1.41479,0,0,0
M19269,M,302.4,310.1,1358,54.6,61,2.27247,0.0569589,-2.59759,2.73029,-1.35043,0,1,1
L51590,L,302.5,310.2,1586,32.2,64,2.36982,0.197089,1.29732,-1.74766,-1.21477,0,0,0
L51591,L,302.5,310.3,1688,31.6,66,2.34923,0.349631,2.19498,-1.86459,-1.16475,0,0,0
L51592,L,302.6,310.5,1450,43.2,68,2.46586,0.619836,-1.05115,0.794124,-1.11132,0,0,0
M19273,M,302.7,310.5,1398,47.3,70,2.5043,0.531135,-2.02307,1.68841,-1.04315,1,0,0
L51594,L,302.7,310.5,1520,39.3,73,2.51938,0.577573,0.327462,-0.161372,-0.986692,0,0,0
L51595,L,302.6,310.4,1514,42.7,75,2.4498,0.511482,0.190665,0.64997,-0.946001,0,0,0
M19276,M,302.6,310.4,1532,36.1,77,2.42029,0.497812,0.51879,-0.919317,-0.855933,0,0,0
L51597,L,302.6,310.4,1365,66.8,80,2.46097,0.485639,-2.5178,3.1027,-0.796414,0,1,1
L51598,L,302.6,310.3,1642,33.2,82,2.42873,0.386085,1.88705,-1.57177,-0.705592,0,0,0
M19279,M,302.6,310.2,2676,10.8,84,2.45304,0.189315,3.12907,-3.11877,-0.682642,0,1,1
H33834,H,302.6,310.2,1873,21.3,87,2.44161,0.163621,2.87306,-2.94594,-0.584564,1,0,0
L51601,L,302.6,310.2,1325,62.4,92,2.42521,0.166628,-2.87412,3.04587,-0.472193,1,1,1
M19282,M,302.6,310.2,2157,17.2,94,2.42137,0.173847,3.08488,-3.06244,-0.411445,0,0,0
M19283,M,302.6,310.2,1563,39,97,2.42405,0.149295,0.969633,-0.233199,-0.301245,0,0,0
M19284,M,302.6,310.2,1631,31,100,2.44268,0.165358,1.74825,-1.94272,-0.222905,0,0,0
L51605,L,302.5,310.2,1547,36.9,103,2.3341,0.179059,0.756201,-0.792342,-0.151861,0,0,0
L51606,L,302.6,310.3,1479,40.4,105,2.42557,0.320114,-0.463804,0.0731141,-0.0936893,0,0,0
M19287,M,302.4,310.1,1379,48.9,107,2.33449,0.185829,-2.29682,1.99812,-0.00936623,1,1,1
L51608,L,302.4,310.1,1906,21.2,110,2.30086,0.122553,2.8851,-2.93821,0.0461372,0,0,0
M19289,M,302.3,310.1,1731,33.4,112,2.1346,0.145298,2.41777,-1.49159,0.107086,0,0,0
H33844,H,302.3,310.1,1688,30.4,115,2.15481,0.155988,2.22007,-2.07107,0.197828,1,0,0
H33845,H,302.3,310.2,1443,54.6,120,2.13722,0.161431,-1.19887,2.73622,0.369737,0,0,0
L51612,L,302.4,310.2,1445,46.4,125,2.31168,0.146331,-1.12955,1.51583,0.502579,1,0,0
H33847,H,302.4,310.2,1435,44.9,127,2.27327,0.141548,-1.32678,1.18093,0.587045,1,0,0
L51614,L,302.4,310.1,1556,32.9,132,2.29886,0.0648385,0.880316,-1.6251,0.672635,0,0,0
L51615,L,302.3,310.1,1321,52.7,134,2.12757,0.112709,-2.93672,2.55099,0.795279,1,1,1
M19296,M,302.4,310.1,1577,35.8,136,2.28825,0.0747929,1.15942,-1.06559,0.81712,0,0,0
L51617,L,302.4,310.2,1578,31.2,139,2.30808,0.178871,1.17158,-1.94594,0.908461,1,0,1
L51618,L,302.4,310.1,1418,52.3,141,2.30827,0.0721418,-1.66919,2.47046,0.931172,0,0,0
M19299,M,302.4,310.2,1392,55.8,143,2.27974,0.192912,-2.1357,2.81315,1.00858,0,0,0
L51620,L,302.5,310.3,1446,44,146,2.34474,0.333288,-1.13028,0.951734,1.08195,0,0,0
L51621,L,302.5,310.2,1329,50.6,148,2.37586,0.173291,-2.83804,2.27051,1.17842,0,1,1
L51622,L,302.5,310.2,1563,34.8,150,2.41969,0.158511,0.968544,-1.27505,1.2388,0,0,0
L51623,L,302.5,310.3,1405,57.4,152,2.40866,0.296933,-1.88298,2.91909,1.28679,0,0,0
L51624,L,302.4,310.2,2224,16,154,2.28817,0.173674,3.07373,-3.07102,1.29811,0,0,0
L51625,L,302.5,310.2,1716,29.9,156,2.41122,0.208867,2.38155,-2.14751,1.38092,0,0,0
L51626,L,302.5,310.3,1584,35.5,158,2.41603,0.293634,1.27037,-1.12476,1.43681,1,0,1
M19307,M,302.5,310.3,1488,41.8,160,2.40619,0.333802,-0.302956,0.394163,1.51584,0,0,0
L51628,L,302.4,310.3,1374,51.2,163,2.3069,0.299449,-2.37957,2.3143,1.58361,0,1,1
M19309,M,302.4,310.3,1378,54.3,165,2.2988,0.322758,-2.28746,2.7189,1.65219,0,1,1
L51630,L,302.5,310.3,1551,37.3,168,2.40014,0.292215,0.817936,-0.664083,1.76752,0,0,0
L51631,L,302.5,310.3,1549,40.9,170,2.3839,0.293891,0.745323,0.210963,1.76657,0,0,0
M19312,M,302.5,310.3,1447,39.2,172,2.3895,0.296813,-1.13388,-0.212641,1.86098,0,0,0
L51633,L,302.4,310.2,1400,53.7,175,2.27038,0.203024,-1.99327,2.62833,1.92274,1,0,1
L51634,L,302.4,310.1,1401,48.8,177,2.30287,0.0786125,-1.97949,1.99855,1.99482,0,0,0
H33869,H,302.4,310.1,1597,28.9,179,2.28193,0.094948,1.39648,-2.26678,2.07534,0,0,0
L51636,L,302.3,310.1,1487,46,184,2.15238,0.058486,-0.315928,1.39345,2.17424,0,0,0
M19317,M,302.5,310.3,1710,27.3,186,2.44528,0.31393,2.35152,-2.49113,2.23958,0,0,0
L51638,L,302.6,310.4,1478,47.7,189,2.42608,0.461268,-0.439648,1.7546,2.37126,1,0,0
L51639,L,302.6,310.4,1743,26.3,191,2.487,0.496366,2.5153,-2.60367,2.39409,0,0,0
L51640,L,302.6,310.5,1596,32.8,193,2.45039,0.571247,1.41384,-1.64217,2.46138,0,0,0
L51641,L,302.7,310.5,1642,30.8,195,2.53979,0.694245,1.91115,-2.03946,2.53141,1,0,0
L51642,L,302.7,310.5,1263,67.8,197,2.52583,0.693455,-3.10467,3.11118,2.53339,0,1,1
L51643,L,302.8,310.6,2016,19.9,199,2.50823,0.763651,3.02953,-3.00338,2.57497,1,0,0
L51644,L,302.8,310.6,1671,30.5,201,2.57331,0.7458,2.10934,-2.08935,2.67293,0,0,0
L51645,L,302.8,310.6,1404,43.2,203,2.56655,0.714516,-1.88534,0.733242,2.70947,0,0,0
L51646,L,302.8,310.6,1470,41.1,205,2.51019,0.740819,-0.622987,0.249205,2.75996,0,0,0
L51647,L,302.8,310.6,1617,37.9,207,2.58094,0.69085,1.59963,-0.569152,2.80171,0,0,0
L51648,L,302.7,310.5,1725,29,209,2.51964,0.633021,2.44024,-2.27606,2.88921,0,0,0
L51649,L,302.7,310.5,1446,40.9,211,2.52758,0.652445,-1.15248,0.213266,2.91038,0,1,1
L51650,L,302.7,310.6,1564,34.3,0,2.5293,0.755535,0.971268,-1.3902,-3.06042,1,0,0
L51651,L,302.8,310.6,1670,29.1,2,2.54258,0.732501,2.06735,-2.29118,-3.05294,0,0,0
L51652,L,302.7,310.6,1501,48.7,4,2.4755,0.773804,-0.0173618,1.98773,-2.97968,0,0,0
L51653,L,302.7,310.5,1551,35.9,6,2.53895,0.638665,0.780845,-1.04801,-2.92045,0,0,0
L51654,L,302.7,310.5,1563,35,8,2.56352,0.639666,0.969873,-1.19616,-2.87539,0,0,0
L51655,L,302.7,310.5,1351,41.8,10,2.56948,0.615074,-2.69427,0.414792,-2.80861,0,1,1
L51656,L,302.6,310.4,1415,52.1,12,2.43068,0.495784,-1.70985,2.39131,-2.70979,0,0,0
L51657,L,302.6,310.3,1647,34.2,14,2.46018,0.377045,1.88321,-1.41642,-2.6214,1,0,0
L51658,L,302.5,310.2,1477,41.6,16,2.40518,0.208582,-0.510061,0.372601,-2.61091,0,0,0
L51659,L,302.6,310.2,1923,21.5,18,2.43481,0.189081,2.91095,-2.92801,-2.55591,0,0,0
H33894,H,302.7,310.4,1305,55.2,20,2.53946,0.519991,-2.99453,2.76143,-2.50435,1,1,1
M19341,M,302.6,310.4,1544,35.1,25,2.44928,0.508062,0.624756,-1.23323,-2.39755,1,0,0
H33896,H,302.7,310.5,1568,36.9,28,2.57668,0.667948,1.02604,-0.762126,-2.32142,0,0,0
L51663,L,302.7,310.4,1489,42.7,33,2.53748,0.522991,-0.244746,0.689674,-2.13781,0,0,0
M19344,M,302.6,310.4,1451,43.1,35,2.48804,0.49576,-0.990294,0.73509,-2.05424,0,0,0
L51665,L,302.7,310.4,1542,35.7,38,2.57146,0.495567,0.650925,-1.06471,-1.99111,0,0,0
M19346,M,302.6,310.5,1965,20.2,40,2.44642,0.658619,2.97799,-2.98111,-1.9274,1,0,0
L51667,L,302.5,310.5,1436,36.5,43,2.39476,0.619701,-1.33714,-0.893272,-1.83803,1,0,1
M19348,M,302.5,310.4,1509,37.6,45,2.41577,0.466075,0.0952597,-0.587245,-1.76172,0,0,0
L51669,L,302.5,310.4,1487,40.2,48,2.42123,0.538873,-0.310405,0.0493505,-1.71295,0,0,0
L51670,L,302.5,310.4,1967,20.3,50,2.4488,0.505554,2.97406,-2.97396,-1.65647,1,0,0
H33905,H,302.6,310.4,1409,53.3,52,2.45613,0.451181,-1.84248,2.56765,-1.57668,1,0,1
M19352,M,302.6,310.5,1420,56.4,57,2.48407,0.648468,-1.65304,2.82168,-1.4367,1,0,1
L51673,L,302.7,310.5,1511,37.7,60,2.53702,0.638387,0.127294,-0.558898,-1.36523,1,0,0
H33908,H,302.6,310.4,1649,30.1,62,2.47283,0.46708,1.92559,-2.15522,-1.29806,0,0,0
L51675,L,302.6,310.4,1359,57.2,67,2.43913,0.478037,-2.54664,2.85611,-1.14023,0,1,1
M19356,M,302.5,310.4,1605,36,69,2.41096,0.49676,1.49851,-1.00576,-1.10782,1,0,0
L51677,L,302.5,310.3,1523,36,72,2.42024,0.330203,0.347686,-0.997865,-0.996247,0,0,0
H33912,H,302.6,310.4,1614,36,74,2.46819,0.451906,1.6289,-0.977716,-0.941171,0,0,0
H33913,H,302.6,310.3,1721,27.4,79,2.44405,0.32073,2.42216,-2.44112,-0.832933,0,0,0
L51680,L,302.6,310.4,1638,36.2,84,2.41135,0.472656,1.83256,-0.907798,-0.705267,0,0,0
L51681,L,302.5,310.2,1307,54,86,2.3989,0.143844,-2.95644,2.68668,-0.613494,0,1,1
L51682,L,302.4,310.2,1642,28.3,88,2.31827,0.153649,1.8663,-2.43333,-0.568662,0,0,0
M19363,M,302.5,310.2,1751,30.5,90,2.38607,0.161058,2.5385,-2.08365,-0.510907,0,0,0
L51684,L,302.4,310.1,1645,31.6,93,2.28164,0.0451534,1.889,-1.87861,-0.404354,0,0,0
L51685,L,302.4,310.1,1426,46.8,95,2.25103,0.0570635,-1.54026,1.57313,-0.367856,0,0,0
M19366,M,302.4,310.1,1520,36.6,97,2.23598,0.0502021,0.273688,-0.843555,-0.339202,0,0,0
L51687,L,302.4,310.1,1709,31.8,100,2.27953,0.0358518,2.37125,-1.77847,-0.250224,0,0,0
L51688,L,302.4,310,1426,46.6,102,2.27328,-0.0839895,-1.52875,1.54853,-0.172307,0,0,0
L51689,L,302.4,310.1,1429,43.7,104,2.31836,0.0436844,-1.43389,0.860595,-0.0928954,0,0,0
L51690,L,302.4,310.2,1346,62.4,106,2.2363,0.15706,-2.77283,3.06557,-0.0578212,1,1,1
L51691,L,302.5,310.2,1454,43,108,2.4005,0.139705,-0.962149,0.698958,-0.0037042,0,0,0
M19372,M,302.5,310.3,1411,49.5,110,2.40534,0.354841,-1.80641,2.08011,0.0781984,0,0,0
L51693,L,302.4,310.3,1900,24.4,113,2.25354,0.365348,2.92492,-2.74624,0.137426,0,0,0
L51694,L,302.4,310.3,1479,36.2,115,2.27645,0.367764,-0.421856,-0.950481,0.228976,0,0,0
L51695,L,302.5,310.4,1415,48.2,117,2.37937,0.463701,-1.72051,1.88754,0.27278,0,0,0
L51696,L,302.5,310.3,1539,39,119,2.37316,0.339727,0.576304,-0.228403,0.296205,0,0,0
L51697,L,302.4,310.3,1520,31.6,121,2.2934,0.345272,0.301126,-1.87131,0.3747,0,0,0
L51698,L,302.4,310.3,1480,45.8,123,2.27525,0.331605,-0.434706,1.37686,0.437118,0,0,0
L51699,L,302.4,310.4,1666,29.7,125,2.2794,0.487545,2.05314,-2.17269,0.499225,0,0,0
L51700,L,302.4,310.4,1456,47.6,127,2.25875,0.482898,-0.872738,1.72945,0.51816,1,0,0
L51701,L,302.4,310.4,1865,23.9,129,2.28472,0.493999,2.79745,-2.79081,0.617118,0,0,0
M19382,M,302.5,310.5,1918,21.6,131,2.34572,0.664257,2.92254,-2.91529,0.701679,0,0,0
L51703,L,302.5,310.4,1488,48.4,134,2.37314,0.493465,-0.242869,1.86086,0.74606,1,0,0
M19384,M,302.5,310.5,1527,38.8,136,2.41242,0.63539,0.375724,-0.309111,0.801999,1,0,1
M19385,M,302.4,310.4,1463,42.2,139,2.24306,0.479859,-0.743901,0.526439,0.897408,1,0,1
L51706,L,302.4,310.4,1521,38.5,142,2.23337,0.46937,0.270379,-0.414131,0.97322,0,0,0
M19387,M,302.4,310.5,1372,45.7,144,2.26956,0.650853,-2.4101,1.3008,1.002,0,1,1
L51708,L,302.5,310.5,1507,39.5,147,2.37245,0.640011,0.0549438,-0.0993415,1.1476,1,0,1
M19389,M,302.4,310.4,1586,34.3,149,2.23852,0.463094,1.25968,-1.36748,1.17973,0,0,0
L51710,L,302.5,310.4,1487,42,152,2.35629,0.505441,-0.29795,0.479119,1.28018,0,0,0
L51711,L,302.5,310.5,1520,41.2,154,2.41958,0.627438,0.258927,0.263878,1.31625,0,0,0
H33946,H,302.5,310.4,1422,41.9,156,2.38321,0.431946,-1.56246,0.426879,1.37186,0,0,0
M19393,M,302.4,310.3,1375,52.5,161,2.24543,0.357273,-2.3874,2.52176,1.4785,0,1,1
L51714,L,302.4,310.2,1633,28,164,2.28285,0.260763,1.73661,-2.42742,1.6094,0,0,0
L51715,L,302.4,310.2,1503,36.2,166,2.26775,0.233158,-0.00579597,-0.933018,1.63551,0,0,0
L51716,L,302.4,310.2,1351,45.1,168,2.2718,0.197138,-2.66058,1.19427,1.71128,0,1,1
L51717,L,302.3,310.2,1548,35.3,170,2.18953,0.204622,0.759426,-1.12699,1.76536,0,0,0
L51718,L,302.4,310.3,1923,23.3,172,2.21914,0.386488,2.92819,-2.8116,1.84674,0,0,0
L51719,L,302.5,310.3,1592,32.6,174,2.43198,0.369138,1.3349,-1.62569,1.91593,1,0,1
M19400,M,302.5,310.4,1580,35.6,176,2.39967,0.483479,1.21609,-1.13065,1.94065,1,0,1
L51721,L,302.5,310.4,1427,46.8,179,2.43909,0.511509,-1.47166,1.56488,2.04814,0,0,0
M19402,M,302.5,310.4,1581,32.7,181,2.41908,0.483332,1.22931,-1.69353,2.10633,0,0,0
M19403,M,302.6,310.5,1542,39.9,184,2.42353,0.605213,0.642509,-0.0227814,2.2211,1,0,1
L51724,L,302.5,310.4,1349,55.1,187,2.45557,0.445973,-2.68106,2.80803,2.28551,0,1,1
L51725,L,302.5,310.5,1463,43,189,2.41105,0.634156,-0.774176,0.710783,2.3445,0,0,0
M19406,M,302.5,310.4,1429,43.2,191,2.4344,0.476674,-1.47181,0.73847,2.39749,0,0,0
M19407,M,302.5,310.4,1451,53.6,194,2.43857,0.482661,-1.01374,2.59484,2.50538,0,0,0
L51728,L,302.6,310.5,1511,37.2,197,2.40825,0.637756,0.141112,-0.687981,2.58726,0,0,0
L51729,L,302.6,310.6,1549,37.5,199,2.4901,0.708533,0.714706,-0.653536,2.59342,1,0,1
M19410,M,302.5,310.5,1507,40.2,201,2.41377,0.664726,0.0852362,0.0351239,2.70224,0,0,0
M19411,M,302.6,310.5,1524,33.7,204,2.4267,0.642732,0.367754,-1.51097,2.77812,0,0,0
M19412,M,302.7,310.5,1880,22.7,207,2.56858,0.619734,2.86395,-2.85631,2.83113,1,0,1
L51733,L,302.6,310.5,1461,45.4,0,2.42684,0.65443,-0.807454,1.26744,-3.06572,1,0,0
L51734,L,302.6,310.5,1748,28.2,2,2.45256,0.658949,2.50625,-2.42738,-3.03064,0,0,0
L51735,L,302.7,310.6,1690,26.7,4,2.5015,0.769942,2.22338,-2.5385,-2.99923,0,0,0
M19416,M,302.7,310.6,1349,51.2,6,2.50753,0.777114,-2.66068,2.31078,-2.96477,0,1,1
L51737,L,302.7,310.6,1686,26.3,9,2.552,0.779497,2.18536,-2.60936,-2.84754,0,0,0
L51738,L,302.7,310.7,1369,47.5,11,2.50749,1.06397,-2.41317,1.72848,-2.77427,0,1,1
L51739,L,302.7,310.7,1433,43.7,13,2.52935,1.06357,-1.3744,0.867933,-2.70713,1,0,1
L51740,L,302.7,310.7,1597,41.9,15,2.52325,1.05576,1.40622,0.436216,-2.64424,0,0,0
L51741,L,302.9,310.8,1610,32.2,17,2.56628,1.15662,1.52063,-1.7356,-2.61907,1,0,1
L51742,L,302.7,310.7,1398,57.7,19,2.53756,1.06928,-1.99602,2.91017,-2.53685,1,0,0
L51743,L,302.7,310.7,1977,20,21,2.53581,1.03675,2.96773,-3.00271,-2.49579,1,0,0
L51744,L,302.8,310.8,1516,39.5,23,2.57513,1.13348,0.206585,-0.106946,-2.44733,0,0,0
H33979,H,302.7,310.8,1275,55,25,2.54008,1.1133,-3.08317,2.76436,-2.32282,1,1,1
L51746,L,302.8,310.8,1402,50.5,30,2.58179,1.11322,-1.95118,2.28619,-2.20901,1,0,1
M19427,M,302.8,310.8,1451,44.7,32,2.60478,1.11519,-1.03898,1.12165,-2.21298,1,0,1
M19428,M,302.7,310.8,1555,36.1,35,2.51443,1.14461,0.834579,-0.965724,-2.11556,0,0,0
L51749,L,302.8,310.9,1636,35,38,2.5935,1.32453,1.8091,-1.2212,-2.02354,0,0,0
L51750,L,302.8,310.9,1312,52.2,40,2.56673,1.32323,-2.93434,2.46287,-1.95562,1,1,1
L51751,L,302.8,310.9,1708,29.8,42,2.58247,1.33974,2.33277,-2.17851,-1.87519,1,0,1
M19432,M,302.9,311,1556,36.5,44,2.58317,1.50388,0.825989,-0.876316,-1.81346,1,0,1
H33987,H,302.8,311,1436,43.5,47,2.59615,1.52689,-1.32734,0.846161,-1.74883,1,0,1
M19434,M,302.9,311,1402,40.7,52,2.58279,1.47772,-1.936,0.165783,-1.603,1,0,0
M19435,M,302.9,311,1437,49.9,55,2.66153,1.45816,-1.27694,2.14012,-1.45684,0,0,0
M19436,M,302.9,311.1,1926,21.8,58,2.55447,1.61685,2.92764,-2.89878,-1.42325,1,0,1
L51757,L,303,311.2,1800,23.7,61,2.6182,1.82492,2.69458,-2.81281,-1.3487,1,0,0
L51758,L,303,311.2,1641,32.6,63,2.63043,1.79729,1.81713,-1.67653,-1.28862,1,0,1
L51759,L,303,311.2,1374,48.2,65,2.6445,1.80195,-2.40521,1.90081,-1.21617,1,1,1
L51760,L,303,311.2,1494,37,67,2.61488,1.77559,-0.184988,-0.742481,-1.13888,0,0,0
L51761,L,303,311.2,1601,32.9,69,2.61802,1.78234,1.44811,-1.63132,-1.10484,1,0,1
L51762,L,302.9,311.2,1634,36.9,71,2.61031,1.7926,1.82443,-0.762635,-1.06827,1,0,0
M19443,M,302.9,311.2,1467,37.7,73,2.63707,1.85485,-0.674051,-0.562361,-0.999836,1,0,0
L51764,L,302.8,311.1,1550,32.3,76,2.58247,1.62309,0.797074,-1.76477,-0.944575,1,0,1
L51765,L,302.8,311.1,1563,32.2,78,2.58256,1.62664,0.9209,-1.77011,-0.857321,1,0,1
L51766,L,302.7,310.9,1395,48.3,80,2.50359,1.37943,-2.0295,1.85232,-0.798395,1,0,1
M19447,M,302.8,311,1507,33.4,82,2.57596,1.47192,0.0774547,-1.54121,-0.718706,1,0,1
L51768,L,302.8,311,1564,38.5,85,2.58907,1.43917,0.949802,-0.386121,-0.646993,1,0,1
L51769,L,302.8,311.1,1721,30,87,2.59644,1.60837,2.39367,-2.18181,-0.599204,0,0,0
L51770,L,302.8,311.1,1456,36.1,89,2.58012,1.60862,-0.89943,-0.969026,-0.560994,1,0,0
H34005,H,302.9,311.2,2102,17.8,91,2.61404,1.78917,3.04869,-3.03464,-0.494099,0,0,0
L51772,L,302.9,311.1,1555,33.9,96,2.59806,1.60423,0.823988,-1.44821,-0.362424,1,0,0
L51773,L,303,311.2,1409,41.9,98,2.6372,1.81765,-1.85325,0.433629,-0.263488,1,0,0
M19454,M,303,311.2,1387,41.4,100,2.67038,1.81785,-2.19148,0.301503,-0.231185,1,0,1
M19455,M,303,311.2,1460,43.9,103,2.64619,1.84078,-0.787156,0.89538,-0.103711,1,0,1
L51776,L,303,311.2,1361,47.6,106,2.64562,1.85512,-2.54674,1.76264,-0.0686219,1,1,1
M19457,M,303,311.1,1490,43,108,2.61765,1.62705,-0.24719,0.71581,0.0250868,0,0,0
L51778,L,303.1,311.2,1399,49.2,111,2.69353,1.83969,-1.96671,2.0053,0.125009,1,0,1
L51779,L,303.1,311.1,1420,55.8,113,2.66231,1.62314,-1.64083,2.78973,0.156004,1,0,1
L51780,L,303,311,1359,44.2,115,2.61904,1.44822,-2.53566,0.957151,0.160395,1,1,1
M19461,M,303,311.1,1372,54.3,117,2.65871,1.61376,-2.39126,2.69551,0.244531,1,1,1
M19462,M,303,311,1409,41.7,120,2.65431,1.44592,-1.83781,0.394435,0.344827,0,0,0
H34017,H,302.9,311,1452,58.3,123,2.58432,1.42767,-0.953829,2.97147,0.451625,0,0,0
L51784,L,302.9,311,1820,24.6,128,2.5914,1.45088,2.71257,-2.74109,0.597721,1,0,0
H34019,H,302.9,311,1469,48.7,130,2.60137,1.46138,-0.712237,1.96112,0.620552,1,0,0
L51786,L,302.9,311.1,1556,45.3,135,2.58844,1.64433,0.875533,1.25044,0.813216,1,0,0
L51787,L,303,311.1,1980,20.2,137,2.59664,1.66167,3.00912,-2.97806,0.825755,0,0,0
M19468,M,303,311.2,1519,38,139,2.63744,1.71741,0.289939,-0.503984,0.902914,0,0,0
L51789,L,303,311.2,1456,44,142,2.61684,1.85467,-0.888027,0.928265,0.950546,1,0,1
L51790,L,303.1,311.2,1394,45.3,144,2.66701,1.83677,-2.02718,1.27319,1.0384,0,0,0
L51791,L,303,311.3,1365,56.2,146,2.63601,1.81751,-2.48289,2.81279,1.12351,1,1,1
L51792,L,303,311.3,2194,16.5,148,2.65159,1.87689,3.05924,-3.06332,1.14206,1,0,0
L51793,L,303.1,311.3,1403,55.6,150,2.64986,1.87668,-1.92224,2.79413,1.23916,1,0,0
H34028,H,303,311.2,1503,37,152,2.67065,1.86845,-0.011173,-0.727621,1.22005,1,0,0
L51795,L,303,311.3,1793,29.3,157,2.69183,1.85581,2.69287,-2.24756,1.41352,1,0,1
L51796,L,303.1,311.4,1829,24.5,159,2.68506,2.02759,2.74589,-2.80339,1.47043,1,0,0
M19477,M,303.1,311.4,1831,23.3,161,2.67381,2.03595,2.78441,-2.83078,1.52619,1,0,0
M19478,M,303,311.3,1335,53.6,164,2.60951,1.87022,-2.8097,2.63197,1.60769,1,1,1
H34033,H,303.1,311.3,2056,19.7,167,2.66501,1.87441,3.06654,-3.028,1.71885,0,0,0
L51800,L,303.1,311.3,1336,52.6,172,2.66607,1.82704,-2.77815,2.55907,1.84609,1,1,1
L51801,L,303,311.2,1341,51,174,2.62668,1.78798,-2.76686,2.37148,1.89965,1,1,1
M19482,M,303,311.1,1526,37.3,176,2.60116,1.71407,0.413473,-0.68933,1.95225,1,0,1
L51803,L,303,311.1,1525,40.7,179,2.64795,1.73152,0.37245,0.147272,2.07804,0,0,0
M19484,M,303,311.1,1428,39.8,181,2.63724,1.67401,-1.47828,-0.0596947,2.10635,1,0,1
L51805,L,303,311.2,1511,45.7,184,2.64314,1.82002,0.178553,1.29771,2.16241,1,0,0
L51806,L,303,311.2,1664,29.8,186,2.63273,1.78484,2.05084,-2.18458,2.25125,1,0,0
M19487,M,303,311.2,1592,38.9,188,2.66095,1.76277,1.30552,-0.272625,2.30814,0,0,0
M19488,M,303,311.1,1597,36.7,191,2.65646,1.68985,1.41285,-0.819727,2.34935,0,0,0
L51809,L,303,311.2,1735,26.1,194,2.64557,1.80339,2.47254,-2.61026,2.46168,1,0,0
L51810,L,302.9,311.2,1751,23.8,196,2.61167,1.83122,2.52545,-2.81415,2.55992,1,0,0
L51811,L,303,311.2,1383,44.6,198,2.65601,1.79173,-2.25585,1.12652,2.59472,1,0,0
M19492,M,302.9,311.2,1330,53.7,200,2.63866,1.82427,-2.84229,2.652,2.6488,1,1,1
L51813,L,303,311.2,1382,50.5,203,2.66799,1.80795,-2.26494,2.24113,2.73156,1,0,1
L51814,L,303,311.2,1755,30.4,205,2.6153,1.78864,2.56092,-2.07041,2.80039,1,0,1
M19495,M,303,311.2,1614,35.7,207,2.64604,1.70588,1.58106,-1.04601,2.81747,1,0,1
L51816,L,303,311.3,1466,43,210,2.65787,1.88302,-0.702979,0.711257,2.9125,1,0,1
M19497,M,303.1,311.3,1847,24.7,212,2.67479,1.90566,2.77863,-2.74994,2.95679,1,0,0
L51818,L,303.1,311.3,1474,34.8,215,2.66403,1.88189,-0.555045,-1.2767,2.95957,1,0,1
L51819,L,303.1,311.3,1657,31.8,217,2.6694,1.87544,1.95829,-1.83675,3.02224,1,0,1
L51820,L,303.1,311.2,1435,40.1,219,2.71273,1.71868,-1.29305,-0.00368253,3.05318,1,0,1
H34055,H,303.1,311.3,1494,42.7,221,2.66564,1.92159,-0.157071,0.625941,3.02958,0,0,0
L51822,L,303.2,311.4,1238,54.6,226,2.72435,1.98047,-3.13445,2.75497,3.10405,1,1,1
L51823,L,303.2,311.4,1324,54.2,228,2.70576,2.0211,-2.88558,2.67906,3.11364,1,1,1
L51824,L,303.2,311.4,1514,41.2,230,2.70024,2.01137,0.212114,0.295172,3.12205,1,0,1
L51825,L,303.3,311.4,1732,25.6,232,2.73433,2.0514,2.48136,-2.66276,3.09842,1,0,1
L51826,L,303.3,311.4,1497,46,234,2.75274,2.016,-0.0864545,1.40479,3.14159,1,1,1
L51827,L,303.3,311.4,1958,21.5,0,2.70863,2.01658,2.92962,-2.89848,-3.08748,1,0,0
L51828,L,303.3,311.4,1630,32.5,2,2.68996,2.03799,1.7813,-1.66713,-3.06373,1,0,0
M19509,M,303.3,311.4,1395,59.1,4,2.72273,2.03828,-2.05157,2.97248,-3.00408,1,0,1
L51830,L,303.3,311.4,1658,30.5,7,2.72625,2.0389,1.98319,-2.06662,-2.87902,1,0,0
L51831,L,303.2,311.4,1349,51.1,9,2.70436,2.01582,-2.71779,2.35286,-2.85029,1,1,1
L51832,L,303.1,311.2,1452,52.9,11,2.67544,1.69712,-0.970988,2.54094,-2.7888,1,0,1
M19513,M,303.1,311.1,1594,35.5,13,2.70521,1.7383,1.35701,-1.12653,-2.74417,1,0,1
M19514,M,303.1,311,1510,47.6,16,2.66878,1.43545,0.128112,1.74741,-2.63279,0,0,0
L51835,L,303.1,311.1,1854,22.6,19,2.67403,1.69474,2.78831,-2.82149,-2.49954,1,0,0
L51836,L,303.1,311.2,1626,32.3,21,2.69018,1.68366,1.70523,-1.76561,-2.5077,1,0,1
L51837,L,303.1,311.2,1628,35.2,23,2.64606,1.70592,1.72772,-1.18296,-2.44919,1,0,1
L51838,L,303.1,311.2,1679,34.8,25,2.69905,1.6986,2.11151,-1.28055,-2.34413,1,0,1
M19519,M,303.1,311.2,1489,44.5,27,2.7109,1.69242,-0.269064,1.07275,-2.27978,1,0,1
L51840,L,303.2,311.2,1439,43.9,30,2.69321,1.71969,-1.25393,0.899356,-2.20889,1,0,1
L51841,L,303.3,311.3,1350,48.1,32,2.73109,1.93513,-2.67837,1.8261,-2.19006,1,1,1
H34076,H,303.3,311.2,1607,31.7,34,2.7396,1.68578,1.54492,-1.79331,-2.15474,1,0,1
L51843,L,303.3,311.3,1389,53.9,39,2.75164,1.90889,-2.14082,2.66065,-1.96603,1,0,0
M19524,M,303.3,311.3,1566,46.1,41,2.75195,1.9275,1.03806,1.44073,-1.94534,1,0,1
M19525,M,303.4,311.4,1307,54,44,2.75817,1.98989,-2.98823,2.64002,-1.7774,1,1,1
M19526,M,303.3,311.5,1569,36.6,47,2.73429,2.10237,1.03442,-0.823454,-1.754,1,0,1
H34081,H,303.3,311.4,1651,30.6,50,2.75783,2.08406,1.9302,-2.0555,-1.63154,1,0,0
H34082,H,303.3,311.4,1692,27.9,55,2.75819,1.98045,2.25873,-2.44198,-1.51268,1,0,0
M19529,M,303.3,311.5,1373,47.3,60,2.7377,2.03686,-2.37362,1.68927,-1.37569,1,1,1
L51850,L,303.2,311.4,1610,35.5,63,2.69126,2.05623,1.56433,-1.11733,-1.30062,1,0,1
L51851,L,303.3,311.4,1511,43.4,65,2.74661,2.04777,0.130892,0.80943,-1.22098,1,0,1
L51852,L,303.3,311.5,1412,55.6,67,2.752,2.0574,-1.80065,2.78919,-1.14978,1,0,1
L51853,L,303.4,311.5,1501,36.2,69,2.79035,2.08086,-0.0100584,-0.917094,-1.07294,1,0,0
L51854,L,303.4,311.5,1414,44.8,71,2.82054,2.09614,-1.75287,1.12986,-1.02362,1,0,1
H34089,H,303.5,311.5,1629,33.5,73,2.86773,2.11178,1.79441,-1.50249,-1.00192,1,0,1
L51856,L,303.4,311.5,1879,21.3,78,2.78181,2.09322,2.86454,-2.92983,-0.865199,1,0,0
H34091,H,303.5,311.6,1466,47,80,2.82178,2.16758,-0.697446,1.64094,-0.777778,1,0,0
H34092,H,303.6,311.7,1476,40.1,85,2.87484,2.32063,-0.511341,0.0134592,-0.652833,1,0,1
L51859,L,303.6,311.8,1695,30.7,90,2.83857,2.36121,2.27058,-2.05453,-0.504391,1,0,1
L51860,L,303.6,311.7,1491,39.8,92,2.8418,2.32128,-0.23592,-0.0504795,-0.469575,1,0,1
M19541,M,303.6,311.8,1659,34.7,94,2.84369,2.40739,2.02363,-1.29149,-0.36953,1,0,1
L51862,L,303.6,311.8,1567,31.7,97,2.86346,2.42628,0.998926,-1.83291,-0.302898,1,0,1
L51863,L,303.6,311.8,1736,32.9,99,2.86787,2.40245,2.46624,-1.67347,-0.259991,1,0,0
M19544,M,303.6,311.8,1421,44.8,101,2.89301,2.41895,-1.60348,1.15895,-0.155873,1,1,1
M19545,M,303.6,311.8,1627,30.8,104,2.84411,2.38555,1.70147,-2.03032,-0.108301,1,0,0
M19546,M,303.5,311.6,1562,34.2,107,2.83086,2.15868,0.936739,-1.35743,-0.00174335,1,0,0
L51867,L,303.5,311.6,2183,17,110,2.79882,2.19687,3.07301,-3.08112,0.0725761,1,0,1
L51868,L,303.5,311.6,1577,38.1,112,2.79641,2.16146,1.13725,-0.498453,0.139329,1,0,1
M19549,M,303.4,311.5,1560,36.4,114,2.80026,2.117,0.908859,-0.898883,0.153887,1,0,1
M19550,M,303.4,311.5,1483,43,117,2.76858,2.09075,-0.375121,0.746742,0.280639,1,0,1
L51871,L,303.5,311.5,1535,33.3,120,2.80063,2.07362,0.504521,-1.51521,0.36723,1,0,0
M19552,M,303.4,311.4,1606,29.6,122,2.86606,1.9764,1.50087,-2.2297,0.375407,1,0,0
M19553,M,303.4,311.5,1817,24.7,125,2.77912,2.08495,2.69662,-2.71609,0.502603,1,0,0
L51874,L,303.4,311.5,1424,50.8,128,2.76599,2.07986,-1.58354,2.30857,0.558522,1,0,1
L51875,L,303.3,311.6,1514,34.7,130,2.69502,2.14879,0.170706,-1.31054,0.670221,1,0,0
L51876,L,303.4,311.6,1449,41.7,132,2.79989,2.16274,-1.06324,0.385552,0.695872,1,0,1
M19557,M,303.5,311.6,1573,34,134,2.77991,2.21346,1.12418,-1.38222,0.699195,1,0,1
L51878,L,303.4,311.6,1564,41.9,137,2.74682,2.20031,0.989652,0.435431,0.820755,1,0,1
L51879,L,303.5,311.6,1428,46.2,139,2.80737,2.175,-1.45373,1.46103,0.9188,1,0,0
L51880,L,303.5,311.7,1620,31,141,2.76164,2.3275,1.69091,-1.93093,0.973844,1,0,1
H34115,H,303.5,311.7,1584,32.7,143,2.82465,2.30514,1.28621,-1.63471,1.02533,1,0,1
L51882,L,303.6,311.8,1222,66.8,148,2.88067,2.41001,-3.12943,3.10799,1.15143,1,1,1
M19563,M,303.6,311.8,1432,42.5,150,2.86751,2.3868,-1.41402,0.59023,1.23463,1,0,0
L51884,L,303.7,311.9,1561,33.3,153,2.97878,2.50516,0.97247,-1.54268,1.31606,1,0,0
L51885,L,303.6,311.8,1614,33.2,155,2.8574,2.3988,1.60403,-1.56135,1.33454,1,0,0
L51886,L,303.5,311.7,1959,22.3,157,2.82229,2.3618,2.97377,-2.86617,1.44012,0,0,0
L51887,L,303.5,311.8,1944,23.5,159,2.84307,2.40055,2.90257,-2.82972,1.41342,1,0,1
L51888,L,303.4,311.7,1793,25.8,161,2.7787,2.31062,2.66775,-2.65946,1.54324,1,0,1
M19569,M,303.4,311.6,1446,50,163,2.77244,2.22923,-1.07699,2.14261,1.54834,1,0,0
L51890,L,303.4,311.7,1673,32.2,166,2.81944,2.35984,2.10921,-1.76238,1.6637,1,0,0
M19571,M,303.4,311.7,1515,44.2,168,2.77735,2.3631,0.200051,0.987646,1.72895,1,0,0
L51892,L,303.4,311.8,1564,35.9,171,2.76792,2.42075,0.953284,-1.02376,1.82704,1,0,1
L51893,L,303.5,311.8,1451,45.2,173,2.83217,2.42877,-1.0065,1.23824,1.82216,1,0,1
H34128,H,303.4,311.8,1693,28.3,175,2.79474,2.41006,2.212,-2.38261,1.94189,1,0,0
L51895,L,303.4,311.7,1476,42.3,180,2.76847,2.3191,-0.546763,0.538297,2.08094,1,0,1
L51896,L,303.4,311.6,1712,30.1,182,2.77785,2.30438,2.36759,-2.13005,2.10367,1,0,0
M19577,M,303.4,311.6,1425,45.4,184,2.78574,2.28178,-1.55299,1.30304,2.18203,1,0,1
L51898,L,303.3,311.6,1337,56.8,187,2.7209,2.26002,-2.78701,2.79845,2.29165,1,1,1
M19579,M,303.4,311.7,1690,34.9,189,2.73674,2.36534,2.20809,-1.2542,2.37255,1,0,1
M19580,M,303.4,311.7,1353,44.1,192,2.76191,2.33461,-2.65482,0.977486,2.43525,1,1,1
L51901,L,303.5,311.8,1927,21.9,195,2.8619,2.35493,2.92317,-2.90045,2.53423,1,0,0
M19582,M,303.4,311.8,1391,42.7,197,2.77968,2.4086,-2.08318,0.648818,2.62038,1,0,0
L51903,L,303.4,311.8,1366,50.9,200,2.76848,2.39203,-2.47125,2.27829,2.6575,1,1,1
L51904,L,303.4,311.9,1771,31.6,202,2.77088,2.50552,2.57404,-1.87266,2.71682,1,0,1
M19585,M,303.4,311.8,1515,42.6,204,2.80352,2.38638,0.190719,0.616157,2.74433,1,0,0
M19586,M,303.4,311.8,2133,18.3,207,2.79702,2.43124,3.07158,-3.07861,2.85983,1,0,0
M19587,M,303.4,311.8,1341,47,210,2.8109,2.37877,-2.76376,1.65665,2.9149,1,1,1
L51908,L,303.4,311.7,1406,47.1,213,2.78643,2.35811,-1.85833,1.69482,2.9862,1,0,1
L51909,L,303.4,311.8,1306,61,215,2.78362,2.406,-2.98706,3.0545,2.9753,1,1,1
L51910,L,303.3,311.7,1508,35.5,217,2.74008,2.32329,0.0581028,-1.09134,3.02436,1,0,0
L51911,L,303.3,311.6,1301,45.1,219,2.72866,2.26238,-3.00275,1.1865,3.07414,1,1,1
L51912,L,303.3,311.7,1539,38.5,221,2.75119,2.3363,0.603963,-0.381318,3.08124,1,0,1
L51913,L,303.3,311.6,1484,44.6,223,2.72895,2.24711,-0.354655,1.09959,3.08408,1,0,0
L51914,L,303.2,311.5,1507,39.2,225,2.68836,2.10838,0.0833298,-0.203884,3.07743,0,0,0
L51915,L,303.2,311.5,1544,42.5,227,2.71372,2.0817,0.68247,0.569576,3.09191,1,0,0
L51916,L,303.2,311.5,1513,37.9,0,2.68813,2.09112,0.183928,-0.500977,-3.07385,1,0,0
M19597,M,303.2,311.5,1336,58.2,2,2.70068,2.07884,-2.80357,2.91135,-3.05306,1,1,1
M19598,M,303.2,311.4,2102,19,5,2.66458,2.00084,3.08109,-3.05857,-2.93404,1,0,0
L51919,L,303.2,311.4,1351,53.8,8,2.72119,1.98283,-2.64252,2.68055,-2.89163,1,1,1
L51920,L,303.3,311.5,1601,35.2,10,2.71622,2.08986,1.44472,-1.19952,-2.80676,1,0,1
L51921,L,303.2,311.3,1393,52.9,12,2.7153,1.86665,-2.07226,2.56186,-2.7971,1,0,1
L51922,L,303.3,311.3,1592,33.7,14,2.7149,1.85218,1.34651,-1.50352,-2.71684,1,0,1
L51923,L,303.3,311.3,1409,51.8,16,2.7311,1.89259,-1.85153,2.45303,-2.62548,1,0,1
L51924,L,303.3,311.3,1393,47.4,18,2.76327,1.89432,-2.08583,1.73026,-2.60216,1,0,1
H34159,H,303.2,311.2,1475,43.1,20,2.68248,1.79096,-0.509246,0.719316,-2.55536,1,0,1
L51926,L,303.2,311.2,1427,45.6,25,2.7024,1.79084,-1.48968,1.31598,-2.40642,1,0,0
L51927,L,303.3,311.2,1763,27.3,27,2.75016,1.73397,2.58511,-2.46143,-2.30246,1,0,1
L51928,L,303.2,311.2,1363,46.7,29,2.72393,1.71064,-2.58117,1.53173,-2.299,1,1,1
L51929,L,303.2,311.2,1404,50.9,31,2.7014,1.76089,-1.93313,2.30974,-2.19594,1,0,1
M19610,M,303.2,311.2,1688,31.9,33,2.71935,1.74544,2.19853,-1.78977,-2.13074,1,0,1
L51931,L,303.3,311.4,1510,37.3,36,2.73931,1.97868,0.133052,-0.633027,-2.06089,1,0,1
H34166,H,303.3,311.3,1502,39.5,38,2.73295,1.88884,-0.0228274,-0.137403,-1.99311,1,0,1
H34167,H,303.2,311.4,1607,36.6,43,2.71829,1.94174,1.49437,-0.832483,-1.84072,1,0,1
M19614,M,303.3,311.5,1384,54.8,48,2.73155,2.08187,-2.20311,2.75236,-1.68343,0,0,0
L51935,L,303.4,311.7,1295,51.3,51,2.76241,2.33032,-3.03935,2.33217,-1.63668,1,1,1
H34170,H,303.4,311.7,1991,19,53,2.78225,2.32166,3.03065,-3.01523,-1.55693,1,0,1
L51937,L,303.4,311.6,1497,42.8,58,2.76151,2.21451,-0.107346,0.653616,-1.38146,1,0,1
L51938,L,303.5,311.6,1465,48.7,60,2.82193,2.23964,-0.736774,1.96053,-1.39032,1,0,0
L51939,L,303.5,311.6,1361,46.5,62,2.84313,2.24306,-2.54575,1.56804,-1.31014,1,1,1
L51940,L,303.6,311.7,1546,38.5,64,2.89592,2.32282,0.727769,-0.329764,-1.22096,1,0,0
H34175,H,303.7,311.9,1332,52.7,66,2.95824,2.4874,-2.81652,2.48408,-1.20428,1,1,1
M19622,M,303.7,312,2663,11.4,71,2.94025,2.52263,3.13246,-3.13859,-1.05577,1,1,1
L51943,L,303.7,312.1,1443,45.9,74,2.96026,2.60619,-1.15763,1.39406,-0.964194,1,0,0
M19624,M,303.7,312,1402,48.6,76,2.95527,2.59777,-1.94456,1.94913,-0.929274,1,0,1
L51945,L,303.7,312,1892,22.5,79,2.96509,2.64139,2.82862,-2.83103,-0.871323,1,0,0
M19626,M,303.6,312,1645,35.7,81,2.83999,2.55362,1.87087,-1.06947,-0.791934,1,0,0
L51947,L,303.6,311.9,1473,50.1,84,2.88049,2.48692,-0.576296,2.1876,-0.676261,1,0,1
L51948,L,303.6,312,1309,52.9,86,2.91897,2.59366,-2.95123,2.55747,-0.606666,1,1,1
H34183,H,303.6,311.9,1544,37.1,88,2.87627,2.479,0.699404,-0.748898,-0.572613,1,0,1
L51950,L,303.5,311.9,1344,49.3,93,2.84232,2.48209,-2.72097,2.0814,-0.402309,1,1,1
M19631,M,303.6,311.9,1617,36,95,2.85698,2.50446,1.60527,-1.00671,-0.348304,1,0,1
M19632,M,303.6,312,1435,37.9,98,2.87517,2.55589,-1.31964,-0.528949,-0.250675,1,0,1
L51953,L,303.6,312,1391,50.3,101,2.8525,2.60603,-2.1335,2.23101,-0.22488,1,0,0
L51954,L,303.6,312,1827,23.3,103,2.86089,2.54881,2.73706,-2.81235,-0.123111,1,0,1
L51955,L,303.5,312,1761,25.8,105,2.82237,2.61627,2.58059,-2.63743,-0.0839719,1,0,1
L51956,L,303.5,312.1,1522,36.4,107,2.83123,2.61494,0.344654,-0.870757,-0.0132316,1,0,1
M19637,M,303.5,312.2,1818,23.6,109,2.85073,2.63651,2.68867,-2.81137,0.0447948,1,0,1
H34192,H,303.6,312.2,1371,54.6,112,2.88872,2.63927,-2.41725,2.70154,0.119971,1,1,1
L51959,L,303.7,312.3,1511,38.9,117,2.95796,2.72907,0.164757,-0.289725,0.269803,1,0,0
L51960,L,303.7,312.4,1404,46.6,119,2.96367,2.80308,-1.89165,1.54797,0.332424,1,0,0
L51961,L,303.7,312.3,1384,45.9,121,2.97843,2.76099,-2.23846,1.39274,0.376945,1,0,0
L51962,L,303.8,312.5,1368,52.6,123,3.03329,2.79513,-2.45977,2.47162,0.471217,1,0,1
L51963,L,303.7,312.5,1641,36,125,2.94004,2.8606,1.85954,-0.97871,0.511799,1,0,0
L51964,L,303.9,312.6,1642,32.3,127,3.00629,2.82102,1.86786,-1.7422,0.535174,1,0,1
H34199,H,303.9,312.7,1401,50,129,3.02564,2.94536,-1.9666,2.14681,0.611772,1,0,1
L51966,L,303.8,312.6,1577,41.3,134,3.02584,2.8375,1.15227,0.286448,0.757446,1,0,1
L51967,L,303.7,312.6,1396,44.1,136,2.93879,2.89398,-2.04691,0.97763,0.805169,1,0,0
H34202,H,303.7,312.6,1514,35.5,138,2.95102,2.85356,0.1816,-1.11118,0.879674,1,0,0
L51969,L,303.8,312.8,1646,35.8,143,3.00266,2.93455,1.93567,-0.990716,0.988573,1,0,0
L51970,L,303.8,312.8,1443,40.7,145,2.99679,2.93307,-1.18514,0.133078,1.07106,1,0,0
M19651,M,303.7,312.7,1469,48.5,147,2.93464,2.92253,-0.680971,1.88098,1.09621,1,0,1
H34206,H,303.7,312.7,1564,40.2,150,2.95464,2.89779,0.987811,0.059713,1.18769,1,0,0
H34207,H,303.6,312.6,1498,40.2,155,2.89425,2.85374,-0.084244,-0.00903234,1.35069,1,0,0
L51974,L,303.6,312.6,1699,27.9,160,2.87608,2.87097,2.26327,-2.43492,1.51834,1,0,0
L51975,L,303.6,312.5,1431,49,162,2.88508,2.86989,-1.40729,2.0016,1.54236,1,0,0
L51976,L,303.5,312.4,1390,47.3,164,2.83949,2.76672,-2.13167,1.69725,1.63386,1,0,1
L51977,L,303.5,312.5,1380,46.1,166,2.88777,2.86908,-2.2656,1.42815,1.67286,1,0,1
L51978,L,303.5,312.5,1457,46.4,168,2.87937,2.84855,-0.893769,1.46614,1.74809,1,0,0
L51979,L,303.5,312.5,1418,42.2,170,2.85944,2.86464,-1.69328,0.493492,1.75179,1,0,1
M19660,M,303.5,312.5,1353,51,172,2.82586,2.84138,-2.64496,2.35198,1.80602,1,0,0
L51981,L,303.5,312.4,1574,32.7,175,2.83529,2.77921,1.12662,-1.63709,1.91546,1,0,0
M19662,M,303.5,312.4,1318,54.2,177,2.8132,2.8034,-2.91185,2.66172,1.99637,1,0,1
L51983,L,303.6,312.5,1710,31.4,180,2.85475,2.81213,2.34799,-1.85293,2.09553,1,0,1
L51984,L,303.7,312.6,1621,38.8,182,2.9375,2.84358,1.63757,-0.319286,2.16694,1,0,0
L51985,L,303.6,312.6,1606,33.6,184,2.90165,2.87417,1.48638,-1.52417,2.18767,1,0,1
H34220,H,303.6,312.5,1375,54,186,2.88499,2.86059,-2.35156,2.65006,2.24703,1,0,1
L51987,L,303.5,312.4,1503,36.5,191,2.8365,2.83198,0.00873532,-0.855905,2.38225,1,0,0
L51988,L,303.5,312.3,1404,48.6,193,2.83639,2.75894,-1.92401,1.95121,2.44747,1,0,1
L51989,L,303.4,312.2,1656,32.7,195,2.74558,2.66566,1.96772,-1.67166,2.4847,1,0,1
M19670,M,303.4,312.1,1499,39.4,197,2.72945,2.61289,-0.0666466,-0.167808,2.53851,1,0,1
M19671,M,303.4,312,1748,28.4,200,2.75456,2.61846,2.49925,-2.39425,2.67185,1,0,1
L51992,L,303.4,311.9,1531,37.9,203,2.74777,2.50243,0.478017,-0.554708,2.73281,1,0,1
M19673,M,303.3,311.8,1536,40.6,205,2.7407,2.3884,0.540457,0.129278,2.83856,1,0,1
L51994,L,303.4,311.8,1401,53,208,2.73925,2.41405,-1.98157,2.56615,2.88195,1,1,1
H34229,H,303.4,311.9,1534,33.2,210,2.76773,2.48222,0.523847,-1.56317,2.86497,1,0,0
L51996,L,303.4,312,1521,35.9,215,2.69856,2.57591,0.349082,-1.00607,3.02945,1,1,1
L51997,L,303.5,312.1,1674,30.8,0,2.85049,2.58318,2.09143,-2.00507,-3.10154,1,0,0
M19678,M,303.6,312.1,1967,20.9,2,2.85445,2.58908,2.94999,-3.00083,-3.02763,1,0,0
L51999,L,303.6,312.2,1696,30.7,5,2.85846,2.68325,2.30605,-2.03106,-2.95531,1,0,1
M19680,M,303.6,312.1,1627,32.5,7,2.8948,2.61784,1.71904,-1.67131,-2.88019,1,0,1
L52001,L,303.5,311.9,1405,45.6,10,2.84178,2.48656,-1.89011,1.32758,-2.80865,1,0,0
L52002,L,303.5,311.9,1565,38.9,12,2.83662,2.46917,1.00407,-0.282448,-2.75776,1,0,1
L52003,L,303.5,311.9,1493,38.7,14,2.83073,2.45151,-0.173439,-0.319578,-2.69428,1,0,0
L52004,L,303.4,311.8,1499,45,16,2.79252,2.38653,-0.059542,1.18797,-2.65303,1,0,0
L52005,L,303.3,311.8,1692,30.6,18,2.72423,2.40335,2.24134,-2.03833,-2.50578,1,0,1
L52006,L,303.4,311.8,2268,15.8,20,2.73035,2.3765,3.10842,-3.09388,-2.52725,1,0,0
L52007,L,303.4,311.8,1438,58.9,22,2.73784,2.37536,-1.28415,2.9579,-2.4242,1,0,0
L52008,L,303.5,311.9,1515,39.2,24,2.82882,2.53209,0.225015,-0.201898,-2.42602,1,0,1
L52009,L,303.4,311.9,1491,38.2,26,2.73479,2.51708,-0.218852,-0.434457,-2.33484,1,0,0
L52010,L,303.5,312,1756,29.7,28,2.85164,2.56906,2.5465,-2.19791,-2.28083,1,0,1
L52011,L,303.5,312,1366,54.5,30,2.857,2.55767,-2.46988,2.71662,-2.19927,1,1,1
L52012,L,303.5,312,1436,45.1,32,2.79261,2.55614,-1.26322,1.22917,-2.14158,1,0,1
L52013,L,303.4,311.9,1377,41.6,34,2.74404,2.5579,-2.33197,0.356606,-2.09807,1,1,1
M19694,M,303.4,311.9,1510,42.2,36,2.74055,2.51522,0.121829,0.502671,-2.04658,1,0,0
M19695,M,303.4,311.9,1419,50.9,39,2.7647,2.55707,-1.63044,2.27587,-1.94314,1,0,0
L52016,L,303.3,311.8,1315,62,42,2.72818,2.38716,-2.95176,3.00049,-1.88425,1,1,1
H34251,H,303.3,311.8,1806,27.7,44,2.69592,2.40311,2.67171,-2.44638,-1.82133,1,0,1
H34252,H,303.3,311.8,1649,29.4,49,2.68656,2.37674,1.92342,-2.21953,-1.65972,1,0,0
H34253,H,303.4,311.9,1402,50,54,2.76928,2.53721,-1.95001,2.15013,-1.54435,1,0,0
L52020,L,303.4,311.9,1298,63.9,59,2.75201,2.47708,-3.05215,3.10651,-1.39009,1,1,1
M19701,M,303.3,311.8,1441,44.9,61,2.74687,2.37611,-1.18873,1.17975,-1.3236,1,0,1
M19702,M,303.3,311.8,1489,49.4,64,2.70939,2.40904,-0.252385,2.05201,-1.25375,1,0,1
L52023,L,303.3,311.8,1842,24.5,67,2.70526,2.38916,2.78666,-2.75062,-1.16145,1,0,0
M19704,M,303.4,311.8,1316,50.9,69,2.74299,2.35265,-2.92243,2.30514,-1.17812,1,1,1
M19705,M,303.3,311.8,1583,33.3,72,2.6892,2.38834,1.18823,-1.53702,-0.993233,1,0,1
M19706,M,303.3,311.8,1548,33.5,75,2.72304,2.40826,0.736052,-1.49477,-0.925462,1,0,1
L52027,L,303.4,311.9,1434,44.6,78,2.75689,2.50796,-1.39881,1.06165,-0.818766,1,0,0
H34262,H,303.5,312,1397,52.9,80,2.82354,2.55576,-2.05906,2.50856,-0.769373,1,0,0
M19709,M,303.5,312,1475,42.9,85,2.8033,2.60852,-0.503181,0.729742,-0.628837,1,0,0
L52030,L,303.5,312,1441,56.8,88,2.78895,2.56279,-1.19124,2.83505,-0.556204,1,0,0
L52031,L,303.7,312.1,1363,51.8,90,2.92256,2.63999,-2.53287,2.40341,-0.477454,1,1,1
L52032,L,303.7,312.2,1619,34.9,92,2.86688,2.67823,1.65178,-1.25701,-0.440004,1,0,0
L52033,L,303.7,312.2,1487,34,94,2.92549,2.66814,-0.309505,-1.39885,-0.423467,1,0,0
L52034,L,303.7,312.2,1568,33.8,96,2.92228,2.69321,1.05202,-1.45414,-0.346502,1,0,1
L52035,L,303.7,312.3,1375,46.2,98,2.92595,2.70675,-2.39217,1.45268,-0.290193,1,0,1
M19716,M,303.6,312.3,1698,31.3,100,2.83045,2.71665,2.30997,-1.9167,-0.229626,1,0,0
L52037,L,303.7,312.3,1606,37.4,103,2.94218,2.70372,1.45811,-0.653258,-0.157653,1,0,1
L52038,L,303.7,312.3,1349,51,105,2.92462,2.74175,-2.68616,2.29808,-0.0826919,1,0,0
L52039,L,303.7,312.4,1535,38.6,107,2.97016,2.8263,0.509273,-0.334488,-0.0349084,1,0,1
M19720,M,303.6,312.4,1504,49.5,109,2.85739,2.8332,0.0309178,2.05789,0.046968,1,0,0
L52041,L,303.5,312.3,1946,21.1,112,2.81907,2.71028,2.95095,-2.96877,0.138621,1,0,1
L52042,L,303.5,312.1,1326,55.7,114,2.85115,2.60141,-2.89656,2.7943,0.189145,1,0,1
M19723,M,303.6,312.3,1915,22.3,116,2.88082,2.71095,2.90858,-2.92161,0.2469,1,0,0
L52044,L,303.6,312.3,1451,43.4,119,2.88402,2.69809,-0.989825,0.796334,0.300284,1,0,1
M19725,M,303.5,312.3,1624,34.8,121,2.83543,2.73733,1.7038,-1.2593,0.40079,1,0,1
L52046,L,303.6,312.4,1781,28.7,124,2.89477,2.77973,2.64967,-2.29476,0.478612,1,0,0
L52047,L,303.6,312.5,1345,54.1,126,2.8821,2.86574,-2.71275,2.66123,0.51169,1,0,0
L52048,L,303.6,312.4,1418,46,128,2.88843,2.82256,-1.70053,1.43982,0.581699,1,0,0
L52049,L,303.7,312.4,1718,26.5,130,2.94492,2.79133,2.39748,-2.55878,0.657565,1,0,0
M19730,M,303.7,312.4,1631,28.5,132,2.91516,2.79302,1.7667,-2.31056,0.676762,1,0,1
L52051,L,303.7,312.4,1513,40.1,135,2.93216,2.78203,0.184603,0.0204862,0.748207,1,0,1
L52052,L,303.7,312.4,1316,59.3,137,2.96904,2.8223,-2.90959,2.98543,0.886358,1,0,0
M19733,M,303.7,312.4,1474,38.8,139,2.92019,2.78528,-0.51311,-0.338496,0.916435,1,0,1
L52054,L,303.8,312.5,1619,30.9,142,2.98766,2.82967,1.62368,-2.00017,0.99096,1,0,1
L52055,L,303.7,312.4,1702,31.2,144,2.952,2.78752,2.30764,-1.93176,1.05498,1,0,1
M19736,M,303.7,312.4,1540,37.4,146,2.92995,2.74824,0.627885,-0.693717,1.12367,1,0,1
M19737,M,303.7,312.4,1546,33.7,149,2.96023,2.74605,0.660384,-1.49784,1.18142,1,0,0
L52058,L,303.7,312.4,1348,51,152,2.91379,2.79005,-2.68729,2.29383,1.28681,1,0,0
H34293,H,303.7,312.5,1520,35.6,154,2.90364,2.83239,0.29576,-1.06002,1.34508,1,0,0
M19740,M,303.8,312.6,1527,41.9,159,3.01874,2.83744,0.485945,0.433615,1.48742,1,0,0
M19741,M,303.8,312.6,1406,47.1,162,3.01506,2.89086,-1.85533,1.62106,1.53201,1,0,1
L52062,L,303.7,312.5,1462,46.2,165,2.94692,2.83952,-0.774731,1.44006,1.61096,1,0,1
M19743,M,303.8,312.6,1684,29.3,167,2.96662,2.85583,2.17398,-2.23897,1.68357,1,0,0
H34298,H,303.8,312.5,1655,28,170,2.96235,2.85593,2.00629,-2.40392,1.80316,1,0,0
H34299,H,303.8,312.5,1748,25.1,175,2.97842,2.79783,2.50372,-2.72048,1.91812,1,0,0
L52066,L,303.8,312.5,1372,45.7,180,2.96182,2.80328,-2.41325,1.34846,2.076,1,0,0
L52067,L,303.7,312.5,1481,33.3,182,2.90652,2.81617,-0.413778,-1.55786,2.18656,1,0,1
L52068,L,303.7,312.4,1512,39.2,184,2.96507,2.79584,0.160454,-0.189417,2.19918,1,0,1
L52069,L,303.7,312.5,1632,36.6,186,2.94512,2.80304,1.77625,-0.877946,2.25242,1,0,0
L52070,L,303.7,312.4,1525,43.9,188,3.0037,2.82293,0.334009,0.925606,2.27435,1,0,0
M19751,M,303.7,312.3,1756,26.4,190,2.94565,2.73207,2.5765,-2.57591,2.3316,1,0,0
L52072,L,303.7,312.3,1922,23.1,193,2.97123,2.75945,2.9545,-2.87665,2.44982,1,0,0
M19753,M,303.8,312.5,1448,44.3,195,2.94389,2.83984,-1.10975,1.01342,2.49138,1,0,0
H34308,H,303.8,312.5,1447,46.6,198,2.95529,2.83703,-1.09163,1.52964,2.58919,1,0,1
M19755,M,303.8,312.4,1597,33.4,203,2.96359,2.8113,1.41312,-1.56458,2.72967,1,0,0
M19756,M,303.7,312.4,1642,32.3,206,2.94945,2.78867,1.87151,-1.75003,2.83508,1,0,0
H34311,H,303.8,312.5,1525,38,209,2.9912,2.82614,0.367193,-0.537934,2.87802,1,0,1
H34312,H,303.6,312.4,1460,53.7,214,2.87363,2.76376,-0.789235,2.67112,2.98278,1,0,0
L52079,L,303.6,312.3,2168,17.7,219,2.89371,2.75664,3.07692,-3.06678,3.0797,1,0,0
L52080,L,303.6,312.4,1388,41.9,221,2.87436,2.76292,-2.18087,0.463537,3.09705,1,0,0
M19761,M,303.6,312.3,1630,32.4,223,2.90649,2.75769,1.76274,-1.7064,3.07502,1,0,0
L52082,L,303.6,312.3,1616,29.3,226,2.92697,2.7747,1.63055,-2.228,3.08906,1,0,0
L52083,L,303.6,312.4,2232,16.8,0,2.93689,2.768,3.07394,-3.03374,-3.09364,1,0,0
H34318,H,303.6,312.4,1480,50.7,2,2.87875,2.7697,-0.406914,2.28978,-3.03331,1,0,1
L52085,L,303.6,312.4,1363,53.1,7,2.86332,2.80355,-2.54159,2.58267,-2.86371,1,0,1
H34320,H,303.6,312.4,1436,45.6,9,2.90715,2.81514,-1.27494,1.34698,-2.88371,1,0,0
M19767,M,303.6,312.5,1607,33.7,14,2.87792,2.80921,1.49162,-1.44744,-2.70361,1,0,1
M19768,M,303.6,312.5,1459,48.2,17,2.87333,2.84984,-0.826966,1.83944,-2.61175,1,0,1
L52089,L,303.5,312.4,1481,43.7,20,2.83452,2.78409,-0.366918,0.868611,-2.51307,1,0,0
M19770,M,303.5,312.4,1606,31.7,22,2.87283,2.81106,1.47727,-1.84033,-2.44394,1,0,1
L52091,L,303.5,312.3,1681,29.8,25,2.81116,2.76236,2.18631,-2.16114,-2.37751,1,0,1
L52092,L,303.5,312.2,1511,37.1,27,2.80957,2.70007,0.120917,-0.694344,-2.29427,1,0,1
M19773,M,303.5,312.3,1593,35.2,29,2.79583,2.74211,1.36514,-1.18156,-2.24633,1,0,0
M19774,M,303.5,312.3,1532,41.7,32,2.82169,2.72541,0.504466,0.420168,-2.15516,1,0,0
H34329,H,303.5,312.3,1386,49,35,2.79399,2.7123,-2.23351,2.02174,-2.08943,1,0,1
H34330,H,303.4,312.3,1769,27.9,40,2.77196,2.74018,2.58472,-2.39898,-1.92602,1,0,1
M19777,M,303.4,312.2,1561,38.2,45,2.80261,2.63273,0.955494,-0.438276,-1.81632,1,0,1
L52098,L,303.3,312.2,1457,40.7,48,2.7115,2.63963,-0.847699,0.162671,-1.72755,1,0,0
L52099,L,303.3,312.2,1506,40,50,2.73679,2.64217,0.0658597,-0.0354722,-1.66627,1,0,0
L52100,L,303.4,312.2,1337,69.4,52,2.79139,2.6556,-2.82166,3.12839,-1.5734,1,1,1
L52101,L,303.4,312.3,1287,54.8,54,2.72795,2.76356,-3.04543,2.71966,-1.54615,1,0,1
M19782,M,303.4,312.2,1615,35.7,56,2.74905,2.62378,1.60657,-1.05204,-1.51653,1,0,1
M19783,M,303.4,312.2,1972,23.5,59,2.76018,2.65383,2.94205,-2.79873,-1.42026,1,0,0
H34338,H,303.4,312.3,1522,42.1,62,2.78546,2.75958,0.307424,0.494839,-1.30852,1,0,1
L52105,L,303.4,312.3,1680,30.6,67,2.77805,2.73891,2.17659,-2.03441,-1.13729,1,0,1
L52106,L,303.4,312.3,1502,36,69,2.78986,2.72147,-0.0206918,-0.983785,-1.07439,1,0,0
M19787,M,303.5,312.3,1543,33.3,71,2.80477,2.74901,0.672582,-1.56236,-1.02401,1,0,1
L52108,L,303.5,312.3,1584,35.2,74,2.79965,2.75937,1.23212,-1.14594,-0.968965,1,0,0
L52109,L,303.5,312.4,1340,44.5,76,2.81418,2.82855,-2.77413,1.06506,-0.873497,1,0,0
L52110,L,303.4,312.3,1663,33.9,78,2.76604,2.74469,2.03704,-1.4451,-0.84484,1,0,1
M19791,M,303.3,312.1,1693,30,80,2.72966,2.65087,2.25602,-2.12697,-0.806628,1,0,1
L52112,L,303.3,312.1,1418,44.7,83,2.71925,2.59946,-1.67235,1.10641,-0.68382,1,0,0
H34347,H,303.4,312.2,1554,36.8,85,2.72782,2.65626,0.837205,-0.787609,-0.648724,1,0,0
L52114,L,303.4,312.2,1580,35.8,90,2.75868,2.68733,1.19273,-1.04947,-0.488661,1,0,0
L52115,L,303.4,312.3,1479,42.8,92,2.72527,2.76798,-0.448346,0.681659,-0.491108,1,0,0
L52116,L,303.5,312.4,1284,70.6,94,2.77947,2.7552,-3.07488,3.14159,-0.395818,1,1,1
L52117,L,303.4,312.3,1540,38.7,96,2.79345,2.75894,0.617533,-0.355517,-0.350428,1,0,1
M19798,M,303.5,312.4,1606,30.1,98,2.82945,2.78721,1.48555,-2.10506,-0.278747,1,0,0
L52119,L,303.6,312.5,1286,62.4,101,2.89238,2.82154,-3.05864,3.0844,-0.205071,1,0,1
L52120,L,303.6,312.6,1502,39.5,103,2.85002,2.87136,0.0101802,-0.150562,-0.111454,1,0,1
M19801,M,303.6,312.7,1699,31.5,105,2.85225,2.89988,2.32083,-1.89227,-0.0900541,1,0,0
L52122,L,303.5,312.6,1602,34.2,108,2.83718,2.84092,1.43798,-1.37492,0.0129591,1,0,1
H34357,H,303.6,312.6,1436,42,110,2.87814,2.85695,-1.32096,0.446102,0.0463749,1,0,1
M19804,M,303.6,312.7,1765,27.5,115,2.85032,2.92296,2.5578,-2.51162,0.186518,1,0,0
L52125,L,303.6,312.7,1418,44.1,118,2.85335,2.9249,-1.63381,0.935159,0.298686,1,0,1
M19806,M,303.7,312.7,1669,31.7,120,2.92127,2.94853,2.08865,-1.80598,0.368616,1,0,1
L52127,L,303.7,312.7,1395,53.9,123,2.96544,2.92456,-2.06802,2.67012,0.440354,1,0,1
M19808,M,303.8,312.7,1500,41.7,125,2.92135,2.9161,-0.0840509,0.410149,0.532884,1,0,1
M19809,M,303.8,312.7,1555,33.4,128,2.97361,2.91265,0.830036,-1.55213,0.574916,1,0,1
M19810,M,303.8,312.7,1919,20.2,131,3.00546,2.9212,2.91658,-3.02526,0.673272,1,0,0
L52131,L,303.8,312.7,1596,36.6,134,2.96888,2.91095,1.39118,-0.842741,0.773052,1,0,0
M19812,M,303.8,312.7,1374,53.6,136,2.93899,2.88683,-2.36909,2.63851,0.787699,1,0,0
L52133,L,303.7,312.5,1670,26.1,139,2.94001,2.81706,2.08592,-2.59505,0.860209,1,0,0
L52134,L,303.7,312.6,1702,29.1,141,2.94545,2.8841,2.28928,-2.25582,0.949761,1,0,1
M19815,M,303.8,312.5,1366,45.1,143,2.97574,2.82453,-2.46523,1.22163,1.03821,1,0,1
M19816,M,303.8,312.5,2344,15.2,146,2.9664,2.83047,3.13622,-3.11371,1.10269,1,0,0
M19817,M,303.8,312.6,1768,23.9,149,3.01989,2.90251,2.56202,-2.80994,1.16174,1,0,1
L52138,L,303.8,312.5,1523,47,152,3.00387,2.83251,0.363547,1.62061,1.26388,1,0,1
L52139,L,303.8,312.6,1735,25.9,154,2.98624,2.87061,2.4902,-2.6344,1.34874,1,0,1
L52140,L,303.9,312.7,1339,62.3,156,3.0151,2.87833,-2.7406,3.04133,1.38962,1,0,1
L52141,L,303.9,312.7,1800,24.3,158,3.02613,2.90792,2.67759,-2.78509,1.42385,1,0,1
M19822,M,304,312.7,1456,51.2,160,3.05139,2.89613,-0.858992,2.34562,1.52409,1,0,0
L52143,L,303.9,312.7,1789,24.4,163,3.02576,2.92528,2.64132,-2.77347,1.58831,1,0,1
L52144,L,303.9,312.7,1602,33.9,165,3.02987,2.96015,1.42407,-1.45281,1.64796,1,0,1
M19825,M,303.8,312.7,1364,49.3,167,2.98212,2.91091,-2.48895,2.05266,1.69062,1,0,0
L52146,L,303.8,312.6,1793,28.1,170,2.95776,2.87648,2.67561,-2.40158,1.81339,1,0,0
L52147,L,303.9,312.6,1426,53.4,172,3.03105,2.8827,-1.53262,2.55505,1.85314,1,0,1
M19828,M,303.9,312.7,1485,43.3,174,3.02619,2.92,-0.357793,0.757293,1.87951,1,0,1
L52149,L,303.9,312.7,1528,38.4,177,3.037,2.89292,0.422846,-0.39444,1.99512,1,0,0
L52150,L,303.8,312.6,1565,36,179,2.9931,2.87267,0.982827,-1.01108,2.00461,1,0,1
L52151,L,303.8,312.7,1838,27.8,181,2.98092,2.9276,2.75419,-2.46952,2.08828,1,0,0
H34386,H,303.8,312.6,1811,24.9,183,2.98784,2.87621,2.70569,-2.71436,2.13128,1,0,0
L52153,L,303.8,312.7,1461,38.2,188,2.97791,2.9013,-0.786794,-0.465575,2.2769,1,0,0
L52154,L,303.8,312.7,1414,41.7,190,2.98398,2.95746,-1.7552,0.42586,2.32507,1,0,1
L52155,L,303.7,312.7,1426,45.5,192,2.92882,2.88538,-1.49809,1.29112,2.42279,1,0,0
L52156,L,303.7,312.7,1359,56.8,194,2.9777,2.92916,-2.58487,2.86557,2.46638,1,1,1
L52157,L,303.7,312.7,1540,44.8,196,2.97979,2.86111,0.658375,1.13018,2.49227,1,0,0
L52158,L,303.6,312.7,1429,47.7,198,2.85813,2.88555,-1.44952,1.7674,2.60985,1,0,1
M19839,M,303.7,312.7,1612,36.3,200,2.92,2.90939,1.59245,-0.933653,2.65376,1,0,0
M19840,M,303.7,312.8,1685,31.8,203,2.96984,2.9255,2.1549,-1.8159,2.73827,1,0,1
M19841,M,303.7,312.8,1558,37.7,206,2.99166,2.9303,0.915675,-0.569805,2.80619,1,0,1
L52162,L,303.7,313,1811,24.3,209,2.92795,2.98526,2.71773,-2.76866,2.88886,1,0,1
L52163,L,303.8,313.1,1869,25.8,211,2.99108,3.02953,2.84172,-2.6484,2.93742,1,0,1
L52164,L,303.8,313.1,1256,58.7,213,2.96293,3.00136,-3.09264,2.96467,2.97922,1,1,1
M19845,M,303.8,313,1789,23.5,215,2.95668,3.02089,2.65353,-2.81583,2.97759,1,0,1
L52166,L,303.7,312.9,1502,40.5,0,2.94346,2.96767,-0.0121036,0.0914135,-3.08676,1,0,1
M19847,M,303.7,313,1303,54.4,2,2.94108,2.97302,-2.99531,2.70753,-3.03887,1,0,1
L52168,L,303.8,313.1,2497,13,5,2.91349,3.05535,3.12076,-3.14159,-2.93843,1,1,1
L52169,L,303.9,313.2,1499,37.4,7,3.02217,3.08658,-0.0771565,-0.69668,-2.86334,1,0,0
L52170,L,303.9,313.2,1393,46.5,9,2.98905,3.08206,-2.08221,1.48787,-2.90662,1,0,0
M19851,M,303.9,313,1475,41,11,3.01103,2.97783,-0.522703,0.208264,-2.7661,1,0,1
L52172,L,303.8,312.9,1573,34.6,14,2.98785,2.97188,1.16087,-1.27625,-2.6963,1,0,0
L52173,L,303.8,312.9,1819,23.7,16,3.00623,2.93502,2.71586,-2.81018,-2.65489,1,0,0
M19854,M,303.5,312.6,1642,29.4,18,2.81387,2.8935,1.85229,-2.24468,-2.57733,1,0,1
L52175,L,303.6,312.6,1540,39.8,21,2.84268,2.89699,0.618948,-0.100024,-2.4568,1,0,1
M19856,M,303.6,312.8,1400,43.2,23,2.8763,2.92855,-1.98686,0.774415,-2.43987,1,0,0
M19857,M,303.6,312.8,2659,11.4,26,2.86201,2.93275,3.14159,-3.14159,-2.34581,1,1,1
M19858,M,303.6,312.8,1825,25.2,29,2.85924,2.92188,2.73673,-2.71893,-2.21511,1,0,1
M19859,M,303.7,312.9,1532,41.3,32,2.9205,2.99615,0.480293,0.291703,-2.16993,1,0,0
L52180,L,303.7,312.8,1832,23.6,35,2.98018,2.95722,2.80652,-2.78016,-2.05071,1,0,1
M19861,M,303.6,312.7,2174,17.6,37,2.85012,2.90355,3.09928,-3.07722,-1.99967,1,0,1
L52182,L,303.7,312.8,1627,31.7,40,2.94721,2.92422,1.72641,-1.85989,-1.93132,1,0,0
L52183,L,303.7,312.8,1437,51.3,42,2.94183,2.93975,-1.2623,2.34916,-1.87393,1,0,0
L52184,L,303.7,312.8,1364,46.3,44,2.93504,2.96869,-2.54643,1.47128,-1.8126,1,0,1
M19865,M,303.7,312.9,1444,52.7,46,2.87237,2.92964,-1.18548,2.52213,-1.78098,1,0,1
M19866,M,303.7,312.8,1366,47.3,49,2.90416,2.9542,-2.42871,1.67387,-1.68528,1,0,0
L52187,L,303.8,312.9,1442,48.3,52,3.00025,2.98549,-1.2375,1.8625,-1.61659,1,0,1
H34422,H,303.7,312.8,1488,42.8,54,2.8864,2.94437,-0.292339,0.626343,-1.54862,1,0,1
L52189,L,303.7,312.8,1523,40.7,59,2.87527,2.92401,0.348999,0.131914,-1.37259,1,0,1
L52190,L,303.7,312.8,1543,38.3,61,2.9472,2.94807,0.631632,-0.397762,-1.30398,1,0,0
M19871,M,303.7,312.8,1634,33.8,63,2.90259,2.94505,1.81936,-1.45604,-1.24059,1,0,1
M19872,M,303.8,312.9,1815,27.8,66,3.00821,2.9464,2.71256,-2.45132,-1.22137,1,0,0
M19873,M,303.8,312.9,1594,35.2,69,3.02238,2.96342,1.36049,-1.1639,-1.11413,1,0,0
L52194,L,303.8,313,1452,38.6,72,3.01645,3.01453,-0.982837,-0.35743,-1.04447,1,0,1
L52195,L,303.9,313,1759,28.4,74,3.05392,2.99602,2.55145,-2.36414,-0.968765,1,0,1
L52196,L,303.9,313,1408,47.5,76,3.04492,3.00582,-1.85544,1.69611,-0.872005,1,0,1
L52197,L,303.9,313,1483,45,78,3.02039,2.95694,-0.378622,1.18842,-0.838781,1,0,0
M19878,M,303.9,313,1620,36.6,80,3.00296,3.02358,1.66095,-0.850312,-0.806897,1,0,0
M19879,M,304,313.1,1466,39.5,83,3.02907,3.0134,-0.718935,-0.175702,-0.700941,1,0,1
L52200,L,304.1,313.1,1556,36.3,86,3.10579,3.01059,0.854884,-0.905633,-0.581219,1,0,1
L52201,L,304,313,1350,61.1,88,3.09111,2.96916,-2.68743,3.08233,-0.571793,1,0,0
L52202,L,304,313.1,1404,47.1,90,3.0969,3.04292,-1.89085,1.63877,-0.5196,1,0,1
M19883,M,304,313,1575,34.5,92,3.07267,3.00268,1.14145,-1.2938,-0.440863,1,0,0
L52204,L,303.9,313.1,1639,29,95,3.04144,3.03528,1.83071,-2.26629,-0.360411,1,0,0
M19885,M,303.9,313.1,1473,42.8,97,3.04272,3.04717,-0.570749,0.657104,-0.344669,1,0,0
L52206,L,303.9,313.2,1481,40,100,3.00627,3.078,-0.407521,-0.0183262,-0.193312,1,0,0
L52207,L,304,313.3,1294,54.6,102,3.04356,3.10353,-3.0441,2.7399,-0.189095,1,0,1
M19888,M,303.9,313.2,1630,29.3,104,3.00629,3.04341,1.75309,-2.25424,-0.083092,1,0,0
M19889,M,303.9,313.2,1624,39.8,107,3.00827,3.05929,1.66563,-0.110924,-0.0520876,1,0,0
M19890,M,303.9,313.1,1437,48.3,110,2.98825,3.0275,-1.30034,1.88342,0.0497747,1,0,0
M19891,M,303.8,313,1514,45,113,2.97781,2.98415,0.178192,1.19373,0.15909,1,0,0
M19892,M,304,313.1,1694,31.4,116,3.04939,3.05412,2.26886,-1.88164,0.260794,1,0,1
L52213,L,304,313.1,1564,50.9,119,3.04305,3.05126,0.991133,2.30759,0.307625,1,0,1
M19894,M,303.9,313.1,1514,41.1,121,2.99493,3.0246,0.199311,0.267891,0.37385,1,0,1
M19895,M,304,313.2,1500,40.6,124,3.06509,3.05494,-0.076991,0.135084,0.457909,1,0,1
L52216,L,304,313.2,1615,37.8,127,3.09341,3.08946,1.58911,-0.579911,0.56483,1,0,0
M19897,M,304.1,313.2,1586,41.1,129,3.08084,3.12004,1.29239,0.254619,0.595223,1,0,1
L52218,L,304.1,313.3,1732,28.5,132,3.07181,3.07879,2.39868,-2.36561,0.68729,1,0,1
H34453,H,304.1,313.3,1689,32.5,134,3.12269,3.05105,2.24364,-1.71495,0.765267,1,0,1
H34454,H,304.1,313.2,1586,34.6,139,3.07953,3.08291,1.28799,-1.24741,0.893016,1,0,0
L52221,L,304,313.2,1314,47.1,144,3.05686,3.07367,-2.95375,1.6432,1.05556,1,0,1
L52222,L,304.1,313.2,1569,35.8,146,3.08797,3.04308,1.0746,-1.05779,1.103,1,0,1
L52223,L,304.1,313.2,1468,39.4,148,3.1147,3.03533,-0.673484,-0.155661,1.17229,1,0,1
L52224,L,304.1,313.2,1412,47.5,150,3.08681,3.07983,-1.7674,1.70723,1.22464,1,0,1
M19905,M,304.1,313.2,1510,46.9,152,3.11031,3.06864,0.107667,1.62404,1.2834,1,0,1
M19906,M,304.1,313.2,1410,42.4,155,3.11563,3.07869,-1.82439,0.581768,1.36751,1,0,0
M19907,M,304.1,313.3,1680,29.3,158,3.11324,3.07191,2.16076,-2.26424,1.41952,1,0,0
H34462,H,304,313.2,1271,68.6,161,3.06065,3.08077,-3.07276,3.12937,1.56772,1,1,1
H34463,H,304,313.1,1472,45.5,166,3.03943,3.05469,-0.596875,1.31957,1.66649,1,0,0
H34464,H,304,313,1701,30.4,171,3.1001,3.03202,2.27042,-2.06044,1.81227,1,0,0
L52231,L,303.9,313,1480,39.9,176,3.05836,3.0051,-0.428074,-0.0889071,1.95377,1,0,0
L52232,L,303.9,313,1433,48.4,178,3.03994,2.9736,-1.39691,1.90398,2.01801,1,0,0
L52233,L,303.8,312.9,1514,34.3,180,2.98145,2.99397,0.192459,-1.34827,2.09762,1,0,1
L52234,L,303.8,312.9,1619,35.7,182,2.97831,2.99251,1.63872,-1.0799,2.17071,1,0,1
H34469,H,303.8,312.9,1378,45.6,184,3.02461,2.96503,-2.28364,1.33327,2.20034,1,0,1
M19916,M,303.9,312.9,1430,53.5,189,3.08576,2.96952,-1.45676,2.61173,2.32194,1,0,1
L52237,L,303.8,312.9,1367,49.9,192,2.98418,2.96706,-2.48766,2.15306,2.39522,1,0,1
L52238,L,303.9,312.9,1526,42.5,194,3.05671,2.98668,0.397092,0.587567,2.46983,1,0,0
L52239,L,303.9,312.8,1419,47.9,196,3.03303,2.98961,-1.64919,1.79952,2.56429,1,0,1
L52240,L,304,312.8,1542,42.7,198,3.05041,2.94324,0.690077,0.643331,2.6045,1,0,0
L52241,L,304,312.9,1363,62.5,200,3.06961,2.99133,-2.50613,3.08811,2.69824,1,1,1
L52242,L,304,312.9,1313,53.9,202,3.03438,2.923,-2.95139,2.62114,2.70188,1,0,0
H34477,H,304,312.9,1495,46.6,0,3.03329,2.97664,-0.126724,1.51837,-3.0998,1,0,0
L52244,L,304,313,1407,42.1,5,3.07102,2.99274,-1.86245,0.483108,-2.99792,1,0,1
L52245,L,304.1,313,1566,37.2,7,3.09281,2.98681,1.03237,-0.699377,-2.91524,1,0,0
L52246,L,304.1,313.1,1550,30.9,9,3.07023,3.05033,0.7775,-1.9376,-2.8635,1,0,1
M19927,M,304.2,313.2,1396,50.5,11,3.13033,3.02795,-2.04315,2.25504,-2.81541,1,0,1
M19928,M,304.3,313.3,1540,39,14,3.13686,3.0624,0.591262,-0.273125,-2.70368,1,0,1
M19929,M,304.2,313.2,1380,48.7,17,3.09675,3.04192,-2.29386,1.90319,-2.56135,1,0,1
M19930,M,304.2,313.1,1608,31.1,20,3.14159,3.03785,1.51362,-1.97784,-2.52374,1,0,1
H34485,H,304.2,313,1442,40.9,23,3.11046,2.99065,-1.19432,0.228569,-2.43298,1,0,0
L52252,L,304.1,313,1408,45.3,28,3.07943,3.01125,-1.84972,1.24275,-2.26702,1,0,1
M19933,M,304,313,1454,46.8,30,3.04021,3.00709,-0.918685,1.60027,-2.26656,1,0,1
L52254,L,304.1,313.1,1666,34.6,33,3.05555,3.04773,2.0683,-1.28412,-2.16187,1,0,0
L52255,L,304.1,313.2,1366,46.6,35,3.08553,3.06661,-2.4706,1.51556,-2.07487,1,0,1
L52256,L,304.2,313.2,1464,44.9,37,3.11597,3.06386,-0.722639,1.13047,-2.02186,1,0,1
L52257,L,304.3,313.3,1775,24.9,39,3.14159,3.06427,2.62064,-2.68158,-1.99358,1,0,1
M19938,M,304.3,313.4,1482,43.8,41,3.14159,3.14159,-0.42227,0.868857,-1.88475,1,0,1
M19939,M,304.2,313.4,1411,54.8,44,3.09408,3.11075,-1.79844,2.76518,-1.82685,1,0,1
L52260,L,304.2,313.3,1410,51.6,47,3.12234,3.10217,-1.81384,2.41729,-1.72794,1,0,1
M19941,M,304.1,313.3,1494,39,49,3.07596,3.14159,-0.197791,-0.27241,-1.71054,1,0,0
H34496,H,304.1,313.2,1590,43.4,52,3.0676,3.05913,1.32034,0.865222,-1.61524,1,0,1
L52263,L,304.1,313.1,1327,54.1,57,3.06653,3.02775,-2.87285,2.67036,-1.43004,1,0,0
L52264,L,304.1,313.1,1969,20.8,59,3.10831,3.04694,2.94742,-2.95171,-1.38818,1,0,0
M19945,M,304,313,1377,56,61,3.04156,2.96694,-2.32691,2.7978,-1.31284,1,0,1
L52266,L,304,313,1541,45.9,64,3.06201,3.00653,0.686883,1.41226,-1.28937,1,0,0
M19947,M,304,313,1685,28.2,66,3.06404,3.00059,2.20392,-2.39866,-1.17576,1,0,0
L52268,L,304,313.1,1465,41,69,2.99635,3.01737,-0.713027,0.237401,-1.09102,1,0,1
M19949,M,303.9,313.1,1483,47.2,71,3.0084,3.03172,-0.361065,1.65879,-1.08531,1,0,0
M19950,M,303.9,313.2,1570,40.7,74,3.04571,3.03528,1.09802,0.160081,-0.954432,1,0,1
L52271,L,303.9,313.2,1345,48.2,77,3.05102,3.0361,-2.71162,1.87239,-0.872203,1,0,1
M19952,M,303.9,313.2,1608,40.6,79,3.03164,3.06746,1.52502,0.137901,-0.823214,1,0,1
M19953,M,304,313.3,1415,52.8,82,3.07252,3.08996,-1.75347,2.54667,-0.726252,1,0,0
M19954,M,304.1,313.5,1470,45.8,85,3.04668,3.12394,-0.632091,1.35646,-0.650036,1,0,0
M19955,M,304.1,313.5,1428,39.9,88,3.08439,3.13066,-1.5246,-0.0400366,-0.556055,1,0,1
H34510,H,304.2,313.5,1627,32.2,91,3.13872,3.13885,1.73632,-1.72853,-0.472656,1,0,0
L52277,L,304.2,313.4,1457,49.4,96,3.11585,3.08569,-0.84833,2.07652,-0.359391,1,0,0
L52278,L,304.2,313.4,1475,40.2,98,3.08994,3.13612,-0.524751,-0.0108671,-0.258439,1,0,0
L52279,L,304.2,313.5,1438,50.1,100,3.14159,3.14054,-1.27465,2.17752,-0.224845,1,0,0
M19960,M,304.2,313.5,1437,47.2,102,3.11624,3.12738,-1.23593,1.70907,-0.177462,1,0,0
M19961,M,304.1,313.4,1518,42.4,105,3.07202,3.09817,0.257594,0.553507,-0.116632,1,0,0
M19962,M,304.1,313.5,1587,33.6,108,3.08476,3.10602,1.28695,-1.51792,-0.00196983,1,0,0
L52283,L,304.1,313.4,1399,43.7,111,3.06156,3.08791,-1.99912,0.869268,0.0807822,1,0,1
L52284,L,304.1,313.5,1469,44.6,113,3.07376,3.11042,-0.658064,1.08298,0.153772,1,0,0
L52285,L,304.1,313.4,1374,56.6,115,3.12142,3.12688,-2.38515,2.82533,0.243419,1,0,1
L52286,L,304,313.3,1519,36.7,117,3.05004,3.10563,0.299854,-0.869711,0.264263,1,0,0
L52287,L,303.9,313.2,1540,44.4,119,3.04772,3.08541,0.616452,1.06136,0.32332,1,0,0
L52288,L,303.9,313.3,1394,51.6,121,3.04384,3.10106,-2.08493,2.38531,0.377473,1,0,1
M19969,M,304,313.4,1389,45.8,123,3.06203,3.12619,-2.14769,1.35288,0.465218,1,0,0
M19970,M,304,313.5,1732,26.2,126,3.07643,3.13149,2.44785,-2.61528,0.530401,1,0,0
L52291,L,304.1,313.6,1556,37.4,129,3.07867,3.14159,0.847012,-0.653973,0.607195,1,0,0
M19972,M,304.1,313.6,1441,43.7,131,3.06111,3.12192,-1.23787,0.868812,0.680093,1,0,0
L52293,L,304.1,313.6,1382,46.7,134,3.1328,3.11655,-2.25371,1.54088,0.756033,1,0,1
M19974,M,304.2,313.8,1481,44.9,136,3.11534,3.12564,-0.388508,1.18877,0.788011,1,0,0
M19975,M,304.2,313.7,2113,18.4,139,3.11789,3.13256,3.02022,-3.04352,0.912149,1,0,1
L52296,L,304.2,313.8,1401,53.9,142,3.12236,3.14159,-1.92872,2.64061,1.0236,1,0,0
L52297,L,304.1,313.6,1611,31.4,144,3.11731,3.07928,1.55999,-1.86079,1.04339,1,0,0
M19978,M,304.2,313.6,1512,33.4,146,3.11507,3.14159,0.189035,-1.55219,1.09758,1,0,0
L52299,L,304.2,313.6,1411,46,149,3.11606,3.13934,-1.8195,1.42072,1.18391,1,0,1
M19980,M,304.2,313.6,1424,43.7,151,3.10047,3.12182,-1.52881,0.904968,1.2053,1,0,1
L52301,L,304.2,313.6,1469,40,154,3.12841,3.13204,-0.662162,-0.0270104,1.34956,1,0,0
H34536,H,304.2,313.5,1684,29.8,156,3.12876,3.10776,2.1878,-2.17124,1.41009,1,0,0
M19983,M,304.2,313.5,1532,41.3,161,3.11596,3.12881,0.509421,0.315312,1.4862,1,0,0
M19984,M,304.2,313.5,1557,37.3,164,3.14159,3.13187,0.884536,-0.696034,1.62906,1,0,1
M19985,M,304.3,313.5,1416,48.1,167,3.14159,3.11318,-1.73522,1.86438,1.70925,1,0,0
L52306,L,304.3,313.5,1802,25.4,170,3.13278,3.09423,2.69657,-2.66999,1.7032,1,0,0
M19987,M,304.3,313.5,2245,15.1,172,3.13752,3.13879,3.07449,-3.14159,1.83242,1,0,1
L52308,L,304.2,313.4,1434,42.5,175,3.14159,3.11701,-1.31666,0.598916,1.92178,1,0,1
M19989,M,304.1,313.3,1725,28.3,177,3.07374,3.12533,2.38988,-2.39375,1.97567,1,0,0
L52310,L,304.2,313.3,1668,35.7,180,3.1214,3.09763,2.04256,-1.0892,2.11217,1,0,0
L52311,L,304.1,313.3,1452,43.9,182,3.09029,3.08921,-0.9754,0.917045,2.11425,1,0,0
L52312,L,304.1,313.3,1415,50,184,3.12321,3.11307,-1.72956,2.18942,2.18496,1,0,1
L52313,L,304.1,313.2,1824,25.8,186,3.09215,3.07363,2.74304,-2.66659,2.28951,1,0,0
L52314,L,304.1,313.3,1438,45.5,188,3.09624,3.10448,-1.24761,1.27462,2.2927,1,0,0
L52315,L,304.1,313.3,1883,24.5,190,3.11851,3.08401,2.84669,-2.74757,2.36198,1,0,0
L52316,L,304.2,313.4,1735,28.9,192,3.10884,3.11491,2.46716,-2.2713,2.42347,1,0,1
L52317,L,304.3,313.5,1464,36.7,194,3.14159,3.12473,-0.714553,-0.832695,2.51043,1,0,0
M19998,M,304.3,313.6,1489,40.3,196,3.13977,3.14159,-0.281921,0.0448653,2.53488,1,0,1
M19999,M,304.4,313.6,1510,38.9,199,3.12133,3.14159,0.132225,-0.275981,2.65051,1,0,1
M20000,M,304.3,313.6,1585,32.1,202,3.14159,3.11895,1.24484,-1.81181,2.67953,1,0,0
L52321,L,304.4,313.7,1509,35,205,3.12677,3.12525,0.119633,-1.2477,2.77022,1,1,1
L52322,L,304.4,313.6,1568,39.1,0,3.14129,3.14159,1.03597,-0.237392,-3.08804,1,0,0
M20003,M,304.3,313.5,1525,42,2,3.14159,3.13848,0.37439,0.487453,-3.04735,1,0,1
L52324,L,304.4,313.7,1607,33.5,5,3.14159,3.14159,1.46582,-1.54187,-2.98756,1,0,1
L52325,L,304.5,313.7,1670,32.9,7,3.11749,3.14159,2.09073,-1.59632,-2.87629,1,0,1
L52326,L,304.4,313.6,1585,38.9,9,3.14159,3.12936,1.28277,-0.273943,-2.84395,1,0,1
L52327,L,304.4,313.6,1569,38.4,11,3.14159,3.12124,1.06283,-0.409877,-2.7899,1,0,0
L52328,L,304.4,313.6,1507,43.1,13,3.12781,3.1318,0.0618949,0.706616,-2.70327,1,0,0
L52329,L,304.3,313.5,1452,41.5,15,3.14159,3.14159,-0.959323,0.353893,-2.68445,1,0,1
L52330,L,304.3,313.5,1590,29.8,17,3.10912,3.08547,1.32319,-2.21289,-2.58898,1,0,1
L52331,L,304.3,313.6,1409,56,19,3.13371,3.11906,-1.83151,2.82303,-2.54171,1,0,0
L52332,L,304.3,313.5,2643,12.7,21,3.12111,3.14159,3.11272,-3.13871,-2.48198,1,0,0
L52333,L,304.2,313.4,1644,31.7,23,3.10987,3.10674,1.89489,-1.85383,-2.38554,1,0,1
L52334,L,304.2,313.4,1568,37.6,25,3.07668,3.10704,1.04615,-0.632069,-2.3858,1,0,1
H34569,H,304.2,313.3,1625,37.3,27,3.11443,3.11597,1.71081,-0.675567,-2.31762,1,0,1
L52336,L,304.2,313.4,1482,41.4,32,3.10189,3.0924,-0.380126,0.356573,-2.14633,1,0,0
H34571,H,304.1,313.3,1397,49.6,34,3.07602,3.10377,-2.01059,2.05592,-2.1144,1,0,0
L52338,L,304.1,313.3,1459,50.3,39,3.07823,3.09414,-0.860572,2.19659,-1.9702,1,0,0
L52339,L,304.2,313.4,1490,44,41,3.09241,3.09729,-0.263013,0.959604,-1.89634,1,0,1
L52340,L,304.1,313.2,1434,50.1,43,3.05922,3.08298,-1.36664,2.19319,-1.82836,1,0,0
M20021,M,304.1,313.2,2028,18.9,45,3.09103,3.07489,2.99716,-3.01512,-1.76597,1,0,1
L52342,L,304.2,313.3,1464,45.9,48,3.08464,3.10232,-0.74319,1.35412,-1.66945,1,0,0
M20023,M,304.2,313.4,1713,23.5,50,3.13268,3.14159,2.35506,-2.82987,-1.67434,1,0,0
M20024,M,304.3,313.4,1624,32.1,53,3.1326,3.06775,1.69059,-1.75058,-1.5501,1,0,1
L52345,L,304.2,313.4,1421,43.4,56,3.14159,3.10546,-1.59963,0.795936,-1.5071,1,0,1
H34580,H,304.2,313.5,1546,41.4,58,3.11977,3.11301,0.696706,0.314327,-1.39561,1,0,1
L52347,L,304.2,313.4,1639,32.7,63,3.08286,3.08796,1.84696,-1.65111,-1.28323,1,0,1
H34582,H,304.1,313.4,1696,29.6,65,3.04776,3.12586,2.27005,-2.23936,-1.19332,1,0,1
L52349,L,304.1,313.3,1470,39.9,70,3.07646,3.05462,-0.680935,-0.0695384,-1.10412,1,0,1
M20030,M,304.1,313.3,1480,38.4,72,3.08672,3.09252,-0.452935,-0.394277,-1.01647,1,0,0
M20031,M,304.2,313.4,1329,54.5,75,3.08538,3.12435,-2.84786,2.70905,-0.920444,1,0,0
L52352,L,304.2,313.4,1740,28.2,78,3.09092,3.09554,2.48497,-2.41828,-0.812902,1,0,1
M20033,M,304.2,313.5,1739,28.1,80,3.11393,3.12888,2.51571,-2.385,-0.744894,1,0,1
M20034,M,304.2,313.5,1390,47.8,83,3.09076,3.14159,-2.15449,1.78783,-0.691527,1,0,1
L52355,L,304.2,313.4,1740,23.7,86,3.10992,3.11173,2.49172,-2.77508,-0.668898,1,0,0
M20036,M,304,313.3,1844,27.1,88,3.03921,3.06433,2.79316,-2.521,-0.56403,1,0,1
H34591,H,304,313.1,1388,53.2,91,3.08505,3.01929,-2.19262,2.57911,-0.455141,1,0,0
H34592,H,304,313.2,1517,43.1,96,3.11064,3.0621,0.242047,0.738732,-0.306605,1,0,0
M20039,M,304,313.1,1450,42.8,101,3.06565,3.01079,-0.984799,0.697462,-0.200957,1,0,1
L52360,L,304,313.2,1584,38.7,104,3.05581,3.05192,1.22526,-0.352833,-0.125626,1,0,0
L52361,L,304,313.1,1720,28.7,106,3.05502,3.02669,2.38362,-2.35619,-0.0581092,1,0,0
L52362,L,303.9,313.1,1586,31.9,108,2.96883,3.02898,1.27419,-1.77944,-0.00529475,1,0,0
M20043,M,303.9,313,1901,22.5,110,3.01514,2.96706,2.92477,-2.87836,0.0843202,1,0,1
L52364,L,304,313,1397,42.4,113,3.06306,2.99683,-2.04447,0.549962,0.155187,1,0,1
L52365,L,304,313,2012,21.1,115,3.0541,3.00011,3.02612,-2.93236,0.185359,1,0,0
L52366,L,304,313,2354,15,117,3.05878,2.98565,3.11917,-3.13022,0.247407,1,0,1
L52367,L,304,313.1,1648,35.7,119,3.0906,3.03984,1.91552,-1.08003,0.303223,1,0,1
L52368,L,304,313.2,1632,30.6,121,3.08591,3.08586,1.7385,-2.04577,0.386658,1,0,1
M20049,M,304.1,313.2,1427,46.9,123,3.07295,3.1067,-1.49029,1.56773,0.422818,1,0,0
L52370,L,304.1,313.2,1452,48,126,3.09314,3.03772,-0.992151,1.83759,0.488448,1,0,1
L52371,L,304,313.2,1416,46,128,3.05145,3.0753,-1.71292,1.40465,0.605331,1,0,1
L52372,L,303.9,313.1,1310,62.9,130,3.02857,3.03243,-2.94915,3.07358,0.654902,1,0,0
H34607,H,304,313.1,1408,39.8,132,3.06607,3.04466,-1.88824,-0.0641105,0.71416,1,0,1
M20054,M,303.9,313.1,1668,34.4,137,3.02396,3.05595,2.06394,-1.33815,0.856026,1,0,0
L52375,L,303.9,313,1551,36.8,140,2.98027,2.97187,0.781877,-0.792063,0.900477,1,0,0
H34610,H,303.9,313,1517,36,142,3.00762,2.99154,0.260646,-0.979769,1.0161,1,0,0
H34611,H,303.8,312.9,1570,35.8,147,2.9804,2.99031,1.10622,-1.06526,1.11759,1,0,0
L52378,L,303.8,312.8,1428,53.3,152,2.95838,2.94742,-1.46389,2.59484,1.28388,1,0,0
L52379,L,303.8,312.8,1503,40,154,2.99025,2.94484,-0.00714104,-0.0203551,1.27037,1,0,1
L52380,L,303.8,312.8,1416,58.7,156,3.00556,2.96439,-1.72066,2.97867,1.39647,1,0,1
M20061,M,303.7,312.7,1396,47.3,158,2.91875,2.89325,-2.02803,1.67921,1.45825,1,0,1
L52382,L,303.7,312.7,1335,51.1,161,2.86007,2.89331,-2.80712,2.29985,1.55333,1,0,0
M20063,M,303.7,312.6,1671,30.5,163,2.88211,2.8838,2.09861,-2.00422,1.5761,1,0,0
L52384,L,303.7,312.7,1989,22.4,166,2.93226,2.91434,2.96728,-2.87963,1.69868,1,0,1
L52385,L,303.7,312.7,1468,43.3,168,2.89736,2.94258,-0.664024,0.778212,1.72197,1,0,1
H34620,H,303.7,312.6,1711,27.6,170,2.90497,2.84843,2.36359,-2.46096,1.75582,1,0,0
M20067,M,303.8,312.7,1488,41.3,175,2.92257,2.93436,-0.292676,0.315767,1.90741,1,0,1
L52388,L,303.8,312.7,1664,29.3,178,2.98153,2.91678,2.03155,-2.24518,2.02906,1,0,0
M20069,M,303.8,312.7,1507,38.5,180,2.94042,2.94483,0.104149,-0.386221,2.03045,1,0,0
L52390,L,303.7,312.6,1466,42.5,183,2.91694,2.86098,-0.684679,0.588092,2.16603,1,0,1
L52391,L,303.7,312.5,1433,53.6,185,2.92034,2.78459,-1.386,2.61935,2.15856,1,0,1
L52392,L,303.7,312.5,1397,45.7,187,2.88331,2.8303,-2.01767,1.36579,2.28576,1,0,0
M20073,M,303.7,312.6,1429,43.3,189,2.88255,2.87508,-1.44492,0.777678,2.31344,1,0,1
L52394,L,303.7,312.7,1572,37.2,192,2.95901,2.95441,1.10699,-0.711804,2.39077,1,0,0
M20075,M,303.7,312.7,1532,42.7,194,2.88814,2.93688,0.465903,0.661651,2.4857,1,0,0
M20076,M,303.7,312.7,1316,51.8,197,2.92894,2.92876,-2.88204,2.43074,2.57258,1,0,1
M20077,M,303.8,312.8,1420,47.9,200,2.98347,2.94807,-1.6193,1.79946,2.6224,1,0,1
L52398,L,303.8,312.9,1589,37.2,203,2.98297,2.9333,1.327,-0.694903,2.71836,1,0,1
L52399,L,303.8,313,1365,59.9,205,2.99033,3.00146,-2.4912,2.96109,2.75407,1,1,1
L52400,L,303.8,313,1633,32.9,207,2.98872,3.05434,1.79251,-1.61412,2.85833,1,0,0
L52401,L,303.9,313,1626,31.4,209,2.99136,3.01123,1.69735,-1.89801,2.87622,1,0,1
L52402,L,303.9,313.1,1665,29.6,0,2.98594,3.03354,2.03073,-2.21015,-3.05864,1,0,0
M20083,M,303.9,313.2,1350,47.2,2,3.01604,3.05834,-2.66981,1.64257,-3.02584,1,0,0
L52404,L,303.9,313.2,1590,31.9,5,3.03215,3.06305,1.32932,-1.81304,-2.98541,1,0,1
M20085,M,304,313.2,1437,53.9,7,3.02495,3.06806,-1.29989,2.65365,-2.88292,1,0,1
L52406,L,303.9,313,1403,48.3,10,3.02119,3.00179,-1.88557,1.88362,-2.79222,1,0,1
L52407,L,303.9,313.1,1440,41.1,12,3.01005,3.01763,-1.22836,0.24343,-2.77356,1,0,1
M20088,M,303.9,313.1,1343,61.4,14,3.06157,3.05618,-2.75756,3.03559,-2.70681,1,0,0
H34643,H,303.9,313.1,1790,26.7,17,3.0127,3.04334,2.62973,-2.60274,-2.58653,1,0,0
M20090,M,303.8,313.1,2117,18.6,22,2.96683,3.02086,3.0489,-3.05673,-2.40189,1,0,0
L52411,L,303.8,313.1,1458,42.2,25,2.98879,3.05272,-0.84494,0.561602,-2.40469,1,0,0
L52412,L,303.6,312.9,1381,57.8,27,2.86873,2.96756,-2.27512,2.93611,-2.28835,1,0,1
L52413,L,303.6,312.9,1450,45.3,29,2.82787,2.97024,-1.03023,1.27941,-2.28672,1,0,1
L52414,L,303.7,312.9,1461,50.1,31,2.92258,2.96884,-0.791035,2.182,-2.24474,1,0,0
M20095,M,303.7,312.9,1511,41,33,2.93559,2.96027,0.135025,0.252544,-2.13871,1,0,0
L52416,L,303.8,313.1,1394,45.4,36,3.01476,3.05872,-2.09492,1.27859,-2.04113,1,0,1
L52417,L,303.8,313,1499,42.3,38,2.98241,2.98819,-0.0506938,0.524931,-1.9785,1,0,0
L52418,L,303.7,313,1457,44.1,40,2.89119,2.99812,-0.907909,0.94672,-1.93957,1,0,1
L52419,L,303.7,313,1753,29,42,2.89865,3.01399,2.52031,-2.25158,-1.85346,1,0,0
L52420,L,303.7,313,1694,28,44,2.92202,3.00542,2.26195,-2.3723,-1.81444,1,0,0
L52421,L,303.7,313.1,1683,28.4,46,2.90796,3.04897,2.17144,-2.36599,-1.77992,1,0,0
L52422,L,303.7,313.1,1496,47.4,48,2.90841,3.05926,-0.12487,1.71946,-1.71844,1,0,0
L52423,L,303.7,313.1,1721,34.8,50,2.91655,3.03468,2.42648,-1.2328,-1.66259,1,0,1
L52424,L,303.6,313,1593,31.6,52,2.88316,2.96547,1.33644,-1.84992,-1.62466,1,0,0
L52425,L,303.6,313,1575,38.3,54,2.91981,3.01431,1.18005,-0.423416,-1.56671,1,0,0
L52426,L,303.5,313,1465,41,56,2.80992,2.97795,-0.702791,0.209519,-1.5108,1,0,0
L52427,L,303.6,313.1,1405,38.3,58,2.89852,3.02083,-1.89623,-0.394024,-1.36998,1,0,0
M20108,M,303.5,313,1902,21.6,60,2.79369,2.95556,2.87334,-2.9288,-1.35423,1,0,0
M20109,M,303.4,312.9,1422,39.9,63,2.75107,2.93204,-1.56781,-0.0597892,-1.28401,1,0,0
L52430,L,303.5,312.9,1332,52.9,66,2.83837,2.98577,-2.8194,2.59179,-1.19187,1,0,1
M20111,M,303.4,312.9,1307,54.3,68,2.77502,2.92135,-2.99101,2.69704,-1.15856,1,0,1
L52432,L,303.5,313,1322,59.5,71,2.82839,2.99937,-2.91885,2.96959,-1.03877,1,0,0
L52433,L,303.5,313,1547,40.3,73,2.85016,2.99596,0.723702,0.0539485,-0.978116,1,0,1
L52434,L,303.5,313.1,1897,23.6,75,2.87427,3.02389,2.89008,-2.81802,-0.909729,1,0,0
M20115,M,303.5,313,1403,51.9,77,2.83746,2.98723,-1.89558,2.46615,-0.866081,1,0,0
L52436,L,303.5,313,1393,51.6,80,2.84476,3.02337,-2.06206,2.38194,-0.763873,1,0,0
L52437,L,303.5,313,1482,38.5,82,2.84907,2.97116,-0.397397,-0.360672,-0.721168,1,0,1
M20118,M,303.5,312.9,1572,44.7,84,2.80244,2.95511,1.11216,1.12322,-0.675856,1,0,0
L52439,L,303.5,312.9,1544,36.9,87,2.83378,2.98043,0.702522,-0.754794,-0.550917,1,0,1
M20120,M,303.5,313,1492,46.1,89,2.81196,3.06845,-0.21265,1.40538,-0.534172,1,0,0
L52441,L,303.4,312.8,1513,35.8,92,2.76153,2.9784,0.205131,-1.01532,-0.459367,1,0,0
L52442,L,303.4,312.8,1449,43.9,94,2.76461,2.97009,-1.04739,0.934685,-0.377653,1,0,1
L52443,L,303.5,312.8,1877,22.3,96,2.82365,2.95305,2.86904,-2.87848,-0.346969,1,0,1
L52444,L,303.4,312.8,1376,53.4,98,2.77737,2.95457,-2.33209,2.64935,-0.251941,1,0,0
M20125,M,303.5,312.9,1883,23.3,100,2.81567,2.97098,2.87435,-2.83267,-0.185708,1,0,1
M20126,M,303.4,312.8,1518,38.7,103,2.7821,2.97483,0.243166,-0.324226,-0.144336,1,0,0
M20127,M,303.5,312.9,1438,42.8,106,2.79685,2.98517,-1.28647,0.667203,-0.0777613,1,0,1
L52448,L,303.4,312.9,1389,54.1,109,2.7744,2.94319,-2.14379,2.68698,0.0550447,1,0,1
L52449,L,303.5,312.9,1504,44.8,111,2.83897,2.98085,0.00489506,1.17104,0.0760696,1,0,0
L52450,L,303.5,312.9,1275,64.4,113,2.81758,2.93128,-3.08768,3.09779,0.153804,1,0,0
L52451,L,303.6,313,1534,39.7,115,2.90071,3.03705,0.527759,-0.10314,0.213868,1,0,0
M20132,M,303.6,313,1396,38.2,117,2.87471,3.0045,-2.03746,-0.500881,0.227284,1,0,0
L52453,L,303.6,313.1,1395,44.1,120,2.89982,3.02546,-2.03643,0.958456,0.342341,1,0,0
L52454,L,303.6,313,1617,30.9,122,2.90562,3.01309,1.63513,-2.00674,0.407777,1,0,0
L52455,L,303.7,313.1,1423,41.2,124,2.90977,3.0256,-1.56861,0.253957,0.47266,1,0,1
L52456,L,303.5,313,1606,34,126,2.8312,3.02224,1.47017,-1.39155,0.488612,1,0,1
L52457,L,303.5,312.9,1501,44,128,2.82038,2.97152,-0.0261983,0.943525,0.566161,1,0,0
M20138,M,303.5,312.9,1618,30.4,130,2.83989,2.99149,1.61586,-2.09412,0.640301,1,0,1
L52459,L,303.6,313,1522,35.8,133,2.81644,3.03792,0.310462,-1.04684,0.733212,1,0,0
L52460,L,303.6,312.9,1480,41.4,135,2.86767,3.00003,-0.449383,0.30266,0.79393,1,0,1
M20141,M,303.7,313,1469,39.9,137,2.91868,3.00508,-0.652082,-0.00714443,0.858949,1,0,1
H34696,H,303.8,313.2,1381,52.4,140,3.00854,3.06208,-2.23344,2.47942,0.878966,1,0,0
L52463,L,303.8,313.2,1525,41.9,145,3.03213,3.05874,0.344865,0.427516,1.03403,1,0,0
M20144,M,303.8,313.2,1732,29.6,147,2.9619,3.05036,2.44094,-2.17786,1.13103,1,0,1
L52465,L,303.8,313.1,1523,39.8,150,2.99538,3.03131,0.346826,-0.0563415,1.24879,1,0,1
L52466,L,303.8,313.1,1422,42.4,152,2.95032,2.99702,-1.59831,0.613793,1.26988,1,0,0
H34701,H,303.8,313.2,1506,46.9,154,3.02559,3.05364,0.0477383,1.6007,1.36159,1,0,1
L52468,L,303.8,313.2,1531,39.4,159,2.99369,3.05253,0.487231,-0.137509,1.48213,1,0,1
M20149,M,303.9,313.3,1507,34.3,161,3.02749,3.11645,0.0806647,-1.35956,1.53107,1,0,0
L52470,L,303.9,313.3,1526,40.7,164,3.04423,3.08236,0.381107,0.146681,1.5981,1,0,0
L52471,L,303.8,313.3,1406,52.1,166,2.96734,3.14159,-1.86139,2.43425,1.65154,1,0,0
M20152,M,303.9,313.3,1567,35,168,3.06387,3.057,1.01637,-1.19677,1.72459,1,0,1
M20153,M,303.9,313.4,1464,49.1,171,3.0574,3.11062,-0.748798,2.00544,1.83069,1,0,0
L52474,L,303.9,313.4,1442,48.5,174,3.0473,3.11877,-1.20028,1.94564,1.90981,1,0,0
L52475,L,303.8,313.2,1336,47.8,176,3.01752,3.0273,-2.82642,1.80059,1.94686,1,0,1
H34710,H,303.8,313.2,1379,50.2,178,2.98609,3.08125,-2.27651,2.19254,2.02127,1,0,1
L52477,L,303.7,313.1,1406,48.6,183,2.92385,3.04349,-1.87462,1.89294,2.16383,1,0,1
M20158,M,303.7,313.1,2130,18.1,185,2.89884,3.07302,3.04504,-3.04583,2.21774,1,0,0
L52479,L,303.7,313.1,1355,49.1,188,2.91777,3.08079,-2.61485,2.03705,2.3051,1,0,1
M20160,M,303.8,313.2,1710,26.5,190,2.99474,3.07802,2.36393,-2.58571,2.32951,1,0,0
L52481,L,303.8,313.1,1309,55.8,193,3.00402,3.11719,-2.96924,2.82728,2.44355,1,0,0
L52482,L,303.9,313.1,1491,37.2,195,3.09779,2.99463,-0.226828,-0.730324,2.53319,1,0,0
L52483,L,303.9,313.2,1481,44.1,197,3.03201,3.0664,-0.405725,1.02007,2.59719,1,0,0
L52484,L,303.9,313.1,1425,49.3,199,3.05305,2.97246,-1.55093,2.05972,2.6339,1,0,1
H34719,H,303.9,313.2,1680,29.1,201,2.9751,3.08408,2.16739,-2.2357,2.65236,1,0,1
H34720,H,304,313.2,1612,31.7,206,3.03174,3.0293,1.56493,-1.86122,2.78396,1,0,0
L52487,L,304,313.3,1530,34.8,211,3.07253,3.10571,0.439335,-1.30205,2.94592,1,0,0
L52488,L,304,313.2,1481,42.6,213,2.99986,3.03036,-0.440623,0.601747,2.97192,1,0,0
M20169,M,303.9,313.2,1422,48,215,3.04781,3.08079,-1.61487,1.85594,3.01297,1,1,1
L52490,L,303.8,313,1427,43,0,3.00663,3.03232,-1.5099,0.693384,-3.1221,1,0,1
H34725,H,303.7,312.9,1460,49.8,2,2.90043,2.98999,-0.806982,2.12689,-3.02348,1,0,1
L52492,L,303.6,312.9,1873,23.5,7,2.89486,2.96628,2.82349,-2.85002,-2.88938,1,0,0
M20173,M,303.7,312.9,1566,32.6,9,2.89464,2.9758,1.0227,-1.66668,-2.84873,1,0,1
L52494,L,303.6,312.8,1701,30.8,12,2.93511,2.91897,2.31863,-1.99719,-2.74536,1,0,1
L52495,L,303.6,312.8,1710,27.2,14,2.88384,2.92578,2.3687,-2.55208,-2.69879,1,0,0
M20176,M,303.6,312.8,1689,33.1,16,2.86926,2.90389,2.22468,-1.60147,-2.58152,1,0,1
L52497,L,303.6,312.7,1637,32.9,19,2.86391,2.89283,1.82381,-1.61871,-2.54891,1,0,1
L52498,L,303.5,312.6,1496,39,21,2.78758,2.89014,-0.107308,-0.242064,-2.4799,1,0,1
M20179,M,303.5,312.7,1402,47,23,2.82917,2.91523,-1.93422,1.6137,-2.41851,1,0,1
L52500,L,303.4,312.7,1363,45.5,26,2.75741,2.904,-2.54692,1.28319,-2.33627,1,0,0
M20181,M,303.4,312.7,1576,49.9,28,2.76932,2.91152,1.14809,2.17133,-2.27926,1,0,0
M20182,M,303.4,312.7,1357,55.3,31,2.81281,2.90749,-2.58287,2.75242,-2.21667,1,0,0
M20183,M,303.4,312.7,1399,48.4,34,2.81707,2.8724,-2.0223,1.91074,-2.09123,1,0,1
M20184,M,303.4,312.8,1526,30.8,37,2.7523,2.91412,0.397953,-2.02093,-1.98774,1,0,0
L52505,L,303.5,312.7,1694,27.3,40,2.83723,2.89388,2.24818,-2.52827,-1.98422,1,0,1
M20186,M,303.5,312.7,1420,49.1,42,2.80299,2.86296,-1.61783,2.025,-1.90454,1,0,0
M20187,M,303.5,312.7,2116,16.7,45,2.87164,2.8587,3.07076,-3.07641,-1.78908,1,0,1
M20188,M,303.7,312.9,1406,41.9,48,2.91596,2.93544,-1.85879,0.470918,-1.74453,1,0,0
L52509,L,303.7,313,1456,45.5,51,2.91883,2.99293,-0.91124,1.30141,-1.61302,1,0,1
L52510,L,303.6,312.9,1588,31.9,53,2.86965,2.98346,1.28057,-1.81646,-1.58935,1,0,0
L52511,L,303.7,312.8,1448,44.5,55,2.90111,2.9224,-1.03558,1.05441,-1.44697,1,0,1
H34746,H,303.6,312.7,1403,46.2,57,2.84641,2.84128,-1.94131,1.41747,-1.43093,1,0,0
M20193,M,303.5,312.6,1405,51.6,62,2.83643,2.86025,-1.89808,2.3873,-1.25234,1,0,1
M20194,M,303.4,312.6,2706,9.8,65,2.75591,2.87717,3.14159,-3.13098,-1.21862,1,1,1
M20195,M,303.3,312.4,1505,38.9,68,2.69102,2.78876,0.0415869,-0.313847,-1.11901,1,0,0
L52516,L,303.2,312.4,1663,33.7,71,2.67299,2.74805,2.02763,-1.45765,-1.01883,1,0,1
M20197,M,303.3,312.6,1482,44.4,73,2.72278,2.8377,-0.41934,1.05307,-0.994828,1,0,0
M20198,M,303.3,312.5,1674,32.7,76,2.74789,2.82456,2.13328,-1.68213,-0.885066,1,0,1
M20199,M,303.4,312.7,1594,32.8,79,2.76646,2.90588,1.38012,-1.67109,-0.810717,1,0,1
L52520,L,303.5,312.7,1393,49.3,82,2.81737,2.89063,-2.11374,2.06672,-0.738112,1,0,1
H34755,H,303.5,312.8,1404,55.8,84,2.81456,2.95087,-1.92894,2.81497,-0.688344,1,0,0
M20202,M,303.5,312.8,1375,45.7,89,2.8398,2.94506,-2.38907,1.34483,-0.523675,1,0,1
L52523,L,303.5,312.8,1607,38.4,92,2.86755,2.97418,1.52934,-0.383066,-0.501771,1,0,1
L52524,L,303.4,312.8,1360,50.8,94,2.74372,2.91343,-2.54136,2.29602,-0.374151,1,0,0
L52525,L,303.5,312.8,1524,39.4,96,2.84305,2.9372,0.362881,-0.183939,-0.318606,1,0,1
L52526,L,303.4,312.7,1534,35.5,98,2.75537,2.91934,0.517672,-1.11628,-0.297267,1,0,0
L52527,L,303.3,312.7,1262,63.8,100,2.75285,2.87437,-3.14159,3.07381,-0.231955,1,0,1
L52528,L,303.3,312.6,1623,34.6,102,2.74001,2.87812,1.71462,-1.28584,-0.145493,1,0,1
M20209,M,303.3,312.7,1642,33.6,104,2.76909,2.92042,1.8837,-1.49532,-0.086936,1,0,1
M20210,M,303.4,312.8,1622,35.1,107,2.75408,2.9483,1.66368,-1.17571,-0.0286053,1,0,1
M20211,M,303.5,312.9,1530,34.5,110,2.85041,3.00087,0.488321,-1.33102,0.0913032,1,0,1
M20212,M,303.4,312.8,1590,36.3,113,2.72221,2.93311,1.29692,-0.913363,0.127988,1,0,1
L52533,L,303.4,312.7,1589,34,116,2.75673,2.87518,1.33312,-1.37386,0.266856,1,0,1
L52534,L,303.4,312.6,1462,37.5,118,2.81559,2.88345,-0.791459,-0.645282,0.26941,1,0,1
H34769,H,303.3,312.5,1328,49.8,120,2.71363,2.85309,-2.87015,2.13669,0.327718,1,0,1
H34770,H,303.3,312.6,1692,29,125,2.77536,2.89976,2.23721,-2.25021,0.505199,1,0,0
L52537,L,303.3,312.5,1968,20.6,130,2.75068,2.83725,2.95827,-2.94157,0.660035,1,0,0
H34772,H,303.3,312.6,1827,24.2,132,2.73846,2.90481,2.75331,-2.77952,0.718275,1,0,1
M20219,M,303.3,312.6,1397,47.1,137,2.68145,2.87569,-1.99927,1.6303,0.866318,1,0,0
L52540,L,303.3,312.6,1463,44,140,2.71049,2.8543,-0.746625,0.939627,0.927874,1,0,0
L52541,L,303.3,312.7,1643,30.7,142,2.70512,2.90386,1.87907,-2.02754,0.999919,1,0,1
L52542,L,303.2,312.6,1281,57,144,2.68632,2.87433,-3.04392,2.896,1.05867,1,0,0
L52543,L,303.2,312.5,1518,39.9,146,2.67816,2.85976,0.253882,-0.069879,1.06796,1,0,1
L52544,L,303.2,312.6,1601,35.3,148,2.66544,2.89925,1.46501,-1.17969,1.16392,1,0,0
L52545,L,303.1,312.6,1548,36.4,150,2.6833,2.86837,0.757563,-0.902754,1.20216,1,0,1
H34780,H,303.1,312.6,1404,40.6,152,2.67428,2.88957,-1.92693,0.160532,1.28429,1,0,0
M20227,M,303.1,312.5,1766,26.7,157,2.69541,2.86225,2.59028,-2.55798,1.39625,1,0,1
M20228,M,303.1,312.5,1667,30,160,2.6369,2.83624,2.09898,-2.12607,1.478,1,0,0
H34783,H,303,312.5,1507,37.9,163,2.66161,2.83385,0.0523717,-0.523676,1.60796,1,0,1
H34784,H,303,312.4,1627,37.1,168,2.66955,2.7602,1.68195,-0.683266,1.69198,1,0,0
L52551,L,302.9,312.3,1435,47.7,173,2.60278,2.77138,-1.32859,1.77582,1.82385,1,0,0
H34786,H,302.9,312.3,1509,46.8,175,2.58533,2.74579,0.0752424,1.5408,1.94554,1,0,0
M20233,M,302.9,312.3,1809,25,180,2.58987,2.77739,2.72505,-2.71599,2.05537,1,0,0
L52554,L,302.9,312.3,1515,40.8,183,2.59221,2.7417,0.204547,0.160004,2.15197,1,0,1
L52555,L,302.9,312.3,1530,34.9,185,2.59944,2.73793,0.4571,-1.21633,2.25708,1,0,0
H34790,H,302.8,312.3,1336,57.5,187,2.56472,2.75568,-2.78957,2.92035,2.2905,1,0,0
L52557,L,302.9,312.4,2030,19.1,192,2.60872,2.7626,3.03078,-3.00675,2.41941,1,0,0
L52558,L,302.9,312.4,1550,36.9,194,2.61634,2.72999,0.767321,-0.754224,2.43615,1,0,0
L52559,L,302.9,312.4,1446,41.7,196,2.5783,2.77301,-1.14994,0.380239,2.57888,1,0,1
L52560,L,302.8,312.3,1494,37.5,198,2.56828,2.75023,-0.134486,-0.649433,2.58436,1,0,0
L52561,L,302.8,312.4,1651,27,200,2.56944,2.83968,1.97232,-2.52824,2.66231,1,0,0
L52562,L,302.9,312.4,1698,33.8,202,2.58999,2.83806,2.27904,-1.43261,2.73511,1,0,0
L52563,L,302.8,312.3,1504,40.3,204,2.52942,2.74178,0.00788594,0.0804125,2.79395,1,0,1
M20244,M,302.9,312.4,1421,46,206,2.6495,2.83649,-1.57534,1.4197,2.78898,1,0,1
H34799,H,302.9,312.3,1754,26.9,209,2.61063,2.75254,2.56553,-2.54431,2.8696,1,0,1
L52566,L,302.9,312.2,1469,42,214,2.57548,2.6821,-0.600296,0.468773,2.96463,1,0,0
L52567,L,302.8,312.2,1433,50,216,2.57814,2.70004,-1.36967,2.12699,3.00042,1,0,0
M20248,M,302.8,312.3,1432,49,218,2.55471,2.71615,-1.40994,2.00596,3.01388,1,0,1
L52569,L,302.8,312.3,1366,49.1,221,2.56566,2.74908,-2.46336,2.02799,3.05063,1,0,1
H34804,H,302.8,312.3,1483,47.2,223,2.55171,2.72608,-0.371495,1.66508,3.08795,1,0,1
L52571,L,302.7,312.2,1572,34.4,228,2.52906,2.63214,1.12843,-1.30364,3.10993,1,0,0
L52572,L,302.8,312.2,1481,40.2,230,2.56337,2.68868,-0.408936,-0.0188572,3.10692,1,0,1
L52573,L,302.8,312.3,1473,42.6,232,2.57482,2.75522,-0.586827,0.605886,3.12145,1,0,1
M20254,M,302.8,312.3,1262,70.5,234,2.58315,2.77224,-3.08772,3.14159,3.10282,1,1,1
L52575,L,302.8,312.4,1529,36.8,237,2.60399,2.73989,0.473438,-0.780205,3.13329,1,0,1
L52576,L,302.8,312.4,1523,39.7,239,2.54782,2.7845,0.335246,-0.0793706,3.07456,1,0,1
M20257,M,302.8,312.3,1416,42.7,241,2.57,2.65975,-1.7053,0.622439,3.14159,1,0,0
L52578,L,302.9,312.4,1923,23.9,244,2.60254,2.77027,2.87368,-2.80164,3.14145,1,0,1
H34813,H,302.8,312.4,1411,53.8,246,2.57068,2.76978,-1.80317,2.65472,3.14159,1,1,1
L52580,L,302.7,312.4,1477,46.3,251,2.50352,2.77855,-0.499687,1.42284,3.14159,1,1,1
M20261,M,302.6,312.3,1454,54.8,253,2.50032,2.68347,-0.921202,2.73747,3.13196,1,1,1
L52582,L,302.7,312.3,1421,48.5,0,2.52953,2.69874,-1.6179,1.94085,-3.13844,1,0,0
L52583,L,302.7,312.3,1858,25.4,2,2.57348,2.71187,2.80207,-2.66994,-3.06487,1,0,0
H34818,H,302.8,312.5,1422,46.1,4,2.55478,2.8775,-1.57763,1.41997,-2.997,1,0,0
L52585,L,302.7,312.4,1444,48.7,9,2.54123,2.80576,-1.16576,1.98359,-2.84093,1,0,0
L52586,L,302.7,312.4,1360,47.8,11,2.52063,2.80947,-2.57317,1.75075,-2.79767,1,0,0
L52587,L,302.7,312.4,1954,24.8,13,2.52665,2.78072,2.97215,-2.69613,-2.74249,1,0,0
L52588,L,302.6,312.4,1628,33,15,2.49474,2.77898,1.75,-1.59528,-2.67072,1,0,1
L52589,L,302.7,312.4,1433,44.2,17,2.53602,2.78916,-1.36309,0.992142,-2.60568,1,0,0
M20270,M,302.7,312.5,1417,51.5,19,2.53483,2.84325,-1.69122,2.38554,-2.55402,1,0,0
L52591,L,302.8,312.6,1462,39.4,22,2.55007,2.8912,-0.773042,-0.162326,-2.42452,1,0,1
L52592,L,302.9,312.6,1328,59.9,24,2.61799,2.85736,-2.83418,3.00392,-2.42997,1,0,0
H34827,H,302.7,312.5,1527,36.4,26,2.50732,2.81306,0.412742,-0.898769,-2.36561,1,0,0
L52594,L,302.6,312.3,1534,34.3,31,2.4813,2.74565,0.522483,-1.36164,-2.17551,1,0,0
M20275,M,302.6,312.4,1410,50.3,33,2.46912,2.7764,-1.7806,2.21126,-2.14451,1,0,0
L52596,L,302.6,312.3,1660,30.3,36,2.48134,2.717,2.02474,-2.10685,-2.04734,1,0,1
L52597,L,302.6,312.4,1386,45.8,38,2.50206,2.74256,-2.17952,1.41246,-1.9884,1,0,1
L52598,L,302.6,312.4,1398,41.6,40,2.48995,2.7726,-1.99619,0.413766,-1.90531,1,0,0
L52599,L,302.6,312.3,1321,53.4,42,2.47025,2.73747,-2.91632,2.58444,-1.89306,1,0,0
L52600,L,302.6,312.3,1512,34.2,44,2.48597,2.75743,0.196849,-1.3801,-1.80543,1,0,0
M20281,M,302.6,312.3,1566,36.6,46,2.4467,2.71151,1.0222,-0.822765,-1.81148,1,0,1
M20282,M,302.7,312.4,1422,44.5,49,2.50796,2.74414,-1.57223,1.06462,-1.6849,1,0,1
L52603,L,302.6,312.3,1647,31.8,52,2.49502,2.72598,1.90858,-1.81735,-1.52865,1,0,0
L52604,L,302.6,312.2,1377,45.5,54,2.46605,2.70317,-2.3331,1.31247,-1.54565,1,0,1
L52605,L,302.5,312.2,1775,27.9,56,2.37154,2.66193,2.62546,-2.38075,-1.50893,1,0,0
L52606,L,302.6,312.3,1554,42,58,2.46491,2.72101,0.819835,0.41521,-1.46509,1,0,1
L52607,L,302.7,312.4,1423,51.9,60,2.52315,2.8069,-1.56545,2.42574,-1.34852,1,0,0
L52608,L,302.7,312.4,1453,47.3,62,2.5173,2.8124,-0.925102,1.68743,-1.28434,1,0,0
L52609,L,302.8,312.4,1590,34.4,64,2.60118,2.78391,1.32325,-1.32149,-1.27957,1,0,1
L52610,L,302.8,312.5,1694,28.4,66,2.55928,2.85602,2.3006,-2.36221,-1.15524,1,0,0
L52611,L,302.8,312.5,1462,43.4,68,2.55899,2.80699,-0.792279,0.794859,-1.14453,1,0,1
L52612,L,302.8,312.4,1392,46.2,70,2.58312,2.78536,-2.11231,1.45063,-1.06546,1,0,0
L52613,L,302.9,312.5,1550,45.5,72,2.63905,2.86239,0.781732,1.2803,-1.06849,1,0,0
L52614,L,302.9,312.5,1629,30.4,74,2.58728,2.85673,1.75693,-2.06955,-0.971484,1,0,1
M20295,M,303,312.5,1524,42.1,76,2.61417,2.79088,0.344969,0.492906,-0.969712,1,0,0
M20296,M,302.9,312.5,1679,30.9,79,2.65756,2.82176,2.15915,-1.95335,-0.793307,0,0,0
M20297,M,302.9,312.6,1394,46.4,82,2.6243,2.87731,-2.04737,1.50065,-0.72019,1,0,1
L52618,L,302.9,312.5,1683,32.1,85,2.6021,2.84114,2.16542,-1.78101,-0.639148,1,0,1
L52619,L,303,312.5,1626,30.5,87,2.68392,2.83172,1.71084,-2.07345,-0.532235,1,0,1
H34854,H,303,312.5,1698,30,89,2.64962,2.84656,2.2621,-2.14382,-0.569291,1,0,1
M20301,M,303,312.6,1392,42.9,94,2.65298,2.87595,-2.06743,0.697957,-0.372689,1,0,0
L52622,L,303.1,312.7,1353,51.8,97,2.68421,2.91803,-2.63138,2.43638,-0.298526,1,0,0
M20303,M,303,312.7,1426,46.8,99,2.65539,2.91112,-1.50622,1.57511,-0.238119,1,0,1
L52624,L,303,312.7,2024,19.9,102,2.6335,2.94355,3.00038,-3.00024,-0.11546,1,0,1
M20305,M,303,312.8,1648,32.1,104,2.68215,2.94112,1.90892,-1.76108,-0.0863183,1,0,0
L52626,L,303.1,312.9,1511,40.1,107,2.68706,2.97792,0.1364,-0.0582528,-0.0141181,1,0,0
L52627,L,303.1,312.8,1465,44.1,109,2.6771,2.96293,-0.738315,0.97286,0.00936945,1,0,1
L52628,L,303,312.7,1551,41.8,111,2.68165,2.9458,0.829374,0.443012,0.0926296,1,0,0
L52629,L,303.1,312.8,2329,15.1,113,2.66649,2.9506,3.11543,-3.14159,0.130229,1,0,1
H34864,H,303.1,312.8,1435,41.9,115,2.66706,2.96549,-1.29589,0.477755,0.187939,1,0,1
L52631,L,303,312.7,1361,48.8,120,2.66009,2.91972,-2.56269,1.95974,0.370757,1,0,1
M20312,M,303,312.7,1553,35.8,122,2.67568,2.89763,0.816262,-1.04783,0.447623,1,0,0
L52633,L,303,312.6,1451,42.1,125,2.69497,2.88026,-1.00691,0.512113,0.508295,1,0,0
L52634,L,303,312.5,1461,40.2,127,2.64353,2.83017,-0.801236,0.000155064,0.578187,1,0,1
M20315,M,303.1,312.6,1895,23.5,129,2.67877,2.89032,2.85608,-2.80209,0.598604,1,0,0
M20316,M,303.1,312.6,1567,32.9,132,2.66258,2.87183,1.02453,-1.6514,0.687875,1,0,1
M20317,M,303,312.5,1602,33.7,135,2.67398,2.8384,1.46125,-1.44192,0.801229,1,0,1
L52638,L,303.1,312.6,1514,42.1,138,2.69495,2.88809,0.179139,0.533443,0.825718,1,0,0
L52639,L,303.1,312.5,1453,49.1,140,2.64751,2.80344,-0.91006,2.01709,0.943991,1,0,1
M20320,M,303,312.4,1526,36.1,142,2.63558,2.76864,0.405827,-0.962028,0.987355,1,0,0
M20321,M,302.9,312.3,1339,52.1,145,2.61643,2.71982,-2.76172,2.4659,1.06259,1,0,1
L52642,L,302.9,312.3,1889,22.8,148,2.60488,2.75766,2.84697,-2.85587,1.17392,1,0,0
L52643,L,302.9,312.4,1561,34.8,150,2.59104,2.78973,0.979015,-1.23847,1.24936,1,0,0
M20324,M,302.9,312.4,1659,33.1,152,2.65017,2.78557,1.99167,-1.58534,1.28676,1,0,0
L52645,L,302.9,312.4,1424,49.5,155,2.53062,2.79393,-1.52439,2.07577,1.36323,1,0,0
M20326,M,302.9,312.3,1426,44.7,157,2.59232,2.68586,-1.49502,1.12164,1.4253,1,0,1
L52647,L,302.9,312.4,1383,51.4,160,2.59808,2.83295,-2.23469,2.3783,1.48552,1,0,0
L52648,L,302.8,312.3,1764,29.9,162,2.57183,2.74342,2.6088,-2.16233,1.52253,1,0,0
M20329,M,302.7,312.2,1439,42.5,164,2.53742,2.72838,-1.25701,0.600811,1.56855,1,0,0
M20330,M,302.7,312.2,1585,35.5,167,2.54716,2.67272,1.28542,-1.10495,1.71525,1,0,1
L52651,L,302.7,312.3,1346,61.2,170,2.57598,2.72055,-2.6787,3.03075,1.79498,1,0,1
L52652,L,302.8,312.3,1386,57.8,172,2.63514,2.71607,-2.19195,2.90817,1.84881,1,0,1
L52653,L,302.7,312.2,1369,51.8,174,2.56295,2.69049,-2.43485,2.4297,1.88749,1,0,1
M20334,M,302.7,312.1,1378,46.9,176,2.54266,2.61785,-2.34465,1.60995,1.94007,1,0,0
L52655,L,302.7,312.2,1336,46.8,179,2.49561,2.66897,-2.81112,1.59235,2.01673,1,0,0
M20336,M,302.6,312.1,1445,42,181,2.51605,2.6391,-1.12566,0.447007,2.1066,1,0,1
L52657,L,302.7,312.1,1763,26.5,184,2.55819,2.61827,2.56906,-2.59993,2.18357,1,0,0
L52658,L,302.7,312.2,1611,34.1,186,2.48595,2.71356,1.5654,-1.42749,2.2629,1,0,1
M20339,M,302.7,312.1,1564,32.1,188,2.46458,2.60038,0.99889,-1.75385,2.29018,1,0,1
H34894,H,302.7,312.1,1478,36,191,2.49109,2.62306,-0.475098,-0.995572,2.37288,1,0,1
L52661,L,302.6,312,1781,28.5,196,2.53364,2.55979,2.6025,-2.35964,2.5461,1,0,0
L52662,L,302.6,312.1,1782,26.8,198,2.51497,2.62282,2.61272,-2.56625,2.6446,1,0,0
M20343,M,302.6,312.1,2000,21.9,200,2.51132,2.64398,2.96809,-2.9158,2.63117,0,0,0
M20344,M,302.5,312,1826,25.3,203,2.41643,2.5731,2.74728,-2.69929,2.6889,1,0,0
L52665,L,302.6,312.1,1344,51,206,2.52137,2.58421,-2.73825,2.28959,2.79549,1,0,1
L52666,L,302.6,312.2,1520,43,208,2.49415,2.68287,0.317634,0.696772,2.84837,0,0,0
M20347,M,302.6,312.1,1611,39.9,210,2.51361,2.61322,1.54475,0.00147312,2.9211,1,0,1
L52668,L,302.7,312.2,1450,52.1,213,2.49346,2.69895,-1.03582,2.45971,2.93081,1,1,1
L52669,L,302.6,312.1,1499,35,215,2.51575,2.62843,-0.0596319,-1.21449,2.99166,1,0,0
L52670,L,302.6,312.1,1288,68.5,0,2.48399,2.63777,-3.03338,3.13472,-3.12635,1,1,1
M20351,M,302.7,312.2,1350,58.6,2,2.51786,2.63813,-2.68372,2.92841,-3.05325,1,0,0
M20352,M,302.9,312.4,1334,50.9,5,2.62575,2.79143,-2.79474,2.31119,-2.98494,1,0,1
L52673,L,302.8,312.4,1376,57.1,8,2.6037,2.79692,-2.36211,2.85184,-2.87019,1,0,0
L52674,L,302.8,312.4,1368,49.5,10,2.61689,2.77037,-2.46157,2.09006,-2.82546,1,0,1
H34909,H,302.9,312.5,1357,55,12,2.59508,2.81678,-2.57058,2.74883,-2.76456,1,0,0
M20356,M,302.9,312.5,1924,24,17,2.59261,2.85603,2.89371,-2.75154,-2.61138,1,0,0
M20357,M,302.9,312.5,1551,40,20,2.65177,2.85533,0.779549,0.00274916,-2.5131,1,0,1
M20358,M,302.9,312.5,1903,21.2,23,2.65268,2.83423,2.91306,-2.94992,-2.44259,1,0,0
H34913,H,302.9,312.3,1417,48.7,26,2.64701,2.74966,-1.69502,1.94446,-2.33326,1,0,1
L52680,L,302.7,312.1,1601,35.2,31,2.5395,2.59437,1.46257,-1.12995,-2.20945,1,0,0
L52681,L,302.7,312.1,1543,37.5,33,2.52215,2.6199,0.674247,-0.605234,-2.18114,1,0,1
L52682,L,302.6,312.1,1439,52.3,35,2.49342,2.59024,-1.25816,2.50669,-2.09475,1,0,0
H34917,H,302.6,312,1657,29.3,37,2.49481,2.56868,1.9921,-2.25098,-2.02407,1,0,1
L52684,L,302.8,312.2,1458,51,42,2.54972,2.69077,-0.876291,2.26663,-1.86362,1,0,0
L52685,L,302.8,312.2,1746,27.4,44,2.57657,2.68506,2.50975,-2.47809,-1.84974,1,0,1
L52686,L,302.9,312.2,1677,30.5,46,2.61788,2.68759,2.16132,-2.10885,-1.78653,1,0,0
L52687,L,302.8,312.1,1520,39.9,48,2.60097,2.61089,0.273429,-0.0757939,-1.76063,1,0,1
L52688,L,302.9,312.2,1367,55.1,50,2.61586,2.70944,-2.45905,2.73932,-1.66297,1,0,0
L52689,L,302.8,312.2,1509,36.5,52,2.60377,2.69504,0.0920422,-0.860941,-1.60987,1,0,0
L52690,L,302.8,312.1,1418,51.4,54,2.53231,2.6181,-1.6502,2.37311,-1.52924,1,0,0
L52691,L,302.8,312.1,1958,20.3,56,2.58224,2.62657,2.92615,-2.98412,-1.48541,1,0,1
L52692,L,302.8,312.2,1682,30.9,58,2.56846,2.68152,2.15772,-2.01327,-1.42547,1,0,0
M20373,M,302.8,312.2,1452,50.3,60,2.61717,2.67267,-0.968738,2.22302,-1.36436,1,0,0
L52694,L,302.7,312,1828,24,63,2.50431,2.59215,2.74952,-2.7896,-1.27946,1,0,0
H34929,H,302.7,312,1484,41.5,65,2.56388,2.53636,-0.354784,0.399075,-1.22287,1,0,1
L52696,L,302.6,312,1674,32.2,70,2.54291,2.57526,2.11993,-1.74503,-1.10235,1,0,1
L52697,L,302.6,311.9,1448,49.5,72,2.50555,2.55234,-1.08236,2.09525,-0.987853,0,0,0
M20378,M,302.5,311.8,2023,19.1,74,2.3458,2.41774,3.0226,-3.03991,-0.950411,1,0,0
L52699,L,302.5,311.9,1452,47.4,77,2.37909,2.53019,-0.98399,1.68569,-0.883927,1,0,0
M20380,M,302.6,312,1496,45,79,2.48132,2.56555,-0.124591,1.17993,-0.783896,1,0,0
L52701,L,302.6,311.9,1397,46.9,82,2.51083,2.53112,-2.01619,1.66182,-0.741678,1,0,1
L52702,L,302.6,311.9,1453,39.1,84,2.49868,2.59628,-0.949404,-0.215263,-0.72982,1,0,1
M20383,M,302.5,311.9,1524,34.8,86,2.3982,2.55131,0.37678,-1.26289,-0.594457,1,0,0
L52704,L,302.6,311.9,1633,30.9,89,2.45654,2.54765,1.78074,-1.99695,-0.538974,1,0,1
M20385,M,302.6,312,1363,45.7,91,2.43038,2.54431,-2.5445,1.34758,-0.499821,1,0,1
L52706,L,302.5,311.9,1520,44.9,94,2.3639,2.5064,0.258397,1.16458,-0.39182,1,0,1
M20387,M,302.5,311.9,1532,38.8,96,2.4155,2.52978,0.519291,-0.297915,-0.320687,1,0,1
L52708,L,302.4,311.8,1384,50.9,99,2.3338,2.44828,-2.2206,2.27649,-0.239792,1,0,0
M20389,M,302.4,311.8,1539,39.9,101,2.33634,2.41646,0.578758,-0.0430454,-0.174092,0,0,0
M20390,M,302.3,311.8,1355,50.1,104,2.19229,2.47239,-2.59981,2.1491,-0.126388,1,0,0
M20391,M,302.3,311.7,1504,37.3,107,2.201,2.29531,0.00739682,-0.669568,-0.0185262,1,0,1
L52712,L,302.4,311.8,1476,46.6,110,2.32701,2.41889,-0.467785,1.51179,0.0496067,1,0,0
L52713,L,302.4,311.7,1721,26.9,112,2.36732,2.30684,2.38018,-2.57297,0.154978,1,0,0
M20394,M,302.3,311.7,1494,37.1,114,2.20761,2.26874,-0.192189,-0.714388,0.202102,1,0,1
L52715,L,302.3,311.7,1465,43.5,117,2.18028,2.32679,-0.753936,0.808428,0.230068,0,0,0
M20396,M,302.3,311.8,1363,54,119,2.20069,2.45043,-2.50597,2.63298,0.348793,1,1,1
L52717,L,302.4,311.8,1648,30,122,2.33812,2.49955,1.92562,-2.17706,0.408484,1,0,0
M20398,M,302.3,311.8,1879,23,124,2.17211,2.47633,2.84971,-2.82634,0.467124,1,0,0
H34953,H,302.3,311.7,1482,39,127,2.17301,2.29527,-0.391631,-0.288946,0.566839,1,0,0
L52720,L,302.4,311.8,1493,38.4,132,2.36693,2.43714,-0.192849,-0.413921,0.71851,1,0,0
L52721,L,302.4,311.8,1433,42.2,134,2.32924,2.45254,-1.34768,0.507842,0.752789,1,0,1
L52722,L,302.3,311.7,1400,41.6,136,2.19556,2.32164,-1.97028,0.374494,0.808072,0,0,0
L52723,L,302.4,311.8,1255,59,138,2.35927,2.45113,-3.13562,2.98234,0.87086,1,0,0
L52724,L,302.2,311.7,1471,45.6,140,2.0677,2.28896,-0.600087,1.30014,0.954948,1,0,0
H34959,H,302.2,311.6,1357,44.2,142,2.06787,2.18237,-2.58261,1.02033,0.994311,1,0,0
L52726,L,302.3,311.7,1453,41.2,147,2.21066,2.26913,-0.964525,0.308628,1.09236,1,0,1
M20407,M,302.3,311.7,1540,28.9,149,2.21633,2.26012,0.622482,-2.31668,1.18979,0,0,0
L52728,L,302.3,311.8,1605,35.2,152,2.20573,2.44756,1.463,-1.20459,1.27553,0,0,0
H34963,H,302.3,311.9,1374,52.4,154,2.23042,2.52288,-2.33763,2.47501,1.33317,1,0,0
M20410,M,302.3,311.9,1508,42.3,159,2.17996,2.51275,0.0784433,0.518056,1.44083,1,0,0
H34965,H,302.4,311.9,1366,47.3,162,2.32178,2.51246,-2.44299,1.68767,1.55281,0,0,0
H34966,H,302.5,312,1579,35.7,167,2.33015,2.58477,1.22481,-1.09491,1.67802,1,0,1
L52733,L,302.5,311.9,1306,59.7,172,2.35769,2.55744,-3.00897,2.96377,1.81186,1,0,1
M20414,M,302.5,312,1521,40.2,174,2.37961,2.57211,0.293878,0.0441727,1.90776,1,0,0
L52735,L,302.5,312,1411,44.2,177,2.35747,2.56691,-1.76959,1.03094,2.0115,1,0,1
H34970,H,302.5,312,1357,42,179,2.40228,2.55639,-2.58441,0.514355,2.03821,1,0,1
M20417,M,302.5,312,1436,43.5,184,2.35955,2.53217,-1.31148,0.78781,2.16407,1,0,1
L52738,L,302.5,311.9,1553,40.1,187,2.35325,2.52312,0.802405,0.00615434,2.27913,0,0,0
M20419,M,302.5,312,1451,43.2,189,2.39349,2.5788,-0.976655,0.74299,2.31399,1,0,1
L52740,L,302.4,311.9,1541,37.9,192,2.33663,2.53462,0.624936,-0.512385,2.45717,1,0,0
M20421,M,302.3,311.7,1341,46.3,194,2.22118,2.27667,-2.74339,1.4397,2.52866,1,0,0
L52742,L,302.3,311.7,1648,32.1,197,2.18828,2.26378,1.93974,-1.7864,2.5461,1,0,1
M20423,M,302.3,311.7,1640,31.5,199,2.23152,2.30758,1.81352,-1.8578,2.64674,0,0,0
L52744,L,302.4,311.8,1416,46.1,202,2.35952,2.4484,-1.68658,1.43055,2.70769,1,0,1
L52745,L,302.4,311.9,1671,29.9,204,2.35765,2.4898,2.08128,-2.16768,2.81305,1,0,1
L52746,L,302.4,312,1457,45.5,206,2.29957,2.5528,-0.880355,1.3195,2.79343,1,0,1
M20427,M,302.5,312,1445,54.8,0,2.37175,2.56445,-1.13695,2.74599,-3.13953,1,0,1
L52748,L,302.5,312.1,1534,38.6,3,2.36014,2.61752,0.548202,-0.359913,-2.99888,1,0,0
L52749,L,302.4,312,1508,36.9,5,2.32937,2.536,0.0577668,-0.79874,-2.93216,1,0,0
M20430,M,302.4,312.1,1492,47.7,7,2.3415,2.65742,-0.21905,1.82425,-2.89834,1,0,0
L52751,L,302.4,312,1562,37.9,10,2.29667,2.55684,0.956723,-0.506045,-2.82449,1,0,0
L52752,L,302.4,312,1545,36.4,12,2.3364,2.58959,0.700608,-0.896173,-2.73602,1,0,0
L52753,L,302.5,312.2,1738,25.3,14,2.40637,2.69979,2.47443,-2.63264,-2.68269,1,0,0
L52754,L,302.4,312,1305,49.1,16,2.33061,2.55349,-2.96295,1.98634,-2.59836,1,0,1
H34989,H,302.4,312,1477,39.7,18,2.3234,2.57513,-0.510943,-0.105235,-2.59289,1,0,0
H34990,H,302.4,312,1457,43.4,23,2.27739,2.60588,-0.897361,0.810142,-2.43822,1,0,1
L52757,L,302.4,312.1,1455,40.4,28,2.35178,2.6204,-0.901649,0.0897527,-2.33582,1,0,1
L52758,L,302.5,312.2,1574,38.7,30,2.35571,2.67307,1.11449,-0.336978,-2.22624,1,0,1
L52759,L,302.6,312.2,1695,27.1,32,2.45199,2.67295,2.2786,-2.52826,-2.15943,1,0,1
M20440,M,302.6,312.2,1458,38.8,34,2.42884,2.6854,-0.855161,-0.307757,-2.10717,1,0,1
M20441,M,302.5,312.1,1454,47.6,37,2.36523,2.60781,-0.915485,1.76076,-2.01498,1,0,1
L52762,L,302.5,312,2052,18.9,40,2.40934,2.59876,3.02587,-3.04163,-1.9095,1,0,0
L52763,L,302.5,312,1673,29.9,42,2.42289,2.59639,2.09588,-2.13861,-1.85993,1,0,0
L52764,L,302.4,311.9,1578,29.9,44,2.35154,2.46672,1.18229,-2.15687,-1.84427,0,0,0
M20445,M,302.5,312,1642,29.1,46,2.39623,2.59822,1.88117,-2.27022,-1.77298,1,0,0
M20446,M,302.4,311.8,1557,31.5,49,2.37265,2.42027,0.898578,-1.85444,-1.694,1,0,0
L52767,L,302.5,311.9,1481,42.9,52,2.36532,2.47587,-0.406531,0.654549,-1.58501,1,0,1
M20448,M,302.5,311.8,1566,37.6,54,2.3879,2.40074,1.03137,-0.616113,-1.57938,1,0,1
M20449,M,302.5,311.9,1298,57.5,57,2.37622,2.50006,-3.0272,2.91686,-1.4451,1,0,1
M20450,M,302.5,311.9,1340,59.4,60,2.37066,2.51017,-2.75577,3.00369,-1.35804,0,0,0
L52771,L,302.5,312,1574,33.8,63,2.35703,2.54601,1.12752,-1.41576,-1.27721,0,0,0
L52772,L,302.5,311.9,1437,46.7,65,2.34822,2.47964,-1.32588,1.56494,-1.17368,1,0,0
L52773,L,302.6,311.9,1354,48,67,2.49124,2.48325,-2.63702,1.82338,-1.16437,1,0,0
L52774,L,302.6,311.9,1598,35.5,69,2.45036,2.50296,1.42917,-1.13655,-1.12415,1,0,1
M20455,M,302.7,312,1944,21.4,71,2.57265,2.62052,2.94053,-2.91251,-1.04701,1,0,0
M20456,M,302.7,312,1538,36.7,74,2.548,2.60453,0.598918,-0.871257,-0.944393,1,0,0
L52777,L,302.7,312,1501,37,77,2.55368,2.58718,-0.0557259,-0.724484,-0.877418,0,0,0
L52778,L,302.8,312.1,1441,52.1,79,2.56664,2.66853,-1.24334,2.49781,-0.837081,1,0,1
M20459,M,302.7,312,1652,31,81,2.54162,2.57564,1.94008,-1.98812,-0.773149,1,0,1
L52780,L,302.8,312.1,1487,36.6,84,2.56157,2.60103,-0.284105,-0.829177,-0.670879,1,0,0
L52781,L,302.9,312.2,1605,33.9,86,2.6317,2.69192,1.46627,-1.37769,-0.643327,1,0,0
L52782,L,302.9,312.1,1334,54.7,88,2.59708,2.68882,-2.81715,2.73309,-0.572476,1,0,0
L52783,L,302.9,312.2,1340,57.8,90,2.61682,2.68189,-2.7561,2.88713,-0.507533,1,0,0
L52784,L,302.9,312.2,1513,37.8,92,2.60699,2.64026,0.199147,-0.540601,-0.451319,1,0,1
L52785,L,302.9,312.2,1510,41.4,94,2.60761,2.68639,0.11462,0.297711,-0.375167,1,0,0
L52786,L,302.9,312.2,1729,23.6,96,2.62956,2.64612,2.46173,-2.85033,-0.354288,1,0,1
M20467,M,302.9,312.2,1745,25.5,98,2.63173,2.66784,2.52736,-2.66066,-0.313441,1,0,1
M20468,M,303.1,312.3,1623,31.6,101,2.71205,2.7093,1.69205,-1.88579,-0.209563,1,0,0
M20469,M,303.1,312.4,1378,50.1,104,2.69767,2.77228,-2.31024,2.1647,-0.0632356,1,0,1
L52790,L,303.1,312.4,1407,41.2,107,2.69183,2.77529,-1.86362,0.271286,-0.00358366,1,0,0
M20471,M,303,312.3,1674,29.5,109,2.65575,2.74249,2.11681,-2.2213,0.00526471,1,0,0
L52792,L,303,312.3,1486,42.4,112,2.62967,2.70965,-0.343118,0.567681,0.127421,1,0,1
M20473,M,303,312.3,1483,38.8,114,2.61739,2.68748,-0.380113,-0.295016,0.172962,1,0,0
H35028,H,303,312.2,1624,28.8,117,2.62194,2.643,1.66341,-2.31559,0.247683,1,0,0
M20475,M,303,312.2,1257,71.3,122,2.66768,2.63988,-3.08182,3.13204,0.412206,1,1,1
L52796,L,303,312.3,1480,41.4,125,2.6675,2.73581,-0.40886,0.284608,0.481683,1,0,1
L52797,L,303.1,312.4,1404,61.5,127,2.69667,2.80682,-1.90205,3.02883,0.565578,1,1,1
M20478,M,303,312.4,1645,29.6,129,2.66403,2.76449,1.91554,-2.20952,0.631016,1,0,0
L52799,L,303,312.3,1932,21.9,132,2.69626,2.74241,2.90658,-2.93184,0.649798,1,0,0
L52800,L,303,312.3,1533,38.5,134,2.68006,2.71952,0.501107,-0.371307,0.720986,1,0,1
M20481,M,302.9,312.2,1292,54.4,136,2.64191,2.64988,-3.01816,2.71251,0.805357,1,0,0
L52802,L,302.9,312.2,1571,40.6,139,2.62163,2.66214,1.09506,0.146478,0.929382,1,0,1
L52803,L,302.9,312.3,1578,36.3,141,2.62727,2.75164,1.15789,-0.913977,0.966639,1,0,0
M20484,M,302.8,312.2,1469,36.9,143,2.58308,2.67727,-0.622598,-0.75424,1.02596,1,0,0
L52805,L,302.7,312.1,1728,24.4,146,2.57559,2.6688,2.4334,-2.76125,1.11897,1,0,0
H35040,H,302.7,312.1,1603,32.5,148,2.54178,2.63292,1.49479,-1.70922,1.14304,1,0,0
L52807,L,302.7,312.1,1597,39.8,153,2.51265,2.61529,1.40305,-0.0691074,1.28783,1,0,0
L52808,L,302.7,312.1,1688,32,155,2.51584,2.61579,2.17049,-1.77712,1.36725,1,0,0
L52809,L,302.7,312.2,1405,51.4,157,2.53203,2.65843,-1.871,2.36838,1.43022,1,0,0
M20490,M,302.8,312.2,1615,32.9,159,2.56782,2.67162,1.58985,-1.61213,1.46851,1,0,0
L52811,L,302.8,312.2,1515,36.8,162,2.55349,2.68095,0.190488,-0.795248,1.57955,1,0,1
L52812,L,302.7,312.2,1376,52.8,164,2.48957,2.67182,-2.36803,2.52343,1.6204,1,0,0
L52813,L,302.7,312.2,1447,47.5,166,2.54162,2.67454,-1.08426,1.71579,1.67663,1,0,0
M20494,M,302.6,312.2,1353,56.5,168,2.45889,2.66792,-2.6276,2.85229,1.76309,1,0,1
L52815,L,302.6,312.1,1502,47.3,171,2.47499,2.66832,-0.0047787,1.65501,1.78159,1,0,0
L52816,L,302.6,312,1447,45.5,173,2.45163,2.57499,-1.13198,1.29297,1.90774,1,0,1
M20497,M,302.5,312,1487,46.1,175,2.36238,2.59816,-0.306333,1.42222,1.90999,1,0,0
L52818,L,302.6,312.1,1519,38.1,178,2.4554,2.65562,0.280114,-0.466276,2.01986,1,0,0
L52819,L,302.6,312.1,1668,28.7,180,2.46638,2.61699,2.03301,-2.33904,2.07403,1,0,0
L52820,L,302.6,312.1,1420,51.6,182,2.46478,2.62404,-1.6198,2.38967,2.15971,1,0,1
L52821,L,302.6,312.1,1473,37.3,184,2.44415,2.63088,-0.546729,-0.686172,2.17953,1,0,0
L52822,L,302.5,312,1495,38.8,186,2.34938,2.58318,-0.166072,-0.33193,2.26695,1,0,0
L52823,L,302.5,312,1574,42,188,2.3657,2.59525,1.13959,0.465296,2.32806,1,0,1
L52824,L,302.5,312,1383,51.3,190,2.37432,2.54847,-2.22935,2.32602,2.33916,1,0,1
M20505,M,302.5,312,1591,29.4,192,2.37391,2.57502,1.32138,-2.2553,2.41361,1,0,1
M20506,M,302.4,311.8,1644,37.2,195,2.30488,2.39379,1.86825,-0.680226,2.50892,1,0,0
H35061,H,302.5,311.8,2370,14.7,198,2.42857,2.47493,3.12724,-3.14159,2.58637,1,0,0
L52828,L,302.5,311.9,1401,44.9,203,2.44601,2.47227,-1.95186,1.18027,2.70601,1,0,0
M20509,M,302.5,311.9,1414,51.6,205,2.42503,2.46676,-1.75502,2.40344,2.83053,1,0,0
L52830,L,302.5,312,1456,46.3,208,2.41388,2.52063,-0.908168,1.45359,2.82435,1,0,1
M20511,M,302.5,312,1447,45.7,210,2.40905,2.55423,-1.12054,1.33781,2.89333,1,0,1
L52832,L,302.4,311.8,1727,26.5,213,2.30897,2.45583,2.41841,-2.58972,2.95729,1,0,1
L52833,L,302.4,311.7,1495,36.8,215,2.33972,2.33897,-0.170259,-0.792878,2.97443,1,0,1
L52834,L,302.3,311.6,1544,34.3,0,2.18596,2.17591,0.719646,-1.34665,-3.12125,0,0,0
L52835,L,302.3,311.5,1387,47.3,2,2.14557,2.11497,-2.18603,1.66959,-3.07101,1,0,1
M20516,M,302.3,311.5,1316,47.2,4,2.14207,2.12381,-2.97709,1.68195,-2.96837,1,0,0
L52837,L,302.3,311.5,1794,26.1,7,2.16964,2.12401,2.70671,-2.59731,-2.95142,1,0,0
M20518,M,302.2,311.4,1372,55.1,9,2.05731,2.06067,-2.43202,2.7676,-2.86241,1,0,1
M20519,M,302.3,311.5,1674,30,12,2.17725,2.08282,2.11307,-2.17321,-2.74993,1,0,0
L52840,L,302.2,311.4,1477,41.7,15,2.08924,2.06654,-0.509857,0.401138,-2.64304,1,0,0
L52841,L,302.2,311.4,1397,53,17,2.10652,2.02911,-2.01847,2.55093,-2.57287,1,0,1
L52842,L,302.2,311.5,1616,34,19,2.08986,2.06505,1.62076,-1.41093,-2.52104,1,0,1
M20523,M,302.3,311.5,1530,42.3,21,2.15632,2.04203,0.473435,0.53239,-2.47561,1,0,1
M20524,M,302.2,311.4,1539,35.1,24,2.12539,2.09789,0.597399,-1.20426,-2.39463,1,0,0
L52845,L,302.3,311.4,1845,21.9,27,2.19584,2.05305,2.80499,-2.88412,-2.32801,1,0,1
L52846,L,302.2,311.4,1430,43.1,29,2.14354,2.04772,-1.40355,0.724033,-2.27283,0,0,0
L52847,L,302.2,311.4,2080,19.2,31,2.08252,2.05598,3.03688,-3.02838,-2.19465,1,0,0
M20528,M,302.2,311.4,1432,45.3,33,2.11171,2.05147,-1.40968,1.24827,-2.13452,0,0,0
M20529,M,302.2,311.5,1479,39.5,36,2.11495,2.04867,-0.487844,-0.140166,-2.05755,1,0,1
L52850,L,302.2,311.5,1424,45.2,39,2.09671,2.05068,-1.57751,1.20351,-1.97272,1,0,1
H35085,H,302.2,311.6,1534,37.2,41,2.12188,2.15611,0.525845,-0.711596,-1.90193,1,0,1
H35086,H,302.1,311.6,1701,26.2,46,1.9929,2.19057,2.30144,-2.62179,-1.76709,1,0,1
L52853,L,302.2,311.6,1462,50,51,2.07074,2.16276,-0.776985,2.19257,-1.63308,1,0,0
M20534,M,302.2,311.7,1393,42.5,53,2.15898,2.34838,-2.10732,0.599972,-1.54304,1,0,0
M20535,M,302.3,311.7,1453,42.5,56,2.19267,2.3539,-0.979808,0.61771,-1.45589,1,0,1
L52856,L,302.3,311.8,1565,37.8,59,2.24066,2.46844,0.997105,-0.579387,-1.37252,0,0,0
L52857,L,302.3,311.8,1281,51.7,61,2.22038,2.46796,-3.08216,2.358,-1.32335,1,0,1
M20538,M,302.2,311.7,1584,36.2,63,2.10729,2.32392,1.26742,-0.963199,-1.26559,1,0,1
M20539,M,302.2,311.7,1466,49,66,2.02243,2.31266,-0.692192,1.98091,-1.20912,1,0,0
M20540,M,302.2,311.6,1386,50.5,69,2.02063,2.21183,-2.19547,2.25522,-1.13223,1,0,0
L52861,L,302.2,311.6,1383,44.3,72,2.06995,2.18803,-2.21594,1.02951,-1.04066,0,0,0
H35096,H,302.3,311.6,1441,53.9,74,2.13039,2.21691,-1.20378,2.62852,-0.994138,0,0,0
M20543,M,302.2,311.6,1592,37.7,79,2.14372,2.19301,1.34449,-0.578911,-0.817046,1,0,0
H35098,H,302.2,311.6,1594,36.8,82,2.10783,2.18803,1.33068,-0.814987,-0.758629,0,0,0
L52865,L,302.2,311.5,1482,45.6,87,2.11917,2.09042,-0.408793,1.32027,-0.593897,1,0,0
L52866,L,302.2,311.6,1658,31.4,89,2.13247,2.20964,1.98063,-1.87576,-0.564814,0,0,0
L52867,L,302.3,311.7,2170,18.2,91,2.26555,2.33143,3.0471,-3.06013,-0.49041,1,0,0
M20548,M,302.3,311.7,1423,44.6,93,2.26383,2.34827,-1.61571,1.08639,-0.412716,1,0,0
L52869,L,302.4,311.8,1543,31.1,96,2.3337,2.46841,0.676609,-1.93505,-0.322856,1,0,1
L52870,L,302.3,311.8,1435,44.8,98,2.23379,2.41987,-1.32916,1.13182,-0.295737,1,0,1
L52871,L,302.4,311.8,1320,56.4,100,2.32535,2.44592,-2.91277,2.7972,-0.22641,1,0,0
M20552,M,302.4,311.9,1313,55.7,102,2.32377,2.48058,-2.9618,2.7883,-0.159635,1,0,1
M20553,M,302.4,311.8,1453,42.1,105,2.33793,2.44971,-0.968683,0.501971,-0.0789523,1,0,0
L52874,L,302.4,311.8,1508,45.7,108,2.34449,2.4329,0.0914375,1.34216,-0.00830301,1,0,0
L52875,L,302.4,311.8,1451,42,110,2.31955,2.40279,-0.974648,0.469892,0.0607373,0,0,0
H35110,H,302.5,311.9,1595,34.6,112,2.38461,2.47347,1.3634,-1.2863,0.120939,1,0,0
L52877,L,302.5,311.9,1354,49.4,117,2.38289,2.48437,-2.62989,2.05202,0.29437,1,0,0
L52878,L,302.5,311.9,1265,59.8,119,2.42759,2.47007,-3.08131,2.97182,0.303126,0,0,0
L52879,L,302.4,311.9,1867,25.9,121,2.30035,2.47106,2.80756,-2.6404,0.367935,1,0,0
L52880,L,302.5,311.9,1497,41.6,123,2.43243,2.46607,-0.097907,0.38117,0.391655,0,0,0
M20561,M,302.5,311.9,1347,54.3,125,2.3594,2.50448,-2.73587,2.68316,0.44498,1,0,1
L52882,L,302.3,311.7,1544,43.2,128,2.17636,2.31067,0.701382,0.801477,0.575082,1,0,1
H35117,H,302.3,311.7,1456,45.4,130,2.2266,2.32205,-0.893729,1.26674,0.641224,1,0,0
L52884,L,302.5,311.8,1335,52.7,135,2.36422,2.42252,-2.81995,2.52687,0.82952,1,0,1
L52885,L,302.4,311.9,1452,43.1,137,2.29246,2.52549,-1.00765,0.718013,0.845756,0,0,0
L52886,L,302.4,311.9,1290,70,139,2.32667,2.51969,-3.0165,3.12685,0.875149,1,1,1
L52887,L,302.4,311.8,1448,43.4,141,2.32655,2.44107,-1.0359,0.753908,0.963938,1,0,0
L52888,L,302.3,311.7,1611,38.6,143,2.22921,2.34001,1.54831,-0.364522,0.985271,1,0,1
L52889,L,302.2,311.7,1556,38.6,145,2.08699,2.3457,0.860912,-0.349196,1.0776,1,0,1
H35124,H,302.2,311.7,1413,46.5,147,2.06274,2.34438,-1.76285,1.48946,1.11168,1,0,1
L52891,L,302.2,311.6,1545,35.9,152,2.04607,2.2528,0.687394,-0.983626,1.2889,1,0,0
L52892,L,302.2,311.7,1330,54.6,154,2.0549,2.36746,-2.84153,2.74059,1.32599,1,0,0
L52893,L,302.2,311.9,1596,38,156,2.07834,2.50553,1.39001,-0.532843,1.40182,1,0,1
L52894,L,302.2,311.8,1618,36,158,2.05355,2.42596,1.63125,-1.01265,1.45354,1,0,0
H35129,H,302.2,311.9,1597,35.8,160,2.02636,2.4959,1.43782,-1.01281,1.49801,1,0,1
L52896,L,302.3,312,1354,52.2,165,2.27169,2.53918,-2.60952,2.47019,1.61893,1,0,0
L52897,L,302.3,312,1746,28.1,167,2.25278,2.5972,2.49651,-2.42938,1.73973,1,0,0
L52898,L,302.4,312,1621,32.5,169,2.3015,2.54562,1.65551,-1.71982,1.75809,1,0,0
L52899,L,302.3,312,1398,43.3,171,2.23287,2.5295,-2.01675,0.789804,1.82069,1,0,0
L52900,L,302.3,311.9,1434,51.9,173,2.2457,2.49424,-1.32527,2.4383,1.88957,1,0,0
M20581,M,302.3,311.8,1443,43.4,175,2.24294,2.40837,-1.16713,0.781475,1.9463,0,0,0
L52902,L,302.2,311.7,1488,44.6,178,2.03914,2.32378,-0.277516,1.0697,2.01722,1,0,1
M20583,M,302.3,311.8,1475,48,180,2.24376,2.43108,-0.501705,1.84565,2.06061,1,0,0
L52904,L,302.3,311.8,1433,50.3,183,2.26416,2.44197,-1.38119,2.18854,2.14599,1,0,0
M20585,M,302.3,311.8,1557,34.1,185,2.191,2.42823,0.897002,-1.37196,2.18872,1,0,1
M20586,M,302.4,311.9,1398,50.1,188,2.3348,2.4564,-2.02827,2.13694,2.29188,1,0,1
M20587,M,302.3,311.8,1559,34.4,191,2.14041,2.43475,0.895821,-1.28136,2.38811,1,0,0
M20588,M,302.4,311.9,1422,46.4,194,2.32328,2.50521,-1.61705,1.48991,2.463,1,0,0
M20589,M,302.3,311.8,1463,35.7,197,2.16371,2.42901,-0.788697,-1.06081,2.55783,1,0,0
L52910,L,302.3,311.7,1793,25.3,200,2.17864,2.35117,2.70244,-2.69948,2.65498,0,0,0
L52911,L,302.2,311.6,1872,20.4,202,2.10723,2.25034,2.85583,-2.98901,2.69932,1,0,0
L52912,L,302.2,311.7,1412,44.5,204,2.0598,2.33412,-1.73089,1.11259,2.76846,0,0,0
L52913,L,302.3,311.8,1487,43.2,206,2.17429,2.45887,-0.324256,0.752924,2.81135,1,0,0
L52914,L,302.3,311.8,1369,56.2,208,2.13155,2.42124,-2.44815,2.82792,2.85339,1,1,1
L52915,L,302.4,311.8,1673,30.1,210,2.26736,2.44652,2.09616,-2.12157,2.92441,1,0,1
M20596,M,302.4,311.9,1439,36.6,212,2.30786,2.56142,-1.2937,-0.855781,2.93538,1,0,1
L52917,L,302.3,311.8,1574,42.8,215,2.16039,2.43614,1.13689,0.674317,3.03393,1,0,0
L52918,L,302.3,311.7,1281,48.8,0,2.13745,2.3155,-3.07767,1.98015,-3.10127,1,0,0
M20599,M,302.2,311.7,1653,31.4,2,2.04211,2.30704,1.98038,-1.90946,-3.08056,1,0,0
M20600,M,302.3,311.7,1535,38.3,5,2.11794,2.3112,0.526916,-0.417209,-2.98383,1,0,0
M20601,M,302.3,311.7,1483,40.5,8,2.17297,2.29812,-0.368059,0.0886269,-2.84111,1,0,0
L52922,L,302.3,311.7,1414,47,11,2.13824,2.34432,-1.71359,1.62167,-2.81087,0,0,0
M20603,M,302.2,311.6,1379,42.9,13,2.08571,2.25975,-2.26907,0.687883,-2.71689,1,0,1
H35158,H,302.2,311.5,1482,42.6,16,2.06802,2.07364,-0.373976,0.617868,-2.63017,0,0,0
L52925,L,302.1,311.5,1987,20.1,21,2.01208,2.09597,2.99552,-2.9883,-2.50178,0,0,0
M20606,M,302.1,311.5,1635,31.6,23,1.98584,2.09462,1.79414,-1.83587,-2.43247,0,0,0
L52927,L,302.1,311.5,1533,39.4,26,2.00731,2.05239,0.536916,-0.212278,-2.38922,1,0,1
M20608,M,302.2,311.7,1576,34,28,2.10587,2.32099,1.15413,-1.39625,-2.22664,1,0,0
H35163,H,302.2,311.8,1330,62.4,31,2.05339,2.4161,-2.83202,3.06723,-2.21116,1,0,0
L52930,L,302.2,311.8,1981,21.8,36,2.07842,2.38637,2.99838,-2.92078,-2.04343,0,0,0
H35165,H,302.3,311.8,1475,42.8,38,2.16954,2.41773,-0.507683,0.665843,-1.96707,1,0,0
H35166,H,302.3,311.8,1804,25,43,2.16593,2.41818,2.68926,-2.70537,-1.85199,0,0,0
L52933,L,302.2,311.6,1416,54.1,48,2.08975,2.21431,-1.68202,2.65882,-1.74509,1,0,0
L52934,L,302.1,311.5,1727,27.7,50,2.01929,2.04886,2.45941,-2.42815,-1.61226,1,0,1
L52935,L,302.1,311.4,1391,49.2,52,2.0059,2.08055,-2.15149,2.05328,-1.61286,1,0,0
M20616,M,302,311.5,1366,52.3,54,1.94838,2.07023,-2.4966,2.45708,-1.53247,1,0,1
L52937,L,301.9,311.3,1366,55.6,57,1.88524,1.83115,-2.4771,2.7998,-1.47014,1,0,1
L52938,L,301.9,311.3,1501,40.8,59,1.85884,1.89388,-0.0179632,0.199187,-1.39544,1,0,0
L52939,L,301.8,311.3,1551,35.8,61,1.77175,1.85947,0.800897,-1.03734,-1.34799,0,0,0
M20620,M,301.9,311.3,1522,35.6,63,1.87676,1.90911,0.368969,-1.08651,-1.29313,0,0,0
L52941,L,301.9,311.2,1369,49.8,66,1.84187,1.79099,-2.43632,2.1473,-1.21812,1,0,0
L52942,L,301.8,311.2,1334,52.3,68,1.76862,1.76485,-2.80352,2.47181,-1.18596,1,0,1
H35177,H,301.8,311.2,1451,39.4,70,1.7718,1.77724,-0.995802,-0.18395,-1.09015,0,0,0
L52944,L,301.7,311.2,1589,37.9,75,1.70519,1.79104,1.34243,-0.529853,-0.933641,0,0,0
L52945,L,301.7,311.3,1708,30.5,77,1.72411,1.86954,2.33394,-2.06548,-0.853029,0,0,0
M20626,M,301.7,311.2,1413,42.6,79,1.7171,1.76593,-1.76471,0.606569,-0.799269,0,0,0
M20627,M,301.6,311.2,1415,46.5,82,1.60946,1.77313,-1.71825,1.50458,-0.697021,0,0,0
L52948,L,301.7,311.3,1421,45.9,85,1.66077,1.86827,-1.63326,1.35696,-0.667793,0,0,0
L52949,L,301.7,311.3,1348,51,87,1.7108,1.86993,-2.65849,2.28662,-0.599635,0,0,0
L52950,L,301.6,311.2,1408,42.9,89,1.64474,1.76562,-1.83443,0.672719,-0.522493,1,0,0
L52951,L,301.6,311.2,1525,43.7,91,1.63361,1.74202,0.354979,0.878783,-0.472834,1,0,0
L52952,L,301.6,311.3,1706,29.9,93,1.6284,1.89229,2.33059,-2.16072,-0.401,0,0,0
H35187,H,301.6,311.2,1395,46.8,95,1.61217,1.74912,-2.03096,1.58606,-0.354635,0,0,0
L52954,L,301.5,311.1,1602,34.3,100,1.61123,1.59657,1.45569,-1.32881,-0.255085,0,0,0
L52955,L,301.6,311.1,1907,21.5,102,1.67291,1.62234,2.90071,-2.92799,-0.181797,0,0,0
L52956,L,301.6,311.1,1325,49.2,104,1.64464,1.60297,-2.87672,2.04453,-0.0776338,0,0,0
L52957,L,301.6,311.1,1408,44.4,106,1.66269,1.64565,-1.82359,1.06743,-0.0341499,0,0,0
M20638,M,301.7,311.1,1489,41.4,108,1.73145,1.58819,-0.281292,0.307394,0.009589,1,0,0
L52959,L,301.6,311.1,1680,29.2,111,1.63742,1.59759,2.16467,-2.24606,0.0832351,0,0,0
L52960,L,301.7,311.2,1517,42.4,113,1.69049,1.73998,0.268367,0.560943,0.165934,0,0,0
M20641,M,301.7,311.1,1618,36.7,115,1.73852,1.59734,1.61294,-0.838587,0.202875,0,0,0
L52962,L,301.7,311.1,1455,39.8,118,1.69965,1.60548,-0.944603,-0.0683821,0.294659,0,0,0
H35197,H,301.8,311.1,1543,36.4,120,1.76625,1.57946,0.675172,-0.867334,0.314858,0,0,0
M20644,M,301.8,311.1,1399,41.8,125,1.75813,1.58916,-2.00767,0.384177,0.484993,0,0,0
L52965,L,301.7,311.1,1469,37.2,128,1.72937,1.5917,-0.626663,-0.764122,0.607096,0,0,0
L52966,L,301.7,311.2,1521,36.7,130,1.7637,1.74634,0.312405,-0.825548,0.657971,0,0,0
L52967,L,301.7,311.3,1584,38.8,132,1.77909,1.84098,1.18499,-0.31122,0.70301,1,0,1
L52968,L,301.8,311.5,1443,43.3,134,1.74815,2.07369,-1.22174,0.78908,0.728711,1,0,1
M20649,M,301.8,311.5,1416,49,136,1.75753,2.07103,-1.7322,1.9682,0.850288,1,0,0
M20650,M,301.7,311.2,1563,34.5,139,1.73016,1.75117,1.00287,-1.30702,0.903344,0,0,0
M20651,M,301.8,311.3,1542,40.1,142,1.71054,1.89294,0.656325,-0.0180183,0.958586,1,0,1
M20652,M,301.8,311.3,1624,31.6,145,1.75991,1.83452,1.72784,-1.88877,1.05611,1,0,1
L52973,L,301.8,311.3,1471,44.2,148,1.76553,1.87364,-0.631196,0.960991,1.13567,1,0,1
M20654,M,301.9,311.5,1492,40.8,150,1.92345,2.06517,-0.200013,0.207272,1.21712,1,0,1
M20655,M,301.9,311.4,1465,39.9,153,1.90796,2.02801,-0.733114,-0.0518415,1.30362,0,0,0
L52976,L,301.7,311.1,1399,55.1,156,1.73197,1.59037,-1.99941,2.74732,1.38316,0,0,0
L52977,L,301.6,311,1431,42.6,158,1.61404,1.41618,-1.43379,0.642905,1.47766,0,0,0
L52978,L,301.5,310.9,1600,39,160,1.58997,1.32849,1.44265,-0.316458,1.4956,0,0,0
L52979,L,301.5,310.8,1593,34.5,162,1.56779,1.11076,1.35256,-1.2901,1.58962,0,0,0
L52980,L,301.5,310.9,1469,44.7,164,1.58567,1.27466,-0.631933,1.10258,1.62005,0,0,0
L52981,L,301.5,310.8,1413,44.6,166,1.60137,1.07767,-1.7415,1.13671,1.68195,0,0,0
L52982,L,301.4,310.8,1490,38,168,1.46963,1.07082,-0.292138,-0.492444,1.72031,1,0,1
L52983,L,301.5,310.9,1671,31.1,170,1.59227,1.30543,2.08131,-1.95922,1.76982,0,0,0
L52984,L,301.5,310.9,1365,46.5,172,1.56306,1.28541,-2.48416,1.502,1.83718,0,0,0
M20665,M,301.4,310.9,1557,39.3,174,1.44489,1.30819,0.870067,-0.205381,1.91913,1,0,1
L52986,L,301.4,310.9,1440,45.4,177,1.48817,1.3029,-1.23009,1.26583,1.96361,0,0,0
M20667,M,301.4,310.9,1489,38.9,179,1.44318,1.30253,-0.261466,-0.310002,2.04637,0,0,0
L52988,L,301.4,311,1733,25.7,182,1.45548,1.42677,2.4636,-2.6501,2.14466,0,0,0
H35223,H,301.3,311,1580,36.6,184,1.38028,1.45595,1.20755,-0.867565,2.15653,0,0,0
L52990,L,301.3,311,1856,21.9,189,1.35959,1.41728,2.79171,-2.91442,2.32901,0,0,0
L52991,L,301.3,311.1,1454,40.3,191,1.38288,1.6458,-0.890219,0.0448593,2.37618,1,0,0
L52992,L,301.4,311.1,1495,36.3,193,1.43002,1.68793,-0.140937,-0.93937,2.4501,1,0,1
L52993,L,301.2,311,1761,29.1,195,1.27481,1.44308,2.56884,-2.26397,2.45833,0,0,0
M20674,M,301.3,311,1402,47.5,197,1.42679,1.43872,-1.91664,1.71655,2.54952,0,0,0
L52995,L,301.2,311,1670,33,200,1.29595,1.44497,2.10572,-1.59193,2.66601,0,0,0
L52996,L,301.3,311,1582,35.6,202,1.3555,1.41504,1.22886,-1.07118,2.73867,0,0,0
L52997,L,301.3,311,1542,35.1,204,1.33365,1.45706,0.683642,-1.17654,2.73532,0,0,0
L52998,L,301.3,311,1539,36.9,206,1.35952,1.42747,0.640038,-0.779397,2.82208,0,0,0
L52999,L,301.3,311,1418,41.9,208,1.37395,1.43723,-1.66289,0.444543,2.84972,0,0,0
L53000,L,301.3,311.1,1723,27.6,210,1.35536,1.64979,2.42418,-2.47941,2.88432,0,0,0
L53001,L,301.3,311.1,1303,49.2,212,1.37099,1.6778,-2.99967,2.05443,2.90844,0,0,0
M20682,M,301.3,311,1463,50.2,214,1.41406,1.40579,-0.744984,2.20029,2.99324,0,0,0
L53003,L,301.2,311,1544,39.3,217,1.27833,1.39796,0.666801,-0.176952,3.04508,0,0,0
L53004,L,301.2,311,1596,37.2,219,1.30557,1.42241,1.38462,-0.715824,3.07723,0,0,0
L53005,L,301.3,311.1,1413,42,221,1.41207,1.70544,-1.70375,0.435693,3.08036,0,0,0
M20686,M,301.3,311.1,1492,41.2,223,1.40716,1.68637,-0.234822,0.272236,3.06756,0,0,0
L53007,L,301.3,311.1,1624,40.9,0,1.41609,1.68651,1.71809,0.199934,-3.06527,1,0,0
L53008,L,301.3,311.1,1504,39.1,2,1.40416,1.64808,0.00679589,-0.250427,-3.06902,0,0,0
M20689,M,301.2,311.1,1574,34.3,4,1.30785,1.68131,1.15459,-1.32586,-3.00663,0,0,0
M20690,M,301.3,311.2,1438,42.4,7,1.41211,1.76763,-1.28415,0.587987,-2.93214,0,0,0
L53011,L,301.3,311.3,1474,50.7,10,1.42154,1.87451,-0.577678,2.26619,-2.78073,1,0,0
L53012,L,301.3,311.2,1675,32.1,12,1.40585,1.79478,2.16917,-1.76799,-2.75162,0,0,0
L53013,L,301.3,311.2,1457,44.5,14,1.43858,1.79208,-0.840744,1.09077,-2.72037,0,0,0
L53014,L,301.3,311.3,1434,49.8,16,1.45685,1.84161,-1.35247,2.12405,-2.6156,0,0,0
L53015,L,301.3,311.2,1668,30.1,18,1.41239,1.76634,2.09838,-2.12441,-2.57136,0,0,0
L53016,L,301.2,311.1,1550,39.7,20,1.32131,1.67996,0.766659,-0.123555,-2.48256,0,0,0
M20697,M,301.3,311.1,1834,25.4,22,1.4195,1.68662,2.75999,-2.68427,-2.45472,0,0,0
M20698,M,301.4,311.2,1476,36.5,25,1.41873,1.77648,-0.498446,-0.848789,-2.38307,1,0,1
M20699,M,301.4,311.2,1541,36.3,28,1.41683,1.72182,0.651674,-0.921163,-2.30542,0,0,0
M20700,M,301.3,311.1,1581,30.9,31,1.38975,1.69673,1.2131,-1.97035,-2.19699,0,0,0
M20701,M,301.3,311.1,1678,30.7,34,1.42367,1.6805,2.08826,-2.00631,-2.13223,0,0,0
L53022,L,301.4,311.2,1355,50.6,37,1.46249,1.76307,-2.62112,2.2503,-2.02266,0,0,0
L53023,L,301.5,311.2,1700,28.8,39,1.58843,1.76908,2.27141,-2.35556,-1.94368,0,0,0
L53024,L,301.4,311.1,1462,37.1,41,1.43974,1.64816,-0.759594,-0.692612,-1.9029,0,0,0
M20705,M,301.4,311.2,1727,26.5,43,1.4405,1.74783,2.37234,-2.56537,-1.85512,0,0,0
L53026,L,301.4,311.3,1674,33.3,46,1.46901,1.8275,2.1245,-1.5768,-1.79331,0,0,0
L53027,L,301.4,311.3,1397,42.3,48,1.42373,1.87969,-2.01499,0.487142,-1.70151,0,0,0
L53028,L,301.4,311.3,2323,15.9,50,1.45431,1.82441,3.10747,-3.09062,-1.67647,0,0,0
M20709,M,301.4,311.2,1434,47.6,52,1.43319,1.72483,-1.33677,1.76033,-1.62413,0,0,0
L53030,L,301.3,311.1,1560,35.3,55,1.39935,1.68853,0.939299,-1.11414,-1.51487,0,0,0
L53031,L,301.2,311,1573,32.8,57,1.29114,1.57453,1.12815,-1.67462,-1.44006,0,0,0
H35266,H,301.2,310.9,1798,22.3,59,1.29171,1.30555,2.67772,-2.85744,-1.36793,0,0,0
L53033,L,301.2,311,1567,35.1,64,1.29389,1.53923,1.04194,-1.17907,-1.18378,1,0,1
L53034,L,301.2,310.9,1416,53.3,66,1.28902,1.30299,-1.69623,2.58151,-1.17721,0,0,0
M20715,M,301.2,310.9,1424,45.2,68,1.27634,1.28231,-1.5373,1.1979,-1.12602,0,0,0
H35270,H,301.2,310.9,1598,35.9,71,1.29962,1.2752,1.4466,-1.02333,-1.07401,0,0,0
L53037,L,301.3,310.9,1760,23.9,76,1.41682,1.31642,2.56348,-2.77096,-0.917696,0,0,0
L53038,L,301.3,311,1348,44.5,78,1.40019,1.52468,-2.7172,1.09723,-0.825068,0,0,0
L53039,L,301.3,311,1542,33.6,80,1.40394,1.52501,0.646793,-1.4874,-0.801437,0,0,0
L53040,L,301.3,310.9,1566,33.1,82,1.42706,1.28826,1.01995,-1.59827,-0.744814,1,0,1
L53041,L,301.3,311,1554,47.7,84,1.39262,1.56315,0.818661,1.76727,-0.674073,0,0,0
L53042,L,301.4,311,1470,40.6,86,1.44989,1.4654,-0.625082,0.168638,-0.583986,0,0,0
M20723,M,301.4,311.1,1758,25.4,88,1.45983,1.71126,2.58726,-2.6847,-0.568324,0,0,0
M20724,M,301.4,311,1486,36.5,91,1.46426,1.54918,-0.305733,-0.857711,-0.499698,0,0,0
M20725,M,301.5,311.1,1402,40,94,1.58504,1.69546,-1.92528,-0.0143553,-0.385287,0,0,0
L53046,L,301.5,311.1,1459,45.1,97,1.56877,1.70386,-0.843343,1.19408,-0.289123,0,0,0
L53047,L,301.5,311,1494,45.3,99,1.60679,1.52243,-0.129865,1.22615,-0.225915,1,0,0
L53048,L,301.5,311.1,1731,27.9,101,1.57505,1.65818,2.42743,-2.45033,-0.216762,0,0,0
L53049,L,301.5,311.1,2076,18.7,103,1.56548,1.68957,3.03363,-3.00202,-0.139196,0,0,0
L53050,L,301.5,311.1,2055,16.8,105,1.55845,1.6688,3.06252,-3.08817,-0.077962,0,0,0
L53051,L,301.5,311.1,1469,49.5,107,1.59146,1.66406,-0.644504,2.08148,-0.0152384,0,0,0
M20732,M,301.5,311,1504,42.6,109,1.56824,1.54266,0.037545,0.588506,0.0123995,0,0,0
M20733,M,301.5,311.1,1396,43.5,112,1.56073,1.651,-2.06161,0.805217,0.111591,1,0,0
M20734,M,301.5,311.1,1660,33.8,115,1.53575,1.6814,2.00035,-1.42923,0.178913,1,0,0
M20735,M,301.5,311,1577,39.7,118,1.5212,1.52767,1.14685,-0.116939,0.310357,1,0,1
L53056,L,301.5,311.1,1426,52.1,121,1.53469,1.67657,-1.51199,2.45796,0.349173,0,0,0
L53057,L,301.5,311.1,1458,41.4,123,1.55812,1.69127,-0.833177,0.30051,0.411622,0,0,0
L53058,L,301.4,311,1533,45.8,125,1.52252,1.55446,0.513563,1.39941,0.476553,0,0,0
L53059,L,301.4,311,1701,28.4,127,1.52244,1.59091,2.29187,-2.31596,0.554615,1,0,0
L53060,L,301.5,311.1,1434,49.6,129,1.58176,1.72026,-1.35632,2.0447,0.622536,1,0,0
L53061,L,301.4,311.1,1952,22.7,131,1.49818,1.66259,2.96437,-2.88236,0.643546,1,0,1
L53062,L,301.4,311.1,1469,36.9,133,1.55343,1.71339,-0.620736,-0.725247,0.714228,1,0,1
L53063,L,301.4,311.1,1800,26,135,1.54345,1.67005,2.66204,-2.62317,0.760563,1,0,0
M20744,M,301.3,311.1,1438,43,137,1.43442,1.68274,-1.25367,0.713088,0.836304,0,0,0
L53065,L,301.3,311.1,1647,28.2,140,1.393,1.68076,1.91174,-2.3958,0.949467,0,0,0
L53066,L,301.4,311.1,1494,41.9,142,1.49777,1.69423,-0.134611,0.44288,1.02458,0,0,0
H35301,H,301.4,311.1,1445,41.4,144,1.50639,1.70007,-1.13294,0.342602,1.05381,0,0,0
M20748,M,301.5,311.1,1507,38.6,149,1.57647,1.68445,0.0688815,-0.34929,1.16515,0,0,0
M20749,M,301.4,311,1234,55.8,152,1.48202,1.50981,-3.09737,2.81486,1.2868,0,0,0
L53070,L,301.4,311,1634,32.6,155,1.50584,1.54011,1.77504,-1.72908,1.35768,0,0,0
L53071,L,301.4,311,1334,53.3,157,1.4979,1.52197,-2.83923,2.59995,1.42941,0,0,0
L53072,L,301.4,311.1,1472,44.5,159,1.51895,1.70795,-0.594494,1.09959,1.47377,0,0,0
M20753,M,301.3,311,1410,52.7,161,1.37821,1.53505,-1.82345,2.51405,1.51985,0,0,0
L53074,L,301.2,310.9,1597,37.9,164,1.27445,1.29455,1.42369,-0.516256,1.64189,0,0,0
M20755,M,301.2,310.9,1460,46.7,166,1.34174,1.27629,-0.789262,1.55993,1.6261,0,0,0
L53076,L,301.1,310.8,1274,55.7,169,1.28739,1.09968,-3.06133,2.81306,1.74295,0,0,0
M20757,M,301,310.7,1517,40.2,171,1.18044,1.0527,0.245734,0.0442734,1.8409,0,0,0
L53078,L,301,310.7,1300,57.2,174,1.21796,1.07081,-3.01393,2.88493,1.90515,0,0,0
H35313,H,300.9,310.6,1686,27.7,176,1.02082,0.767398,2.18777,-2.47444,1.97575,0,0,0
M20760,M,300.9,310.7,1485,41,181,1.04885,1.07504,-0.347908,0.258692,2.09914,0,0,0
L53081,L,301,310.7,1464,45.8,184,1.22255,1.07424,-0.746021,1.34867,2.21831,0,0,0
L53082,L,300.9,310.6,1598,35.4,186,1.09118,0.787717,1.40801,-1.15589,2.27489,0,0,0
L53083,L,300.9,310.5,1894,21.9,188,1.03162,0.644571,2.8891,-2.93907,2.34031,0,0,0
M20764,M,300.8,310.5,1330,59,190,0.937366,0.652432,-2.83851,2.95901,2.37566,0,0,0
H35319,H,300.8,310.5,1582,31.1,193,0.901682,0.663729,1.24336,-1.98721,2.45836,0,0,0
L53086,L,300.7,310.3,1533,35.6,198,0.886135,0.349213,0.524353,-1.04532,2.6184,0,0,0
H35321,H,300.8,310.4,1419,46.4,200,0.899691,0.446997,-1.6563,1.48905,2.69671,0,0,0
M20768,M,300.8,310.3,1526,36.3,205,0.915409,0.333554,0.383595,-0.966416,2.78805,0,0,0
H35323,H,300.7,310.2,1364,65.3,208,0.868205,0.163619,-2.53477,3.11774,2.86105,0,1,1
M20770,M,300.8,310.3,1458,43.4,0,0.893721,0.357066,-0.864679,0.810724,-3.14159,0,0,0
M20771,M,300.8,310.4,1288,64,3,0.89737,0.417093,-3.05088,3.10527,-3.00478,0,0,0
M20772,M,300.7,310.3,1659,29.8,6,0.893231,0.411094,2.01083,-2.11851,-2.94533,0,0,0
H35327,H,300.7,310.2,1479,52.3,9,0.832031,0.102521,-0.499367,2.4734,-2.87221,0,0,0
L53094,L,300.7,310.3,1592,36,14,0.855241,0.351175,1.31004,-0.996415,-2.69276,0,0,0
M20775,M,300.6,310.2,1532,38.7,16,0.699283,0.146654,0.465162,-0.351882,-2.61691,0,0,0
L53096,L,300.6,310.2,1555,41.9,19,0.706771,0.132352,0.862947,0.457256,-2.55776,0,0,0
L53097,L,300.6,310.2,1341,52.6,21,0.695513,0.164664,-2.73472,2.5259,-2.49166,0,0,0
L53098,L,300.6,310.1,1541,42,23,0.663134,0.0953953,0.608307,0.448733,-2.46481,0,0,0
L53099,L,300.6,310.3,1414,50.6,25,0.669228,0.312459,-1.75137,2.27985,-2.37743,0,0,0
L53100,L,300.5,310.2,1764,25.9,27,0.490552,0.21344,2.57878,-2.60893,-2.29406,0,0,0
L53101,L,300.5,310.3,1336,57.1,29,0.489035,0.358765,-2.77086,2.88573,-2.24064,0,0,0
L53102,L,300.5,310.3,1435,43.3,31,0.490349,0.329032,-1.29821,0.841173,-2.18094,0,0,0
M20783,M,300.4,310.3,1537,35,33,0.307156,0.384672,0.58205,-1.21412,-2.1368,0,0,0
L53104,L,300.3,310.2,1369,48.8,36,0.22707,0.261897,-2.42741,1.94172,-2.02188,0,0,0
M20785,M,300.2,310.1,1619,31.3,38,0.184899,0.0249282,1.63733,-1.86987,-1.99518,0,0,0
L53106,L,300.2,310.1,1440,51.1,41,0.143555,0.0487689,-1.25709,2.29544,-1.91125,0,0,0
L53107,L,300.2,310.1,1649,30.5,43,0.143644,0.0152621,1.91047,-2.06756,-1.8602,0,0,0
M20788,M,300.2,310.1,1550,38.7,45,0.107955,0.0468397,0.776086,-0.331201,-1.79393,0,0,0
L53109,L,300.3,310.2,1471,45.2,48,0.249219,0.275988,-0.567454,1.18828,-1.70418,0,0,0
L53110,L,300.3,310.3,1483,51.6,50,0.245313,0.289434,-0.361667,2.39745,-1.64554,0,0,0
L53111,L,300.3,310.4,1336,54.4,52,0.239326,0.472364,-2.79098,2.69059,-1.57092,0,0,0
L53112,L,300.5,310.5,1515,36.6,54,0.491408,0.729295,0.268134,-0.865231,-1.54472,0,0,0
L53113,L,300.5,310.5,1373,47.4,56,0.475867,0.705979,-2.35741,1.721,-1.46421,0,0,0
H35348,H,300.6,310.5,1454,51.2,58,0.711929,0.667033,-0.933963,2.32733,-1.4155,0,0,0
L53115,L,300.5,310.5,1646,34.5,63,0.468679,0.730986,1.89169,-1.33192,-1.29918,0,0,0
M20796,M,300.5,310.4,1548,37.3,65,0.462328,0.462518,0.734908,-0.671389,-1.23142,0,0,0
M20797,M,300.6,310.5,1462,41.3,68,0.682344,0.700009,-0.760214,0.304485,-1.14021,0,0,0
L53118,L,300.5,310.4,1702,33.1,71,0.511935,0.45131,2.28936,-1.56686,-1.06229,0,0,0
L53119,L,300.5,310.5,1409,60.9,73,0.472833,0.672134,-1.85131,3.02935,-1.02068,0,0,0
M20800,M,300.6,310.6,1427,52.8,75,0.705668,0.77848,-1.49098,2.52315,-0.931722,0,0,0
L53121,L,300.6,310.7,1438,48.5,78,0.666436,1.06096,-1.3029,1.91032,-0.844971,0,1,1
L53122,L,300.7,310.7,1450,43.4,80,0.846636,1.05165,-1.02094,0.830117,-0.826817,0,0,0
L53123,L,300.7,310.7,1541,41.3,82,0.861563,1.04461,0.630621,0.312926,-0.750305,0,0,0
M20804,M,300.7,310.6,1484,38,84,0.806019,0.761163,-0.351012,-0.499057,-0.704454,0,0,0
M20805,M,300.8,310.8,1415,44.5,87,1.01041,1.14252,-1.75085,1.04119,-0.576123,0,0,0
L53126,L,300.7,310.8,1496,46.4,90,0.818781,1.14967,-0.103985,1.46918,-0.472505,0,0,0
M20807,M,300.7,310.8,1465,45.2,92,0.835851,1.12206,-0.72366,1.23384,-0.419668,0,0,0
L53128,L,300.7,310.8,2113,18.5,95,0.848658,1.10931,3.04572,-3.07527,-0.397545,0,0,0
M20809,M,300.7,310.8,1506,44,97,0.833807,1.1226,0.0380987,0.967455,-0.314199,0,0,0
L53130,L,300.7,310.8,1689,28.9,100,0.835259,1.12303,2.24495,-2.27897,-0.247783,1,0,1
L53131,L,300.7,310.9,1650,29.4,102,0.82194,1.33692,1.9721,-2.27192,-0.154541,1,0,1
L53132,L,300.7,310.8,1563,33.8,104,0.791068,1.12206,0.978955,-1.44607,-0.128438,0,0,0
M20813,M,300.7,310.9,1486,38.9,106,0.83096,1.35916,-0.335397,-0.292971,-0.064334,0,0,0
L53134,L,300.8,310.9,1732,25.7,109,1.01742,1.4045,2.46432,-2.69976,0.0195824,0,0,0
L53135,L,300.7,310.8,1653,31.6,111,0.830199,1.08522,1.976,-1.87571,0.079481,0,0,0
L53136,L,300.7,310.9,1535,37.1,113,0.823066,1.39638,0.550661,-0.710054,0.171567,0,0,0
L53137,L,300.7,310.9,1637,37.2,115,0.849806,1.42091,1.82247,-0.749231,0.180252,0,0,0
L53138,L,300.6,310.8,1533,38.5,117,0.660941,1.12928,0.532033,-0.373772,0.246287,0,0,0
L53139,L,300.6,310.8,1378,51.2,119,0.671824,1.12136,-2.29763,2.36915,0.328982,0,0,0
L53140,L,300.5,310.7,1606,33.5,121,0.422627,0.904753,1.43818,-1.50613,0.451587,0,0,0
L53141,L,300.3,310.7,1539,32.3,123,0.262304,0.924186,0.634678,-1.75985,0.4463,0,0,0
L53142,L,300.5,310.8,1728,26.3,125,0.481566,1.10428,2.4217,-2.59208,0.507389,0,0,0
H35377,H,300.4,310.7,1656,36.3,127,0.32381,0.920165,1.99287,-0.918591,0.529154,0,0,0
H35378,H,300.5,310.8,1631,30.5,132,0.477465,1.11747,1.77038,-2.08276,0.711833,0,0,0
H35379,H,300.5,310.9,1447,46.5,137,0.461686,1.3757,-1.05842,1.5244,0.86172,0,0,0
L53146,L,300.4,310.8,1396,49.3,142,0.336913,1.13156,-2.02122,2.04018,0.981959,0,0,0
L53147,L,300.4,310.8,1390,52.5,144,0.325945,1.10172,-2.13248,2.52248,1.02279,0,0,0
L53148,L,300.4,310.8,1348,56,146,0.353956,1.11464,-2.71491,2.8779,1.08283,0,0,0
M20829,M,300.4,310.8,1491,35.9,148,0.363857,1.10724,-0.204953,-0.995687,1.15091,0,0,0
L53150,L,300.4,310.8,1520,37.6,151,0.345835,1.1385,0.308728,-0.551814,1.24022,0,0,0
L53151,L,300.5,310.8,1509,33,153,0.449629,1.08035,0.123785,-1.6247,1.27888,0,0,0
L53152,L,300.5,310.8,1445,46.6,155,0.525174,1.07714,-1.16299,1.54478,1.39258,0,0,0
L53153,L,300.5,310.8,1354,51.8,157,0.517739,1.0892,-2.606,2.39876,1.40791,0,0,0
L53154,L,300.5,310.7,1488,39.4,159,0.439197,0.932674,-0.278619,-0.17412,1.47506,0,0,0
H35389,H,300.5,310.7,1654,28.6,161,0.422018,0.985368,1.9815,-2.29979,1.52689,0,0,0
H35390,H,300.5,310.6,1378,51.5,166,0.51821,0.7995,-2.32069,2.39483,1.65379,0,0,0
L53157,L,300.6,310.7,1750,30.6,171,0.683656,0.964036,2.53077,-2.0603,1.79689,0,0,0
L53158,L,300.5,310.6,1448,46.3,173,0.502616,0.722734,-1.04957,1.48152,1.86516,0,0,0
H35393,H,300.6,310.7,1501,45.3,175,0.653911,0.941693,-0.000816696,1.28391,1.92663,0,0,0
M20840,M,300.6,310.7,1654,32,180,0.68158,0.959287,1.96573,-1.76939,2.06819,0,0,0
M20841,M,300.7,310.7,1347,46.5,183,0.801115,0.980174,-2.70641,1.53606,2.197,0,0,0
L53162,L,300.7,310.8,1486,37.1,186,0.845307,1.151,-0.301912,-0.73324,2.23108,0,0,0
H35397,H,300.8,310.8,1466,45.2,188,0.870604,1.13983,-0.686057,1.22859,2.30501,0,0,0
H35398,H,300.7,310.8,1346,52,193,0.842411,1.12299,-2.68901,2.45319,2.44892,0,0,0
L53165,L,300.7,310.7,1314,42.4,198,0.857318,0.938532,-2.96038,0.565026,2.6058,0,0,0
L53166,L,300.6,310.7,1440,52.5,200,0.674627,1.001,-1.21543,2.50746,2.68803,0,0,0
L53167,L,300.7,310.8,1608,39.5,202,0.84437,1.12508,1.51102,-0.154267,2.74293,0,0,0
H35402,H,300.7,310.8,1296,58.2,204,0.822446,1.1134,-3.04755,2.89852,2.75281,0,0,0
L53169,L,300.7,310.7,1507,46.1,209,0.860246,0.930732,0.0417109,1.4336,2.85051,1,0,0
M20850,M,300.7,310.7,1343,51.6,211,0.875424,0.993458,-2.76134,2.40325,2.92312,0,0,0
L53171,L,300.7,310.7,1416,40.4,214,0.832485,0.935478,-1.67884,0.110472,2.98681,0,0,0
L53172,L,300.7,310.6,1288,47.2,216,0.852621,0.909728,-3.06418,1.68921,3.00078,0,0,0
M20853,M,300.7,310.6,1407,42.4,218,0.843809,0.897809,-1.81805,0.524683,3.05203,0,0,0
L53174,L,300.6,310.4,1608,39.2,221,0.683907,0.451926,1.52597,-0.236366,3.07521,0,0,0
L53175,L,300.6,310.3,1920,22.3,223,0.677319,0.333883,2.91591,-2.89091,3.09357,0,0,0
M20856,M,300.5,310.2,1386,48.2,225,0.564054,0.28768,-2.19678,1.88317,3.11269,0,0,0
M20857,M,300.5,310.2,1571,34.6,228,0.582483,0.268797,1.08087,-1.29482,3.10525,0,0,0
M20858,M,300.4,310.2,1613,36.9,231,0.288209,0.246813,1.59734,-0.713348,3.14159,0,0,0
M20859,M,300.4,310.2,1671,30.5,234,0.31144,0.290256,2.10732,-2.07786,3.14159,0,1,1
H35414,H,300.4,310.2,1431,43.2,0,0.343829,0.282636,-1.40897,0.790764,-3.13314,0,0,0
M20861,M,300.4,310.2,1380,47.3,5,0.320002,0.251872,-2.26318,1.69299,-2.94076,0,0,0
L53182,L,300.5,310.3,1683,31.5,8,0.559545,0.330635,2.18196,-1.87571,-2.87787,0,0,0
L53183,L,300.4,310.2,1529,36.2,10,0.355719,0.266584,0.400813,-0.942208,-2.7977,0,0,0
L53184,L,300.5,310.4,1761,26.5,12,0.5795,0.464456,2.57195,-2.552,-2.78625,0,0,0
L53185,L,300.6,310.5,1570,38.3,14,0.683558,0.72925,1.1033,-0.386213,-2.6959,0,0,0
M20866,M,300.6,310.5,2156,18,16,0.667912,0.707586,3.08065,-3.03772,-2.65194,0,0,0
M20867,M,300.7,310.6,1349,54.5,19,0.863127,0.856725,-2.66733,2.72736,-2.5294,1,0,1
L53188,L,300.7,310.7,1431,39.3,22,0.889152,0.930293,-1.41535,-0.228519,-2.44842,0,0,0
L53189,L,300.6,310.6,1931,22,24,0.715879,0.827947,2.91851,-2.92766,-2.41964,0,0,0
H35424,H,300.7,310.7,1428,43.4,26,0.8052,0.910787,-1.48142,0.824222,-2.29671,0,0,0
L53191,L,300.8,310.8,1564,36.2,31,0.949931,1.08692,0.994102,-0.925835,-2.16699,0,0,0
H35426,H,300.8,310.9,1425,44,33,0.968644,1.35656,-1.54659,0.989486,-2.11478,0,0,0
L53193,L,300.7,310.8,1597,30.5,38,0.843635,1.03805,1.41705,-2.06055,-2.0036,0,0,0
H35428,H,300.8,310.8,1618,32.8,40,0.967641,1.2202,1.64903,-1.65256,-1.9457,0,0,0
M20875,M,300.8,310.8,1520,38,45,0.942575,1.15118,0.264715,-0.526341,-1.79684,0,0,0
L53196,L,300.7,310.7,1425,45.3,48,0.831498,0.950036,-1.55313,1.25026,-1.75998,0,0,0
L53197,L,300.8,310.9,1398,38.2,50,0.883423,1.32992,-2.00211,-0.416531,-1.64533,1,0,1
M20878,M,300.8,310.9,1557,31.6,52,0.886505,1.32752,0.887814,-1.84663,-1.57879,0,0,0
L53199,L,300.7,310.8,1519,43.9,55,0.893055,1.19283,0.287369,0.935666,-1.53038,0,0,0
L53200,L,300.7,310.8,1619,34.9,57,0.825434,1.18192,1.64053,-1.27161,-1.41855,0,0,0
L53201,L,300.7,310.8,1814,21.4,59,0.848748,1.18166,2.7051,-2.94032,-1.39205,0,0,0
L53202,L,300.7,310.9,1521,39.4,61,0.830732,1.33893,0.318928,-0.140682,-1.39825,0,0,0
M20883,M,300.7,310.9,1369,51.2,63,0.844951,1.33212,-2.46009,2.38376,-1.28034,0,0,0
L53204,L,300.7,310.9,1356,65.3,66,0.818861,1.33455,-2.61841,3.12086,-1.19696,0,1,1
L53205,L,300.7,311,1336,53.3,68,0.877457,1.43374,-2.78049,2.62117,-1.12884,0,0,0
L53206,L,300.7,311,1403,48.3,70,0.833647,1.44515,-1.91228,1.87148,-1.07585,0,0,0
M20887,M,300.7,311,1413,44.3,72,0.877691,1.43484,-1.78023,1.01499,-1.04753,0,0,0
L53208,L,300.6,310.9,1472,47.6,75,0.692004,1.39212,-0.626286,1.73405,-0.925255,0,0,0
M20889,M,300.7,310.8,1452,47.9,77,0.679207,1.1705,-1.02108,1.8102,-0.883089,0,0,0
L53210,L,300.6,310.7,1397,53.7,80,0.71465,0.986302,-2.02112,2.62874,-0.796416,0,0,0
L53211,L,300.6,310.7,1455,40.6,82,0.697337,0.957897,-0.875811,0.119479,-0.745164,0,0,0
L53212,L,300.7,310.8,1754,27.7,84,0.807258,1.18676,2.55523,-2.48201,-0.702314,0,0,0
L53213,L,300.6,310.9,1471,37.9,86,0.703921,1.39375,-0.606332,-0.52832,-0.617441,0,0,0
M20894,M,300.6,310.8,1389,48.1,88,0.629707,1.15983,-2.19111,1.85361,-0.547058,0,0,0
M20895,M,300.6,310.9,1702,30.3,91,0.644874,1.35727,2.29857,-2.09876,-0.499757,0,0,0
M20896,M,300.6,311,1401,54.6,94,0.641727,1.45996,-1.96098,2.70447,-0.436721,0,0,0
L53217,L,300.7,311.1,1426,46.2,97,0.772128,1.70358,-1.56103,1.47634,-0.317871,0,0,0
L53218,L,300.7,311,1496,38.3,99,0.805525,1.43318,-0.138421,-0.458355,-0.244448,0,0,0
L53219,L,300.6,310.9,1433,42.6,101,0.624372,1.38113,-1.37699,0.619992,-0.20368,0,0,0
M20900,M,300.7,311.1,1438,46.6,103,0.794745,1.65064,-1.28182,1.53091,-0.154249,0,0,0
M20901,M,300.7,311,1418,49.3,106,0.763316,1.41267,-1.68524,2.04388,-0.0797629,0,0,0
M20902,M,300.8,311,1580,36.6,109,0.955866,1.41837,1.18075,-0.869293,0.0434642,0,0,0
M20903,M,300.7,310.9,1468,41.8,112,0.744985,1.40976,-0.661465,0.41282,0.11627,0,0,0
M20904,M,300.8,310.9,1522,41.7,115,0.977863,1.36087,0.290369,0.41876,0.198201,0,0,0
L53225,L,300.8,310.9,1311,55.8,118,0.999228,1.41715,-3.00957,2.82555,0.294927,0,0,0
L53226,L,300.9,311,1316,56.5,120,1.03035,1.55833,-2.94502,2.83927,0.351485,0,0,0
H35461,H,300.9,311,1853,23.6,122,0.995219,1.5368,2.80365,-2.81673,0.418141,0,0,0
M20908,M,300.9,311,1556,38.8,127,1.02993,1.51535,0.845394,-0.344271,0.548105,0,0,0
M20909,M,300.9,311,1567,34.3,130,1.04975,1.55659,0.983869,-1.36928,0.644486,1,0,1
M20910,M,300.9,311.1,1546,37.7,133,1.04096,1.69693,0.733108,-0.613054,0.731163,0,0,0
L53231,L,300.9,311,1382,51.2,136,1.03852,1.53331,-2.27579,2.34579,0.838457,0,0,0
L53232,L,300.9,311,2003,20.2,138,1.05397,1.55338,2.99987,-3.02315,0.868921,0,0,0
L53233,L,300.8,310.9,1748,29.9,140,0.910023,1.2925,2.52818,-2.13671,0.927624,0,0,0
H35468,H,300.7,310.8,1518,40.1,142,0.774507,1.18489,0.262803,0.0490326,0.968965,0,0,0
L53235,L,300.7,310.8,1475,42,147,0.803343,1.20502,-0.543081,0.452024,1.11473,0,0,0
L53236,L,300.8,310.8,1634,29.2,149,0.883512,1.19178,1.7933,-2.30698,1.21962,0,0,0
L53237,L,300.8,310.8,1689,32.9,151,0.877509,1.19558,2.22092,-1.60721,1.25894,0,0,0
M20918,M,300.9,310.9,1636,35.3,153,1.03048,1.29067,1.82357,-1.15289,1.34675,0,0,0
L53239,L,300.9,311,2235,15.8,156,1.03064,1.53875,3.12652,-3.1089,1.38563,0,0,0
L53240,L,301,311.1,1615,35.6,158,1.16668,1.69559,1.63165,-1.07155,1.42725,1,0,0
H35475,H,301.1,311.1,1618,29.5,160,1.2811,1.70592,1.63201,-2.18264,1.52051,0,0,0
M20922,M,301.1,311.2,1407,53,165,1.303,1.77988,-1.84934,2.53267,1.62364,1,0,0
L53243,L,301.1,311.1,1450,43.3,168,1.28144,1.66786,-1.01253,0.768081,1.71912,0,0,0
L53244,L,301.1,311.1,1889,23.8,170,1.24961,1.6876,2.85138,-2.80128,1.79005,0,0,0
L53245,L,301,310.9,1568,38.2,172,1.16932,1.29996,1.09706,-0.43615,1.85969,0,0,0
L53246,L,301,311,1804,25.8,174,1.20572,1.56715,2.70701,-2.68776,1.9196,0,0,0
L53247,L,301,311,1582,37.5,176,1.15557,1.41698,1.228,-0.606457,1.97948,0,0,0
M20928,M,301,310.9,2047,17.9,178,1.1892,1.3901,3.04065,-3.07603,1.9905,0,0,0
L53249,L,300.9,310.9,1601,34,181,1.03887,1.33752,1.4385,-1.43637,2.10396,0,0,0
L53250,L,300.9,310.9,1615,32,183,1.02827,1.26792,1.57844,-1.76023,2.1611,0,0,0
M20931,M,300.9,310.8,1452,43.6,185,1.00555,1.2293,-0.962986,0.864862,2.19108,0,0,0
M20932,M,300.9,310.8,1695,30.2,188,1.01007,1.2632,2.24089,-2.14087,2.28917,0,0,0
M20933,M,300.9,310.8,1790,26.2,191,1.06864,1.26117,2.63791,-2.60859,2.36375,0,0,0
M20934,M,301,310.8,1533,39.3,194,1.17395,1.23015,0.572425,-0.173233,2.47833,0,0,0
L53255,L,301,310.9,1813,28.5,197,1.17057,1.30728,2.70391,-2.36495,2.5677,0,0,0
L53256,L,301,310.9,1492,36.7,199,1.17324,1.30921,-0.224384,-0.842727,2.61029,0,0,0
L53257,L,300.9,310.7,1479,43.3,201,1.03328,0.992158,-0.475826,0.776238,2.68932,0,0,0
L53258,L,300.8,310.7,1339,59.1,203,1.00051,1.00209,-2.76078,2.96476,2.73485,0,1,1
M20939,M,300.8,310.7,1371,44.7,205,0.986435,1.02836,-2.42266,1.12378,2.78193,0,0,0
L53260,L,300.9,310.7,1468,36.2,208,1.04798,1.01115,-0.69805,-0.943714,2.83948,0,0,0
L53261,L,300.9,310.7,1517,41.7,210,0.98575,0.992499,0.302164,0.349058,2.89627,0,0,0
L53262,L,300.9,310.7,1352,46.4,212,1.05878,1.0144,-2.65369,1.46991,2.92284,0,0,0
L53263,L,300.9,310.7,1389,50,214,1.03305,0.993724,-2.15816,2.16969,3.00023,0,0,0
M20944,M,300.8,310.6,1505,36.2,0,1.0379,0.919975,0.108669,-0.924744,-3.14159,0,0,0
L53265,L,300.9,310.6,1538,36.7,3,1.01445,0.905475,0.598171,-0.808643,-3.00383,0,0,0
L53266,L,300.9,310.8,1482,37,5,1.06931,1.1776,-0.40782,-0.750637,-2.95852,0,0,0
M20947,M,300.9,310.8,1599,33,7,1.05451,1.15314,1.40346,-1.57834,-2.89285,0,0,0
L53268,L,300.9,310.8,1476,39,10,1.06517,1.17585,-0.50231,-0.229739,-2.80678,0,0,0
L53269,L,300.9,310.7,1509,37.5,12,1.05426,1.02353,0.124161,-0.646297,-2.76775,0,0,0
L53270,L,300.9,310.8,1708,29.1,14,1.07093,1.22085,2.37244,-2.23638,-2.69715,0,0,0
L53271,L,300.9,310.7,1412,57.5,16,1.0396,1.03536,-1.76396,2.88534,-2.63212,0,0,0
L53272,L,300.9,310.7,1658,28.5,18,1.05765,0.994913,1.99427,-2.33495,-2.55089,0,0,0
L53273,L,301,310.8,1375,57.2,20,1.1511,1.17301,-2.36416,2.88063,-2.5128,0,0,0
M20954,M,300.9,310.8,1402,48.1,22,1.05452,1.19718,-1.97545,1.82505,-2.45763,0,0,0
M20955,M,300.9,310.7,1452,47.3,25,1.08486,1.04371,-0.968166,1.67032,-2.37915,0,0,0
M20956,M,300.8,310.7,1483,40.8,28,1.01903,1.04327,-0.329532,0.158346,-2.26939,0,0,0
H35511,H,300.9,310.8,1477,38.4,31,1.04685,1.14036,-0.503205,-0.469289,-2.20804,0,0,0
M20958,M,300.8,310.7,1924,22.4,36,0.957767,0.927851,2.90995,-2.8778,-2.05212,0,0,0
H35513,H,300.9,310.7,1609,28.7,39,1.12112,0.909602,1.57654,-2.33701,-1.99784,0,0,0
M20960,M,300.8,310.7,1886,21.1,44,0.972836,1.05622,2.82889,-2.91468,-1.82569,0,0,0
L53281,L,300.7,310.6,1616,29.6,47,0.761399,0.903152,1.59247,-2.21774,-1.72322,0,0,0
L53282,L,300.7,310.7,1442,43.2,49,0.688582,1.07994,-1.21358,0.778336,-1.64973,0,0,0
L53283,L,300.8,310.8,1407,45.1,51,0.889423,1.18892,-1.83448,1.17563,-1.62756,0,0,0
M20964,M,300.8,310.8,1461,41.3,53,0.94376,1.24658,-0.804603,0.282732,-1.55696,0,0,0
M20965,M,300.8,310.9,1522,46.2,56,1.00921,1.37198,0.310023,1.48809,-1.46897,0,0,0
L53286,L,300.9,311,1432,48.1,59,1.09567,1.4451,-1.40424,1.81976,-1.41198,0,0,0
L53287,L,300.9,311,1438,49,61,1.10839,1.44014,-1.27094,1.98617,-1.36714,0,0,0
M20968,M,300.8,310.9,1678,28.1,63,0.943508,1.35629,2.13822,-2.40045,-1.29527,0,0,0
M20969,M,300.8,310.9,1514,38.7,66,0.940921,1.34947,0.187899,-0.342523,-1.18036,0,0,0
L53290,L,300.7,310.8,1534,41.3,69,0.827091,1.26262,0.517894,0.278859,-1.10711,0,0,0
M20971,M,300.7,310.8,1486,41.2,71,0.87577,1.23294,-0.337225,0.298411,-1.083,0,0,0
L53292,L,300.7,310.8,1925,22,74,0.815126,1.2318,2.89721,-2.88873,-0.942375,0,0,0
M20973,M,300.7,310.8,1724,30,76,0.834502,1.24354,2.3864,-2.1518,-0.901266,0,0,0
M20974,M,300.8,310.8,1549,35.5,79,1.00326,1.20097,0.774025,-1.13799,-0.864869,0,0,0
L53295,L,300.8,310.9,1457,47.7,82,1.00598,1.37817,-0.896275,1.77696,-0.728852,0,0,0
L53296,L,300.8,310.9,1453,43.9,84,0.901427,1.39306,-0.928597,0.920219,-0.700587,0,0,0
L53297,L,300.8,311,1578,44.4,86,0.897844,1.43182,1.16249,1.06748,-0.61088,0,0,0
M20978,M,300.9,311.1,1325,61.4,88,1.13793,1.69134,-2.90673,3.09375,-0.572332,0,0,0
L53299,L,300.9,311.1,1471,39.3,91,1.0913,1.64431,-0.611424,-0.151946,-0.492941,0,0,0
M20980,M,300.9,311.2,1472,40,93,1.11066,1.79487,-0.56623,-0.0256048,-0.446911,0,0,0
L53301,L,300.9,311.1,1457,37.4,96,1.11219,1.6873,-0.895058,-0.650159,-0.303005,0,0,0
L53302,L,301,311,1402,55.3,98,1.18012,1.43347,-1.90511,2.80856,-0.276344,0,0,0
L53303,L,300.9,310.9,1477,41.5,100,1.09548,1.30319,-0.500932,0.34467,-0.239573,0,0,0
M20984,M,300.9,310.9,1727,30.1,102,1.119,1.30416,2.45967,-2.13618,-0.188072,0,0,0
L53305,L,300.9,310.9,1995,20.2,105,1.09134,1.34937,3.01673,-3.01194,-0.0676354,0,0,0
L53306,L,300.9,310.9,1370,52.5,107,1.08718,1.31016,-2.44969,2.52719,-0.0468777,0,0,0
L53307,L,300.9,310.9,1228,66.4,109,1.09146,1.33756,-3.09842,3.06799,0.0410463,0,0,0
L53308,L,300.9,311,1499,38,111,1.09821,1.39672,-0.0793434,-0.495411,0.111534,0,0,0
M20989,M,301,311,1508,46.9,113,1.14589,1.41903,0.104193,1.61568,0.115638,0,0,0
L53310,L,301,310.9,1473,44.2,116,1.16406,1.32548,-0.566674,1.01551,0.216232,1,0,1
H35545,H,301,311,1640,37.6,118,1.15929,1.42485,1.81761,-0.569649,0.326847,1,0,1
L53312,L,301.1,311.1,1429,42.5,123,1.23318,1.65235,-1.48446,0.576728,0.427372,1,0,0
L53313,L,301.1,311.1,1470,40.9,125,1.25288,1.66115,-0.628619,0.215934,0.478063,1,0,0
L53314,L,301,311,1581,37,127,1.1915,1.40463,1.2023,-0.702113,0.504296,0,0,0
L53315,L,301,310.9,1740,28.9,129,1.19069,1.34863,2.50558,-2.32044,0.622318,0,0,0
H35550,H,300.9,310.8,1390,40.6,131,1.06609,1.20704,-2.15473,0.103319,0.593135,0,0,0
M20997,M,300.9,310.8,1988,19.7,136,1.05535,1.19964,2.9624,-3.03668,0.808092,0,0,0
M20998,M,300.8,310.7,1452,43,139,0.91417,1.01006,-0.979215,0.745152,0.857778,0,0,0
L53319,L,300.8,310.7,1586,33.4,142,0.902837,0.991385,1.2902,-1.497,0.991854,0,0,0
L53320,L,300.8,310.7,1589,34.3,144,0.933165,1.00602,1.36783,-1.37603,1.0641,0,0,0
L53321,L,300.8,310.8,1486,45.7,146,0.915349,1.19253,-0.320745,1.36555,1.07611,0,0,0
L53322,L,300.9,310.9,1755,27.9,148,1.09975,1.37584,2.49353,-2.38959,1.15045,1,0,0
M21003,M,301,310.9,1575,34.6,150,1.17734,1.37329,1.13394,-1.30069,1.24289,0,0,0
M21004,M,301.1,311.1,1615,37.7,153,1.22105,1.6533,1.57205,-0.585471,1.29875,0,0,0
M21005,M,301.1,311.1,1436,41.8,156,1.18037,1.63903,-1.31022,0.442679,1.33922,0,0,0
M21006,M,301.1,311.1,1470,40.6,159,1.18917,1.66992,-0.672511,0.18304,1.47373,0,0,0
M21007,M,301.1,311.1,2089,19.8,162,1.23561,1.67711,3.0065,-2.99374,1.54877,0,0,0
L53328,L,301.1,311.2,1564,37,165,1.21172,1.73908,0.983187,-0.732186,1.64679,0,0,0
M21009,M,301,311.1,1420,47.4,167,1.20507,1.67062,-1.639,1.71372,1.68541,1,0,1
L53330,L,301.1,311.1,1711,29.1,170,1.22862,1.65577,2.3502,-2.25256,1.74594,0,0,0
L53331,L,301.1,311.2,1555,35.3,172,1.22016,1.71166,0.868796,-1.13835,1.808,0,0,0
M21012,M,301.1,311.1,1592,35.7,174,1.22079,1.6172,1.33068,-1.06196,1.95352,0,0,0
L53333,L,301,311.1,1236,64.4,177,1.14283,1.6584,-3.08523,3.09352,1.97551,0,1,1
M21014,M,301,310.9,1765,24.2,179,1.16143,1.33922,2.60347,-2.75464,2.05582,0,0,0
L53335,L,301,311,1634,31.2,182,1.19544,1.40261,1.75138,-1.91774,2.17057,0,0,0
L53336,L,301.1,311.1,1508,41.5,184,1.2485,1.67338,0.129472,0.328581,2.18074,0,0,0
L53337,L,301.1,311.2,1774,29.6,186,1.24332,1.71382,2.60008,-2.21384,2.25649,0,0,0
L53338,L,301.1,311,1677,29.1,188,1.22346,1.42131,2.14329,-2.28527,2.29155,0,0,0
L53339,L,301,311,1399,58,190,1.18812,1.42901,-2.01138,2.90845,2.38094,0,1,1
L53340,L,301,310.9,1570,34,192,1.17492,1.38443,1.07434,-1.43785,2.44319,0,0,0
L53341,L,301,310.9,1479,44.3,194,1.17927,1.33782,-0.423033,1.01662,2.47982,0,0,0
L53342,L,301,310.8,1558,34.9,196,1.19202,1.14849,0.879788,-1.25212,2.52351,0,0,0
L53343,L,300.8,310.7,1358,48.1,198,0.949426,0.985977,-2.56582,1.79027,2.57738,0,0,0
H35578,H,300.9,310.7,1656,30.7,200,1.10467,0.958727,1.99468,-2.02911,2.65205,0,0,0
L53345,L,300.9,310.7,1523,35.8,205,1.08296,0.978543,0.312847,-1.00887,2.7938,0,0,0
H35580,H,300.9,310.7,1403,40.6,207,1.09848,0.960634,-1.91167,0.11164,2.84735,0,0,0
M21027,M,300.9,310.7,1362,51.6,212,1.11934,0.968881,-2.54875,2.42722,2.9561,0,0,0
M21028,M,300.7,310.6,1778,27.1,215,0.88545,0.803123,2.64104,-2.56157,3.01565,0,0,0
L53349,L,300.7,310.5,1448,38.2,218,0.884373,0.587519,-1.06511,-0.454765,3.03063,0,0,0
H35584,H,300.8,310.5,1559,40.1,220,0.944591,0.600444,0.922645,0.0142202,3.03384,0,0,0
L53351,L,300.8,310.6,1416,42.2,225,0.8821,0.821763,-1.76152,0.482394,3.06474,0,0,0
L53352,L,300.8,310.6,1577,37.9,227,0.921462,0.825376,1.23453,-0.530535,3.09283,0,1,1
L53353,L,300.8,310.7,1633,27.8,0,0.893636,0.955983,1.79992,-2.46192,-3.14159,0,0,0
L53354,L,300.9,310.7,1573,31.2,2,1.11174,0.97429,1.11993,-1.91441,-3.04388,0,0,0
L53355,L,300.9,310.8,1517,44.3,4,1.10931,1.15635,0.251807,0.992488,-3.01346,0,0,0
L53356,L,301,310.9,1515,37.3,6,1.15365,1.40277,0.179557,-0.648186,-2.93559,0,0,0
L53357,L,301,310.8,1527,45.3,8,1.17916,1.24467,0.448042,1.22453,-2.86907,0,0,0
L53358,L,301.1,310.9,1282,67.9,10,1.22755,1.35831,-3.10751,3.09925,-2.82139,1,1,1
M21039,M,301.1,310.9,1396,45.1,12,1.2401,1.40118,-2.03372,1.19045,-2.7233,0,0,0
L53360,L,301,310.9,1492,44.6,15,1.15748,1.38024,-0.213972,1.10144,-2.64397,0,0,0
L53361,L,301,310.8,1975,19.7,17,1.1781,1.22243,2.97757,-3.02514,-2.5902,0,0,0
L53362,L,301,310.8,1475,35.3,19,1.15968,1.20281,-0.517526,-1.15722,-2.53581,0,0,0
H35597,H,301,310.9,1495,37.3,21,1.2122,1.39573,-0.166839,-0.676035,-2.46287,0,0,0
L53364,L,301,311,1553,35.8,26,1.15986,1.40734,0.840557,-1.05828,-2.29998,0,0,0
L53365,L,301.1,311,1918,21.7,28,1.26263,1.46009,2.88263,-2.91808,-2.2319,0,0,0
M21046,M,301.1,311,1413,46.6,30,1.2453,1.424,-1.738,1.50368,-2.221,0,0,0
L53367,L,301,311,1437,56,33,1.16249,1.41896,-1.2855,2.84173,-2.1226,1,0,0
L53368,L,301,310.9,1450,45.9,35,1.15319,1.35244,-1.06374,1.37642,-2.1042,0,0,0
M21049,M,301,310.9,1910,21.9,37,1.13947,1.43306,2.89251,-2.91942,-1.99967,0,0,0
L53370,L,300.9,310.9,1749,26.4,40,1.08325,1.2505,2.53784,-2.60875,-1.93062,0,0,0
H35605,H,301,310.9,1916,22,42,1.1426,1.25878,2.93534,-2.8825,-1.88709,1,0,0
L53372,L,301,310.9,1428,45.3,47,1.15905,1.26776,-1.49034,1.22728,-1.71336,0,0,0
L53373,L,301,310.9,1578,38.4,49,1.1798,1.27316,1.1743,-0.432213,-1.705,0,0,0
L53374,L,300.9,310.8,1571,39.9,51,1.10157,1.17797,1.10729,-0.0583362,-1.60784,0,0,0
L53375,L,300.9,310.8,1729,30.2,53,1.08458,1.16945,2.46024,-2.12515,-1.60918,0,0,0
L53376,L,300.9,310.8,1701,30.4,55,1.12597,1.20823,2.31507,-2.08435,-1.49388,0,0,0
L53377,L,300.9,310.8,1493,45.8,57,1.06981,1.16777,-0.192616,1.38369,-1.45733,0,0,0
M21058,M,301,310.9,1554,32.7,59,1.19849,1.30446,0.874247,-1.64627,-1.39244,0,0,0
L53379,L,300.9,310.9,1497,43.2,62,1.10206,1.27644,-0.0957427,0.762858,-1.31509,0,0,0
L53380,L,301,310.9,1679,29.8,64,1.14176,1.26595,2.15079,-2.15244,-1.22691,0,0,0
M21061,M,301,310.9,1510,44.5,66,1.15162,1.28708,0.0879513,1.04329,-1.21693,0,0,0
L53382,L,301,310.9,1296,54.9,69,1.1701,1.29857,-3.00666,2.75875,-1.11276,0,0,0
L53383,L,301,310.9,1404,41.8,71,1.12448,1.25492,-1.8908,0.435843,-1.05782,0,0,0
M21064,M,300.9,310.8,1519,34.9,73,1.10664,1.14687,0.234351,-1.24341,-0.994799,0,0,0
M21065,M,300.9,310.7,1696,27.3,76,1.08039,0.985692,2.26693,-2.50002,-0.915701,0,0,0
M21066,M,300.8,310.6,1669,28.4,79,0.898269,0.898181,2.06918,-2.37599,-0.824053,0,0,0
L53387,L,300.7,310.6,1447,40.7,82,0.842197,0.903043,-1.11604,0.175074,-0.731537,0,0,0
M21068,M,300.7,310.6,1418,46.3,84,0.844407,0.944573,-1.65474,1.43834,-0.689762,0,0,0
L53389,L,300.7,310.6,1407,40.5,87,0.832567,0.867686,-1.86449,0.119666,-0.616584,0,0,0
L53390,L,300.8,310.5,1434,44.5,89,0.977091,0.590482,-1.37086,1.05666,-0.522873,0,0,0
L53391,L,300.8,310.6,1360,48.8,91,0.980398,0.894604,-2.53087,1.98742,-0.491175,0,0,0
L53392,L,300.8,310.6,1402,53.7,93,0.977816,0.904024,-1.9341,2.60654,-0.432988,0,0,0
L53393,L,300.9,310.6,1552,34.9,95,1.11449,0.87902,0.845786,-1.22608,-0.354488,0,0,0
L53394,L,300.9,310.7,1392,44.2,97,1.08555,1.03024,-2.08391,1.00073,-0.272314,0,0,0
L53395,L,301.1,310.8,1521,41,99,1.24237,1.14771,0.317409,0.235853,-0.241709,1,0,1
L53396,L,301.1,310.8,1724,27.5,101,1.21432,1.14594,2.42432,-2.49422,-0.152076,0,0,0
M21077,M,301,310.7,1455,46.1,103,1.1765,0.973317,-0.943053,1.41856,-0.177524,0,0,0
H35632,H,301,310.6,1366,50.6,106,1.16658,0.914176,-2.46632,2.22974,-0.0368193,0,0,0
H35633,H,301.1,310.6,1407,43.9,111,1.25171,0.881338,-1.84884,0.917781,0.0616414,0,0,0
L53400,L,301.1,310.8,1470,49.3,116,1.25488,1.21688,-0.637368,1.99524,0.243535,0,0,0
M21081,M,301.2,310.9,1359,50.8,118,1.30866,1.26101,-2.59741,2.29717,0.319585,0,0,0
H35636,H,301.1,310.8,1792,25.8,121,1.23318,1.21441,2.66858,-2.62759,0.370014,0,0,0
M21083,M,301.1,310.9,1552,37.9,126,1.21828,1.22057,0.802248,-0.525089,0.505405,0,0,0
L53404,L,301.2,311,1612,32.9,129,1.33976,1.41702,1.63308,-1.61103,0.603116,0,0,0
M21085,M,301.2,311,1424,41.4,131,1.31802,1.43654,-1.53351,0.348627,0.671395,0,0,0
H35640,H,301.3,311,1341,59.3,134,1.3973,1.42037,-2.73359,2.97145,0.744404,0,0,0
L53407,L,301.2,310.8,1479,38.2,139,1.32443,1.17031,-0.461741,-0.428198,0.868387,0,0,0
L53408,L,301.2,310.9,1413,50.1,141,1.30661,1.2824,-1.73396,2.18576,0.946653,0,0,0
L53409,L,301.3,310.9,2165,17.4,143,1.36583,1.27745,3.06463,-3.04726,0.99552,0,0,0
M21090,M,301.3,311,1641,33,145,1.37524,1.4328,1.86353,-1.6407,1.08169,0,0,0
M21091,M,301.3,311,1495,40.8,148,1.37381,1.38296,-0.168875,0.203794,1.17628,0,0,0
L53412,L,301.3,311,1576,30.4,151,1.36484,1.43824,1.11957,-2.05018,1.23024,0,0,0
L53413,L,301.2,310.9,1467,37.1,153,1.34637,1.28893,-0.694344,-0.722826,1.29812,1,0,0
L53414,L,301.2,310.8,1479,41.2,155,1.33638,1.1956,-0.446513,0.281709,1.36117,0,0,0
L53415,L,301.3,310.9,1596,33.9,157,1.41585,1.30398,1.41262,-1.42797,1.39538,0,0,0
M21096,M,301.3,310.9,1512,36.9,159,1.34031,1.31303,0.174509,-0.755778,1.49361,0,0,0
L53417,L,301.4,310.9,1414,38.8,162,1.5108,1.34381,-1.72326,-0.335226,1.5905,1,0,1
L53418,L,301.3,310.8,1390,57.4,164,1.35064,1.15418,-2.15377,2.9102,1.64788,0,0,0
L53419,L,301.2,310.7,1644,31.6,166,1.28785,0.997537,1.86825,-1.90429,1.67611,0,0,0
M21100,M,301.2,310.7,1394,42.8,168,1.30857,0.988789,-2.11491,0.628397,1.72566,0,0,0
L53421,L,301.1,310.5,1324,52.4,171,1.19718,0.597598,-2.88941,2.49335,1.82123,0,0,0
L53422,L,301,310.4,1476,43.6,173,1.19257,0.48195,-0.527113,0.856173,1.90543,0,0,0
L53423,L,301,310.4,2204,16.6,175,1.13899,0.46446,3.02914,-3.1142,1.88245,0,0,0
M21104,M,301,310.4,1665,30.9,177,1.15911,0.450885,2.00271,-1.95322,2.03745,0,0,0
L53425,L,300.9,310.4,1445,41.7,180,1.11586,0.446933,-1.12902,0.382957,2.07155,0,0,0
H35660,H,300.8,310.3,1457,46.8,182,0.946623,0.334719,-0.88881,1.56852,2.17466,0,0,0
L53427,L,300.8,310.2,1492,46.3,187,0.954762,0.260608,-0.187232,1.4527,2.25257,0,0,0
L53428,L,300.8,310.1,1405,61.2,189,0.983916,0.0420067,-1.8761,3.026,2.31835,0,1,1
L53429,L,300.7,310.1,1542,35.5,191,0.862111,0.0183951,0.624587,-1.12257,2.38632,0,0,0
L53430,L,300.8,310.2,1520,37.7,193,0.946013,0.228079,0.300292,-0.547816,2.47636,0,0,0
M21111,M,300.8,310.2,1598,36.5,195,0.930476,0.259219,1.41522,-0.889515,2.49922,0,0,0
L53432,L,300.8,310.3,1538,36.1,198,0.944275,0.344167,0.558149,-0.979823,2.53889,0,0,0
L53433,L,300.9,310.4,1615,30.9,200,1.11569,0.451644,1.61012,-1.97834,2.64642,0,0,0
L53434,L,301,310.5,1408,47,202,1.19123,0.614246,-1.8571,1.64418,2.69837,0,0,0
L53435,L,301,310.5,1379,57.3,204,1.15496,0.596203,-2.29003,2.88651,2.73628,0,1,1
L53436,L,301,310.6,1493,37.8,206,1.15205,0.872009,-0.175366,-0.533093,2.80982,0,1,1
L53437,L,301.1,310.7,1376,49.1,0,1.23195,0.986343,-2.34064,2.05963,-3.13765,0,0,0
M21118,M,301.1,310.7,1583,40.7,2,1.20321,1.03181,1.23192,0.157592,-3.04546,0,0,0
M21119,M,301.2,310.8,1396,47.4,5,1.30572,1.18656,-2.05654,1.67852,-2.96891,0,0,0
L53440,L,301.1,310.7,1436,45.3,8,1.23316,1.01457,-1.28939,1.23963,-2.89153,0,0,0
L53441,L,301.1,310.6,1417,47.6,10,1.23442,0.834772,-1.68978,1.75129,-2.79754,0,0,0
L53442,L,301,310.6,1641,33.4,12,1.22779,0.860819,1.85173,-1.53586,-2.76835,0,0,0
M21123,M,301,310.6,1698,27.3,14,1.20797,0.884785,2.28318,-2.46871,-2.67848,0,0,0
L53444,L,300.9,310.4,1541,39.1,17,1.03125,0.443682,0.620925,-0.228534,-2.63382,0,0,0
L53445,L,300.8,310.3,1383,46.6,19,0.99422,0.39268,-2.23076,1.5408,-2.56063,0,0,0
L53446,L,300.8,310.4,1368,46.8,21,0.976799,0.446614,-2.43696,1.59601,-2.50477,0,0,0
L53447,L,300.8,310.4,1570,35.2,23,0.994132,0.428969,1.06966,-1.15229,-2.45548,0,0,0
L53448,L,300.9,310.5,1616,33.5,25,1.05627,0.585624,1.59968,-1.50953,-2.3411,0,0,0
M21129,M,300.9,310.5,1444,43.2,27,1.04807,0.611992,-1.13994,0.749633,-2.30375,0,0,0
L53450,L,300.9,310.4,2021,18.8,30,1.05376,0.414847,3.00443,-3.05377,-2.21001,0,0,0
M21131,M,300.9,310.5,1702,29.3,32,1.08323,0.606326,2.27709,-2.24757,-2.16585,0,0,0
M21132,M,301.1,310.6,1429,52.7,35,1.19696,0.909221,-1.46607,2.53197,-2.03942,0,0,0
L53453,L,301.2,310.8,1711,28.9,38,1.30323,1.20179,2.32289,-2.26588,-1.971,0,0,0
M21134,M,301.2,310.7,1543,32.9,40,1.29002,0.998344,0.710128,-1.63449,-1.90689,0,0,0
L53455,L,301.3,310.8,1628,32.2,43,1.36647,1.17245,1.7318,-1.7899,-1.86437,0,0,0
L53456,L,301.2,310.8,1233,64.6,45,1.27913,1.22982,-3.14159,3.07774,-1.79387,0,0,0
L53457,L,301.2,310.8,1461,40.6,47,1.30937,1.2225,-0.821569,0.108801,-1.74163,0,0,0
L53458,L,301.2,310.7,1568,38.3,49,1.27012,1.02293,1.02272,-0.446556,-1.64115,0,0,0
L53459,L,301.3,310.8,1432,54.4,51,1.31274,1.24659,-1.40499,2.68719,-1.64613,0,0,0
M21140,M,301.2,310.7,1527,41.1,53,1.27156,1.02222,0.376063,0.257791,-1.56655,0,0,0
M21141,M,301.3,310.8,1455,41.2,56,1.35198,1.23274,-0.889208,0.274526,-1.47663,0,0,0
M21142,M,301.3,310.8,1418,45.4,59,1.33866,1.27491,-1.67118,1.24691,-1.39863,0,0,0
L53463,L,301.3,310.8,1719,29.5,62,1.36956,1.27988,2.39779,-2.1742,-1.33669,0,0,0
M21144,M,301.2,310.8,1734,31.3,64,1.26773,1.2378,2.48525,-1.93372,-1.23828,0,0,0
M21145,M,301.2,310.7,1426,46.1,67,1.25516,1.03263,-1.52443,1.47512,-1.14006,0,0,0
L53466,L,301.1,310.6,1611,35.2,70,1.21623,0.895503,1.55221,-1.18172,-1.06833,0,0,0
M21147,M,301.1,310.6,1479,41.1,72,1.19742,0.907965,-0.422013,0.220784,-1.0174,0,0,0
L53468,L,301,310.5,1317,50.9,75,1.16885,0.596271,-2.91975,2.30694,-0.937444,0,0,0
L53469,L,301,310.5,1248,61.4,77,1.20471,0.570643,-3.12351,3.02746,-0.89456,0,0,0
L53470,L,301,310.5,1932,21.7,79,1.18942,0.53212,2.9149,-2.91222,-0.807134,0,0,0
M21151,M,301.1,310.5,1547,35.8,81,1.21611,0.584128,0.758602,-1.07879,-0.75879,0,0,0
L53472,L,301,310.4,1614,31.6,84,1.17313,0.476704,1.58512,-1.87352,-0.68161,0,0,0
H35707,H,301,310.4,1512,44.9,86,1.24727,0.35329,0.137466,1.16116,-0.625913,0,0,0
L53474,L,301.1,310.5,1529,38.7,91,1.21765,0.596912,0.441492,-0.341022,-0.472545,0,0,0
H35709,H,301.1,310.6,1782,24.9,93,1.21559,0.745036,2.65508,-2.72746,-0.387645,0,0,0
L53476,L,301,310.5,1429,39.4,98,1.18381,0.564904,-1.47571,-0.156732,-0.271607,0,0,0
M21157,M,301.1,310.5,1309,60.7,100,1.22606,0.59805,-2.96719,3.03151,-0.247877,0,0,0
L53478,L,301.1,310.5,1428,44.1,103,1.23178,0.580922,-1.47762,0.995075,-0.191676,0,0,0
L53479,L,301.2,310.6,1385,49.2,105,1.29082,0.734585,-2.19414,2.02288,-0.0720769,0,0,0
L53480,L,301.2,310.7,1517,39.4,107,1.26222,1.04048,0.285079,-0.161658,0.017394,0,0,0
M21161,M,301.2,310.6,1576,39.6,109,1.31944,0.732156,1.15899,-0.126864,0.0381485,0,0,0
L53482,L,301.2,310.6,1437,51.2,112,1.2748,0.757587,-1.31305,2.35745,0.12501,0,0,0
H35717,H,301.2,310.6,1457,50.5,114,1.25436,0.728847,-0.869221,2.22836,0.177062,0,0,0
L53484,L,301.1,310.5,1532,37.5,119,1.28093,0.589322,0.475835,-0.654127,0.311103,0,0,0
M21165,M,301.1,310.5,1603,32.6,121,1.22731,0.610551,1.45141,-1.69443,0.413345,0,0,0
L53486,L,301,310.4,1563,34.4,124,1.24443,0.403099,0.975045,-1.37181,0.459221,0,0,0
L53487,L,301,310.3,1617,34.5,126,1.20904,0.380423,1.61736,-1.27915,0.598304,0,0,0
M21168,M,300.8,310.1,1686,26.9,128,0.914816,0.0386393,2.21548,-2.53559,0.568777,0,0,0
L53489,L,300.9,310.2,1382,50.4,131,1.07397,0.244203,-2.25617,2.2119,0.693223,0,0,0
L53490,L,300.9,310.1,2090,17.8,133,1.05899,0.0919389,3.04182,-3.09692,0.72079,0,0,0
L53491,L,300.9,310.3,1446,44.5,135,1.09276,0.409918,-1.10629,1.08005,0.82702,0,0,0
M21172,M,300.9,310.2,1533,38.1,137,1.06473,0.228126,0.483503,-0.524362,0.827559,0,0,0
L53493,L,300.9,310.3,1440,47.6,140,1.09391,0.378633,-1.2422,1.75937,0.911804,0,0,0
M21174,M,301,310.4,1793,25,142,1.22575,0.408247,2.67467,-2.73578,0.979589,0,0,0
M21175,M,301,310.4,1517,46.1,145,1.17047,0.419439,0.203194,1.43089,1.0879,0,0,0
L53496,L,300.9,310.4,1544,36,148,1.08939,0.430839,0.717192,-0.980901,1.15715,0,0,0
L53497,L,300.9,310.3,1321,48.8,150,1.06945,0.374536,-2.91006,1.96844,1.24991,0,0,0
M21178,M,300.9,310.3,1416,50.9,152,1.08237,0.366423,-1.67908,2.28059,1.27169,0,0,0
L53499,L,300.8,310.2,1514,40,155,0.952644,0.234068,0.176696,-0.0473131,1.33057,0,0,0
M21180,M,300.8,310.2,1304,52.5,157,0.931857,0.24387,-2.99638,2.502,1.39894,0,0,0
L53501,L,300.7,310.2,1286,64.9,160,0.731857,0.232328,-3.0478,3.09359,1.53332,0,0,0
M21182,M,300.7,310.1,1483,40.2,162,0.730002,0.0282455,-0.390344,0.0273122,1.57771,0,0,0
L53503,L,300.7,310.1,1351,46.9,165,0.711333,0.0488183,-2.69314,1.56109,1.64718,0,0,0
M21184,M,300.7,310.1,1367,52.6,167,0.746464,0.037699,-2.50972,2.53251,1.7272,0,0,0
L53505,L,300.7,310.1,1721,32.3,170,0.722772,0.0678307,2.3871,-1.74732,1.7546,0,0,0
L53506,L,300.6,310,1455,40.4,172,0.607472,-0.0971185,-0.930301,0.0855113,1.822,0,0,0
L53507,L,300.6,310,1425,49.5,174,0.640023,-0.0481863,-1.50154,2.09913,1.90275,0,0,0
L53508,L,300.7,310,1672,29.7,176,0.744208,-0.0673585,2.08788,-2.21961,1.98604,0,0,0
M21189,M,300.7,310,1641,34.6,178,0.720378,-0.0526576,1.8847,-1.2993,2.00966,0,0,0
M21190,M,300.5,310,1580,37,181,0.475529,-0.0318065,1.19067,-0.757913,2.09369,0,0,0
H35745,H,300.5,310,1495,47.4,184,0.482713,-0.0777102,-0.165077,1.7046,2.19803,0,0,0
M21192,M,300.5,309.9,1994,19.8,189,0.442635,-0.196523,3.00225,-2.9891,2.34013,0,0,0
M21193,M,300.4,309.9,1415,31.8,192,0.301088,-0.19464,-1.73478,-1.81272,2.41049,0,0,0
M21194,M,300.4,309.8,1725,30.4,195,0.330653,-0.351151,2.46015,-2.03906,2.53407,0,0,0
M21195,M,300.4,309.8,1430,43.4,198,0.345234,-0.314041,-1.45502,0.765207,2.58893,0,0,0
L53516,L,300.4,309.8,1395,48.1,201,0.324582,-0.401455,-2.08438,1.84431,2.66269,0,0,0
M21197,M,300.4,309.8,1435,43.6,203,0.350012,-0.341812,-1.30957,0.834638,2.74992,0,0,0
L53518,L,300.4,309.9,1681,28.6,206,0.368635,-0.196427,2.16387,-2.33401,2.83161,0,0,0
L53519,L,300.5,310,1451,48.6,208,0.465564,-0.053213,-1.01422,1.89439,2.86063,0,0,0
H35754,H,300.5,309.9,1397,45.9,210,0.473705,-0.18705,-2.03297,1.35566,2.90356,0,1,1
M21201,M,300.4,309.8,1421,47.2,0,0.345167,-0.359367,-1.61466,1.66362,-3.14159,0,0,0
M21202,M,300.3,309.8,1444,42,3,0.245712,-0.363549,-1.20489,0.494338,-3.00067,0,0,0
L53523,L,300.2,309.8,1827,23,6,0.126649,-0.355731,2.74716,-2.85419,-2.92213,0,0,0
H35758,H,300.2,309.8,1374,47.7,8,0.106692,-0.36823,-2.36909,1.76248,-2.84222,0,0,0
L53525,L,300.2,309.8,1650,29.6,13,0.0940625,-0.355363,1.93309,-2.2406,-2.73455,0,0,0
L53526,L,300.2,309.7,1275,60.7,15,0.0709643,-0.399939,-3.0776,3.01864,-2.636,0,0,0
L53527,L,300.2,309.7,1421,44.6,17,0.11659,-0.373484,-1.6051,1.0586,-2.58789,0,0,0
L53528,L,300.2,309.8,1557,33.8,19,0.0907899,-0.334144,0.903592,-1.43066,-2.54067,0,0,0
L53529,L,300.1,309.8,1506,35.2,21,0.0617088,-0.373931,0.0611645,-1.1656,-2.48131,0,0,0
L53530,L,300.1,309.7,1362,49.1,23,0.0343586,-0.420385,-2.5485,2.03871,-2.43935,0,0,0
L53531,L,300,309.7,1542,47.1,25,-0.105888,-0.376663,0.674013,1.64505,-2.37951,0,0,0
L53532,L,300,309.6,1496,38.8,27,-0.0822616,-0.572938,-0.115442,-0.319414,-2.29478,0,0,0
M21213,M,300,309.6,1491,42,29,-0.0860549,-0.523204,-0.266653,0.451014,-2.28995,0,0,0
L53534,L,300.1,309.6,1565,34.8,32,0.0600542,-0.561002,0.98623,-1.25526,-2.17787,0,0,0
L53535,L,300.1,309.7,1481,37.9,34,0.0428348,-0.391356,-0.436512,-0.537217,-2.11264,0,0,0
M21216,M,300.1,309.7,1420,48.4,36,0.0437578,-0.411821,-1.6194,1.90498,-2.00544,0,0,0
L53537,L,300.2,309.8,1398,54.8,39,0.0700416,-0.348443,-1.99523,2.74537,-1.95413,0,0,0
M21218,M,300.2,309.8,1466,45.7,41,0.163461,-0.360689,-0.730874,1.35208,-1.92825,0,0,0
L53539,L,300.1,309.8,1430,56.7,44,0.0331382,-0.350976,-1.3879,2.83334,-1.80641,0,0,0
L53540,L,300.1,309.7,1441,40.1,46,0.0786786,-0.385737,-1.22283,-0.0192873,-1.75971,0,0,0
M21221,M,300.1,309.7,1348,57.3,48,0.034847,-0.419935,-2.72727,2.87319,-1.73074,0,0,0
L53542,L,300,309.6,1738,28.7,51,-0.0996188,-0.597192,2.47924,-2.30441,-1.63297,0,0,0
M21223,M,300,309.6,1618,36.2,53,-0.0678238,-0.562342,1.62852,-0.963285,-1.59826,0,0,0
M21224,M,299.9,309.6,1489,41.7,56,-0.135617,-0.571087,-0.276555,0.388553,-1.43774,0,0,0
M21225,M,299.9,309.5,1412,57.9,59,-0.159574,-0.697142,-1.7663,2.92229,-1.38953,0,0,0
M21226,M,299.9,309.5,2065,18.1,62,-0.12017,-0.708658,3.02727,-3.06899,-1.30895,0,0,0
L53547,L,300,309.6,1571,33.1,65,-0.0835144,-0.565077,1.09687,-1.6083,-1.25663,0,0,0
M21228,M,300,309.6,1423,48.7,67,-0.0423663,-0.567821,-1.55399,1.96927,-1.15979,0,0,0
H35783,H,300,309.5,1781,24.9,70,-0.0636044,-0.672636,2.63011,-2.70564,-1.06245,0,0,0
L53550,L,300.1,309.6,1321,46.9,75,0.00104008,-0.577933,-2.89608,1.57405,-0.940632,0,0,0
L53551,L,300.1,309.6,1546,36.7,77,0.065393,-0.569972,0.702614,-0.835581,-0.866664,0,0,0
M21232,M,300,309.5,1879,22.4,79,-0.0158412,-0.695951,2.82524,-2.9212,-0.798973,0,0,0
H35787,H,300,309.5,1735,28.9,82,-0.0601612,-0.716583,2.49172,-2.27446,-0.752652,0,0,0
L53554,L,300,309.5,1506,38.8,87,-0.0853002,-0.689017,0.0448894,-0.302729,-0.575617,0,0,0
H35789,H,300,309.6,1629,32.3,89,-0.0832436,-0.573439,1.72151,-1.73067,-0.517468,0,0,0
L53556,L,300,309.6,1694,28.7,94,-0.127561,-0.613969,2.26763,-2.36632,-0.408949,0,0,0
L53557,L,300.1,309.6,1541,37,96,0.0556989,-0.586861,0.649859,-0.755067,-0.317692,0,0,0
L53558,L,300,309.6,1514,44.6,98,-0.0788536,-0.598328,0.179842,1.07148,-0.281684,0,0,0
L53559,L,300.1,309.7,1485,45.9,100,0.0564111,-0.408175,-0.36409,1.37364,-0.191745,0,0,0
L53560,L,300.2,309.8,1430,55,102,0.143872,-0.315779,-1.43279,2.747,-0.125423,0,0,0
L53561,L,300.2,309.7,1771,27.1,104,0.122362,-0.444231,2.59231,-2.52872,-0.0880449,0,0,0
L53562,L,300.2,309.8,1481,41.9,106,0.146559,-0.37,-0.381391,0.44233,-0.0493032,0,0,0
H35797,H,300.2,309.7,1483,43.8,108,0.132551,-0.375899,-0.341839,0.891226,0.0284596,0,0,0
H35798,H,300.1,309.6,1463,45.1,113,0.0611341,-0.592786,-0.740803,1.1843,0.14652,0,0,0
L53565,L,300.1,309.7,1410,48.3,118,0.0803783,-0.404928,-1.83757,1.87566,0.291378,0,0,0
L53566,L,300.2,309.7,1656,34.3,120,0.129079,-0.407909,1.99579,-1.37778,0.326924,0,0,0
M21247,M,300.2,309.8,1487,39.2,122,0.150818,-0.334134,-0.310912,-0.209026,0.43731,0,0,0
H35802,H,300.3,309.9,1509,46.6,125,0.200052,-0.225389,0.124108,1.54158,0.491942,0,0,0
H35803,H,300.3,309.9,1677,30.1,130,0.21382,-0.215864,2.11903,-2.1399,0.661537,0,0,0
L53570,L,300.3,309.8,1450,55,135,0.222748,-0.363234,-0.996904,2.74388,0.808158,0,0,0
M21251,M,300.2,309.7,1413,43,137,0.126471,-0.448944,-1.73866,0.711759,0.801059,0,0,0
L53572,L,300.1,309.7,1680,33.8,140,0.0472968,-0.397232,2.15444,-1.42943,0.896173,0,0,0
L53573,L,300.2,309.7,1678,30.5,142,0.178276,-0.40914,2.12914,-2.06893,0.974321,0,0,0
M21254,M,300.2,309.7,1408,44,144,0.101511,-0.428622,-1.83749,0.971063,1.00374,0,0,0
M21255,M,300.1,309.6,1376,52.1,147,0.0603505,-0.595333,-2.29358,2.47298,1.13298,0,0,0
L53576,L,300,309.6,1526,46.4,150,-0.0659732,-0.576606,0.401483,1.46459,1.25192,0,0,0
M21257,M,300,309.6,1587,32.6,152,-0.0451655,-0.563793,1.26968,-1.6834,1.2908,0,0,0
L53578,L,300.1,309.7,1351,58.2,155,0.0541396,-0.440651,-2.66404,2.90673,1.33278,0,0,0
M21259,M,300.1,309.6,1501,38,157,0.0623042,-0.648452,-0.00559069,-0.530072,1.39671,0,0,0
L53580,L,300.1,309.7,1601,35.8,160,0.0281949,-0.413074,1.44404,-1.0468,1.4964,0,0,0
M21261,M,300,309.6,1573,39.7,162,-0.096318,-0.586587,1.11938,-0.0967163,1.58379,0,0,0
M21262,M,300.1,309.6,1584,36.7,165,0.0471284,-0.595245,1.28751,-0.789388,1.6532,0,0,0
L53583,L,300.1,309.6,1649,33.6,168,0.0445006,-0.552559,1.93111,-1.49592,1.73507,0,0,0
M21264,M,300.2,309.7,1183,61.4,170,0.149899,-0.414449,-3.14159,2.9979,1.78818,0,0,0
L53585,L,300.1,309.7,2151,17.5,173,0.0509511,-0.444497,3.07085,-3.044,1.87384,0,0,0
L53586,L,300.2,309.8,1526,45.6,175,0.129995,-0.363636,0.36841,1.28914,1.97578,0,0,0
M21267,M,300.3,309.9,1611,29,177,0.177736,-0.177276,1.59975,-2.27863,1.95532,0,0,0
L53588,L,300.3,309.9,1601,31.7,180,0.143308,-0.197508,1.43803,-1.82358,2.08418,0,0,0
L53589,L,300.3,310,1560,40.8,182,0.182905,-0.105167,0.897697,0.179339,2.16243,0,0,0
L53590,L,300.4,310.1,1544,41.9,184,0.401031,0.100109,0.670206,0.456858,2.18736,0,0,0
M21271,M,300.4,310,1560,42.3,186,0.328604,-0.0963161,0.96254,0.578778,2.27004,0,0,0
L53592,L,300.4,310,1423,44.2,189,0.297586,-0.125117,-1.56643,1.00489,2.36564,0,0,0
L53593,L,300.4,310.1,1614,33.5,191,0.330616,0.128462,1.59007,-1.49847,2.37533,0,0,0
M21274,M,300.4,310.1,1457,35.1,193,0.291513,0.117072,-0.886054,-1.21537,2.38736,0,0,0
L53595,L,300.4,310.1,1503,42.2,196,0.313485,0.11264,0.00743005,0.52557,2.54479,0,0,0
H35830,H,300.4,310.1,1484,38,198,0.27613,0.129075,-0.34969,-0.52107,2.6153,0,0,0
L53597,L,300.3,309.9,1540,39.9,203,0.216378,-0.192634,0.628059,-0.0761933,2.77319,0,0,0
H35832,H,300.3,309.9,1405,52.1,205,0.244297,-0.172,-1.87884,2.4595,2.79558,0,0,0
H35833,H,300.3,309.9,1394,46.7,210,0.23433,-0.17612,-2.03726,1.54222,2.93215,0,1,1
L53600,L,300.3,309.9,1518,36.4,0,0.225275,-0.137524,0.265197,-0.853547,-3.13036,0,0,0
L53601,L,300.3,309.9,1527,41.4,2,0.301427,-0.169837,0.416498,0.324693,-3.03546,0,0,0
L53602,L,300.3,309.9,1377,55.3,4,0.293561,-0.159503,-2.3307,2.73956,-2.97751,0,0,0
M21283,M,300.3,310,1537,37.5,6,0.260969,-0.104945,0.556544,-0.630869,-2.93446,0,0,0
M21284,M,300.3,310,1409,43.2,9,0.261308,-0.104834,-1.79434,0.803564,-2.79497,0,0,0
L53605,L,300.3,309.9,1393,56.1,12,0.321523,-0.149149,-2.05607,2.82741,-2.74886,0,0,0
L53606,L,300.2,309.7,1448,36.8,14,0.142312,-0.49002,-1.09262,-0.789803,-2.64583,0,0,0
L53607,L,300.2,309.8,1418,49.3,16,0.137228,-0.364924,-1.67243,2.04821,-2.62499,0,0,0
M21288,M,300.2,309.8,1743,24.1,18,0.113322,-0.34984,2.49646,-2.77707,-2.57913,0,0,0
M21289,M,300.2,309.8,1394,47.4,21,0.096861,-0.328895,-2.02818,1.68718,-2.42521,0,0,0
L53610,L,300.3,309.8,1523,39.2,24,0.293239,-0.368631,0.344768,-0.200893,-2.39713,0,0,0
L53611,L,300.2,309.8,1353,59.4,26,0.136583,-0.38639,-2.62305,2.96553,-2.36457,0,0,0
M21292,M,300.3,309.9,1447,46.5,28,0.296245,-0.180778,-1.07099,1.5468,-2.31527,0,0,0
L53613,L,300.3,309.9,1570,34,31,0.281725,-0.17613,1.06455,-1.44042,-2.20921,0,0,0
M21294,M,300.3,309.9,1494,38.5,33,0.263283,-0.139426,-0.115813,-0.400075,-2.1446,0,0,0
L53615,L,300.3,309.9,1621,34.1,36,0.28179,-0.205768,1.62989,-1.3585,-2.05702,0,0,0
L53616,L,300.4,310,1769,26.1,38,0.346373,-0.100757,2.6183,-2.59569,-2.00533,0,0,0
L53617,L,300.4,310,1282,66.1,40,0.347557,-0.0679001,-3.06866,3.11266,-1.94923,0,0,0
L53618,L,300.4,310,1581,30.3,42,0.345653,-0.124582,1.21627,-2.10672,-1.88236,0,0,0
L53619,L,300.6,310.1,1656,32.7,44,0.650226,0.0740092,2.00291,-1.66692,-1.80943,0,0,0
L53620,L,300.6,310.2,1648,31.7,46,0.61631,0.201908,1.8484,-1.81426,-1.75512,0,0,0
L53621,L,300.7,310.2,1639,31.4,48,0.709694,0.200211,1.83808,-1.91192,-1.6786,0,0,0
L53622,L,300.7,310.2,1348,54.8,50,0.771465,0.225434,-2.69524,2.73197,-1.67581,0,0,0
L53623,L,300.8,310.3,1537,33.3,52,0.92493,0.290041,0.563254,-1.52227,-1.6187,0,0,0
M21304,M,300.8,310.3,1270,61,54,0.964659,0.333456,-3.04627,3.05059,-1.51233,0,0,0
L53625,L,300.7,310.3,1662,34.4,57,0.687073,0.285694,2.03338,-1.33219,-1.44222,0,0,0
M21306,M,300.7,310.3,1471,40.2,59,0.749109,0.306629,-0.623808,0.0347808,-1.41975,0,0,0
L53627,L,300.6,310.1,1337,45.8,62,0.660043,0.0829517,-2.75543,1.3645,-1.31343,0,0,0
H35862,H,300.7,310.2,1877,24.8,64,0.717706,0.203861,2.81475,-2.75708,-1.22696,0,0,0
L53629,L,300.6,310.2,1519,44.6,69,0.632128,0.204397,0.271389,1.08991,-1.10323,0,0,0
L53630,L,300.6,310.2,1378,47.3,71,0.642647,0.216274,-2.30436,1.66517,-1.0145,0,0,0
L53631,L,300.7,310.2,1696,27.5,73,0.700701,0.203849,2.25703,-2.47364,-0.983695,0,0,0
L53632,L,300.7,310.1,1376,50.8,75,0.731505,0.0883476,-2.30893,2.27004,-0.909613,0,0,0
L53633,L,300.7,310.2,1807,24.2,77,0.721819,0.266265,2.7354,-2.74265,-0.903805,0,0,0
L53634,L,300.7,310.1,1598,32.8,79,0.736545,0.091744,1.3898,-1.65742,-0.820362,0,0,0
L53635,L,300.7,310.1,1565,40.2,81,0.712226,0.108319,1.031,0.0163882,-0.823718,0,0,0
L53636,L,300.7,310.2,1387,50.6,83,0.704129,0.278686,-2.17752,2.28527,-0.687613,0,0,0
L53637,L,300.7,310,1395,48,85,0.739412,-0.128209,-2.03164,1.80145,-0.615784,0,0,0
M21318,M,300.6,310,1302,62.9,87,0.669293,-0.101754,-2.98252,3.09319,-0.589303,0,0,0
M21319,M,300.6,310,1397,55.2,90,0.621823,-0.100239,-2.01658,2.78179,-0.499487,0,0,0
L53640,L,300.6,310,1313,52.9,93,0.667918,-0.129908,-2.97156,2.56416,-0.432455,0,0,0
L53641,L,300.6,310,1505,35.9,95,0.634773,-0.126057,0.065595,-1.00663,-0.372535,0,0,0
H35876,H,300.6,310,1483,44,97,0.626542,-0.133811,-0.36742,0.926613,-0.320984,0,0,0
H35877,H,300.5,310,1358,60.4,102,0.484346,-0.140743,-2.58302,2.9875,-0.156139,0,0,0
M21324,M,300.5,309.9,1735,27,107,0.519361,-0.136463,2.44218,-2.54444,-0.0259216,0,0,0
M21325,M,300.5,309.8,1416,48.5,110,0.478963,-0.345232,-1.72564,1.89549,0.0297547,0,0,0
L53646,L,300.4,309.7,1740,31.1,113,0.315711,-0.495,2.47261,-1.91239,0.150994,0,0,0
L53647,L,300.4,309.7,1692,27.4,115,0.345625,-0.495727,2.24507,-2.49713,0.195281,0,0,0
L53648,L,300.5,309.8,1507,42.5,117,0.425031,-0.341082,0.0643459,0.604547,0.283013,0,0,0
M21329,M,300.4,309.6,1521,35,119,0.335052,-0.609185,0.336087,-1.20198,0.313069,0,0,0
L53650,L,300.4,309.6,1379,54.5,122,0.300688,-0.584723,-2.28958,2.66697,0.390504,0,0,0
L53651,L,300.4,309.6,1523,38.5,124,0.321545,-0.571257,0.321456,-0.372359,0.482501,0,0,0
H35886,H,300.4,309.6,1571,33.6,126,0.309386,-0.587365,1.05994,-1.50593,0.534809,0,0,0
H35887,H,300.4,309.5,1547,50.7,131,0.308479,-0.705193,0.706428,2.22644,0.653723,0,0,0
M21334,M,300.5,309.7,1347,54.3,136,0.422888,-0.497132,-2.681,2.7181,0.816906,0,0,0
L53655,L,300.5,309.7,1560,30.2,139,0.451061,-0.485341,0.931805,-2.09759,0.859104,0,0,0
L53656,L,300.5,309.7,1384,48.6,141,0.465146,-0.485226,-2.24081,1.89805,0.969234,0,0,0
L53657,L,300.5,309.7,1841,24.6,143,0.42623,-0.516933,2.77776,-2.73866,1.01621,0,0,0
L53658,L,300.5,309.8,1663,29.1,145,0.432427,-0.316672,2.06433,-2.26649,1.04333,0,1,1
L53659,L,300.6,309.8,1418,42.7,147,0.623821,-0.311647,-1.64443,0.656138,1.15062,0,0,0
L53660,L,300.7,309.9,1775,26.6,149,0.738392,-0.139718,2.58363,-2.61218,1.19117,0,0,0
L53661,L,300.7,309.8,1406,48.4,151,0.739765,-0.337824,-1.87879,1.88869,1.26494,0,0,0
L53662,L,300.6,309.9,1480,43.7,153,0.622676,-0.194392,-0.444773,0.851428,1.30096,0,0,0
L53663,L,300.7,309.9,1412,45.3,155,0.727342,-0.155711,-1.79921,1.24811,1.33353,0,0,0
H35898,H,300.6,309.8,1913,22.5,157,0.681114,-0.329838,2.91519,-2.87114,1.38976,0,0,0
L53665,L,300.6,309.8,1629,37.6,162,0.654138,-0.304734,1.73305,-0.637556,1.56359,0,0,0
L53666,L,300.5,309.8,1939,21.4,164,0.532636,-0.333316,2.91762,-2.93633,1.58459,0,0,0
H35901,H,300.6,309.8,1541,36.2,166,0.585902,-0.309851,0.658354,-0.9517,1.63464,0,0,0
L53668,L,300.7,309.8,1330,54.4,171,0.760142,-0.35346,-2.84767,2.73131,1.79125,0,0,0
M21349,M,300.7,309.8,1490,38.8,173,0.715178,-0.310623,-0.222346,-0.311705,1.86466,0,0,0
L53670,L,300.7,309.9,1383,44.5,176,0.716162,-0.160796,-2.24192,1.05638,1.94134,0,0,0
L53671,L,300.8,310,1468,52.7,178,0.98893,-0.0913591,-0.671015,2.51231,2.02019,0,0,0
M21352,M,300.8,309.9,1444,46,180,1.02719,-0.188011,-1.13297,1.37797,2.11024,0,0,0
L53673,L,300.7,309.8,1363,53.1,183,0.736316,-0.303585,-2.52177,2.58056,2.11039,0,0,0
L53674,L,300.6,309.7,1617,33.2,185,0.627504,-0.516451,1.6537,-1.56536,2.21663,0,0,0
M21355,M,300.6,309.8,1694,31.1,187,0.586804,-0.314272,2.28752,-1.95129,2.28355,0,0,0
L53676,L,300.7,309.9,1815,27,190,0.708688,-0.213308,2.71489,-2.55125,2.37123,0,0,0
L53677,L,300.8,309.9,1312,65.3,192,0.977707,-0.248725,-2.98493,3.07053,2.41122,0,1,1
H35912,H,300.8,309.9,2041,19.2,194,0.974286,-0.232476,3.03121,-3.00995,2.47705,0,0,0
L53679,L,300.9,310,1671,26.8,199,1.1039,-0.11772,2.09126,-2.54386,2.59137,0,0,0
M21360,M,300.9,310,1416,46.6,201,1.0648,-0.134529,-1.71847,1.54746,2.6896,0,0,0
M21361,M,300.9,310,1600,36,204,1.07701,-0.143231,1.41561,-0.98358,2.78874,0,0,0
L53682,L,300.9,310,2595,13.7,207,1.08233,-0.094499,3.14151,-3.14159,2.85155,0,0,0
M21363,M,300.9,309.9,1465,42.9,209,1.11354,-0.229978,-0.723128,0.705364,2.89731,0,0,0
M21364,M,301,310.1,1681,27.4,212,1.20118,0.109683,2.20159,-2.51298,2.941,0,0,0
L53685,L,301.1,310.1,1457,39.6,215,1.22962,0.104647,-0.867504,-0.133625,3.00554,0,0,0
H35920,H,301,310.1,1454,44.1,217,1.1966,0.111871,-0.911944,0.977677,3.02122,0,0,0
L53687,L,301,310.1,1558,32.6,0,1.19339,0.0561788,0.905585,-1.66083,-3.14159,0,0,0
H35922,H,301,310.1,1756,30.7,2,1.18037,0.0929793,2.57918,-2.05721,-3.04644,0,0,0
L53689,L,301.1,310.1,1564,36.8,7,1.19158,0.0914294,0.982808,-0.790923,-2.93514,0,0,0
L53690,L,301.1,310.2,1455,55.3,9,1.23548,0.247856,-0.883001,2.77237,-2.81213,0,0,0
M21371,M,301.2,310.1,2280,15.7,11,1.30173,0.0693082,3.09212,-3.0619,-2.77298,0,0,0
M21372,M,301.1,310,1433,48.1,14,1.20189,-0.0787996,-1.40239,1.85558,-2.69458,0,0,0
L53693,L,301.1,310,1513,38,17,1.21612,-0.131672,0.168346,-0.480938,-2.60754,0,0,0
L53694,L,301,309.9,1507,41.8,19,1.2099,-0.241854,0.0739161,0.405392,-2.566,0,0,0
L53695,L,301,310,1480,43.5,21,1.19902,-0.0904488,-0.430715,0.828982,-2.45865,0,0,0
H35930,H,301.1,310,1470,40.1,23,1.24686,-0.0932861,-0.609397,0.0116811,-2.41456,0,0,0
L53697,L,301.1,310.1,1540,36.6,28,1.22439,0.0981128,0.612682,-0.839785,-2.29506,0,0,0
H35932,H,301,310,1212,67.9,30,1.18412,0.00106495,-3.10818,3.10458,-2.23953,0,0,0
L53699,L,301.1,310.1,1417,46.9,35,1.24399,-0.0277112,-1.68133,1.61767,-2.06179,0,0,0
M21380,M,301.2,310.1,1666,34.9,37,1.28896,0.00813599,2.02664,-1.24357,-1.95232,0,0,0
L53701,L,301.1,310.1,1666,27.2,40,1.23742,0.0459205,2.04077,-2.47316,-1.96726,0,0,0
L53702,L,301.1,310.1,1489,45.8,42,1.22544,0.0548001,-0.284862,1.37489,-1.95781,0,0,0
M21383,M,301.1,310.2,1850,27.7,44,1.22879,0.214081,2.78258,-2.49326,-1.8617,0,0,0
L53704,L,301.1,310.4,1874,24.8,47,1.19162,0.380457,2.83698,-2.74829,-1.76336,0,0,0
L53705,L,301.1,310.4,1312,73.6,49,1.17381,0.442648,-2.94123,3.08557,-1.68171,0,1,1
L53706,L,301.2,310.4,1515,38.4,51,1.33501,0.408158,0.22135,-0.389134,-1.58801,0,0,0
L53707,L,301.2,310.4,1516,44.4,53,1.32488,0.409162,0.184975,1.05491,-1.60891,0,0,0
L53708,L,301.2,310.5,1546,40,55,1.25146,0.622758,0.716657,-0.020879,-1.504,0,0,0
L53709,L,301.3,310.6,1481,40.9,57,1.40884,0.794157,-0.388779,0.176836,-1.44648,0,0,0
H35944,H,301.3,310.6,1605,32.5,59,1.39873,0.809386,1.47836,-1.67883,-1.39107,0,0,0
H35945,H,301.2,310.7,1656,26.2,64,1.28041,1.08261,1.95449,-2.59912,-1.27616,0,0,0
H35946,H,301.2,310.6,1352,52,69,1.23742,0.784722,-2.63485,2.43538,-1.09917,0,0,0
L53713,L,301.3,310.7,1504,47.2,74,1.37272,1.04332,-0.00140785,1.6447,-0.97353,0,0,0
L53714,L,301.3,310.6,1436,44.2,76,1.38943,0.81977,-1.31009,0.99892,-0.887468,0,0,0
H35949,H,301.2,310.5,1505,43.6,78,1.31062,0.612041,0.0585302,0.83527,-0.875093,0,0,0
L53716,L,301.3,310.5,1406,47.1,83,1.38188,0.580015,-1.88533,1.63123,-0.68,0,0,0
M21397,M,301.3,310.5,1481,39.7,85,1.39452,0.614043,-0.423557,-0.100469,-0.650621,1,0,0
L53718,L,301.4,310.7,1487,44.6,88,1.47092,1.11058,-0.282649,1.10421,-0.600927,0,0,0
L53719,L,301.4,310.7,1436,54.1,90,1.46585,1.07561,-1.29714,2.66543,-0.503423,0,0,0
M21400,M,301.4,310.7,1368,63.7,92,1.49137,1.04072,-2.4425,3.10473,-0.43686,0,1,1
L53721,L,301.4,310.7,1509,38.3,95,1.48287,1.0436,0.101866,-0.406132,-0.371947,1,0,0
L53722,L,301.4,310.8,1543,36.9,97,1.50984,1.19578,0.671006,-0.777494,-0.298332,0,0,0
L53723,L,301.4,310.8,1698,29.6,99,1.47877,1.22938,2.28315,-2.18554,-0.231126,0,0,0
M21404,M,301.4,310.7,1470,46.5,101,1.45073,1.05913,-0.615782,1.50766,-0.192684,0,0,0
M21405,M,301.4,310.8,1738,30.3,104,1.47666,1.22443,2.48382,-2.10194,-0.157894,0,0,0
M21406,M,301.4,310.8,1530,39.9,107,1.51566,1.16293,0.485209,-0.0267754,-0.058326,0,0,0
L53727,L,301.4,310.8,1740,29.2,110,1.44447,1.19078,2.51629,-2.25174,0.0677055,0,0,0
L53728,L,301.4,310.8,1770,24.1,112,1.49843,1.22255,2.61243,-2.79894,0.136994,0,0,0
H35963,H,301.3,310.6,1527,44,114,1.40412,0.839005,0.415711,0.980085,0.196566,0,0,0
L53730,L,301.3,310.7,1516,46,119,1.38296,1.07857,0.225052,1.41041,0.279079,0,0,0
L53731,L,301.4,310.7,1616,36.5,121,1.48863,1.10736,1.57279,-0.903234,0.408605,0,0,0
L53732,L,301.4,310.7,1786,26.1,123,1.48354,1.07103,2.68056,-2.62193,0.421942,0,0,0
L53733,L,301.4,310.8,1389,52.7,125,1.50163,1.20174,-2.12702,2.51521,0.5003,1,0,0
M21414,M,301.4,310.7,1639,29.8,127,1.4676,1.02858,1.82217,-2.19552,0.600479,0,0,0
H35969,H,301.5,310.7,1394,46.7,130,1.57978,1.05282,-2.07138,1.55763,0.656643,0,0,0
L53736,L,301.5,310.7,1686,27.9,135,1.5598,1.01557,2.20057,-2.47077,0.76212,0,0,0
M21417,M,301.5,310.6,1638,31.9,137,1.54248,0.811228,1.79745,-1.8122,0.838502,1,0,0
M21418,M,301.5,310.6,1447,41.9,140,1.56649,0.829714,-1.12272,0.436391,0.937378,0,0,0
H35973,H,301.5,310.6,1512,39,143,1.57592,0.850354,0.154093,-0.254812,1.02552,0,0,0
L53740,L,301.6,310.8,1961,21.8,148,1.60179,1.149,2.94929,-2.90085,1.18062,1,0,0
L53741,L,301.5,310.7,1596,35.4,150,1.56046,0.99678,1.42315,-1.16124,1.19254,0,0,0
M21422,M,301.5,310.7,1871,21.3,152,1.57316,0.987923,2.79765,-2.93946,1.23417,0,0,0
L53743,L,301.5,310.7,1942,20.5,155,1.59505,0.973955,2.92795,-2.95855,1.35456,0,0,0
L53744,L,301.4,310.6,1557,38.2,157,1.48696,0.864524,0.883329,-0.439063,1.44443,1,0,1
L53745,L,301.4,310.6,1550,36.8,159,1.47576,0.863644,0.794913,-0.757408,1.43085,0,0,0
L53746,L,301.3,310.6,1966,22.6,161,1.41162,0.888333,2.97132,-2.8731,1.5329,0,0,0
M21427,M,301.3,310.6,1499,36.1,163,1.36049,0.86928,-0.100397,-0.985564,1.60659,0,0,0
L53748,L,301.3,310.6,1521,36.3,166,1.41489,0.857338,0.325857,-0.929354,1.66208,0,0,0
M21429,M,301.4,310.7,1375,42,168,1.49672,0.899491,-2.35542,0.454657,1.70904,0,0,0
L53750,L,301.4,310.6,1634,31.1,171,1.46211,0.837043,1.79399,-1.93469,1.79602,0,0,0
M21431,M,301.3,310.6,1378,49.4,173,1.39174,0.883998,-2.29616,2.05212,1.88482,0,0,0
L53752,L,301.4,310.7,1428,53.7,176,1.46695,0.931771,-1.50585,2.61231,1.98434,0,0,0
M21433,M,301.4,310.6,1855,25.3,178,1.47275,0.852113,2.77697,-2.69824,2.04848,1,0,1
L53754,L,301.4,310.6,1578,33,181,1.48998,0.854656,1.14266,-1.59762,2.10157,0,0,0
M21435,M,301.4,310.5,1451,45.3,183,1.50378,0.573035,-1.0007,1.23705,2.13559,0,0,0
L53756,L,301.5,310.5,1644,34.9,186,1.49797,0.595629,1.87505,-1.23806,2.21999,0,0,0
L53757,L,301.4,310.4,1388,45.3,188,1.51452,0.391253,-2.20383,1.21764,2.28739,0,0,0
L53758,L,301.4,310.4,1543,40.9,190,1.50056,0.412432,0.681061,0.188312,2.38759,0,0,0
L53759,L,301.3,310.4,1501,41.6,192,1.40301,0.428394,-0.0550984,0.357224,2.38504,0,0,0
L53760,L,301.3,310.4,1507,39.1,194,1.40509,0.43587,0.0787827,-0.255419,2.42826,0,0,0
L53761,L,301.4,310.4,1559,36,196,1.47214,0.439482,0.874006,-0.996687,2.52537,0,0,0
L53762,L,301.5,310.5,1528,35.7,198,1.53418,0.592441,0.396617,-1.0605,2.59756,1,0,0
M21443,M,301.5,310.5,1503,38.2,200,1.51541,0.587596,-0.0292298,-0.438415,2.66642,0,0,0
L53764,L,301.5,310.5,1372,44,203,1.53284,0.547114,-2.38958,0.974586,2.71902,0,0,0
M21445,M,301.5,310.5,1600,32.8,205,1.55496,0.567068,1.41136,-1.63452,2.77509,0,0,0
L53766,L,301.5,310.6,1453,44,208,1.52125,0.897792,-0.946112,0.920856,2.8405,0,0,0
M21447,M,301.6,310.7,1813,24.6,210,1.61934,0.937876,2.75344,-2.74039,2.90856,0,0,0
L53768,L,301.6,310.7,1457,40.4,213,1.60455,0.960515,-0.868828,0.0981412,2.98696,1,0,1
M21449,M,301.6,310.6,1553,38.9,0,1.63931,0.869594,0.815142,-0.25601,-3.12824,0,0,0
L53770,L,301.7,310.7,1763,25.9,3,1.71825,0.918188,2.60315,-2.66273,-3.01293,0,0,0
L53771,L,301.7,310.7,2023,20.9,5,1.75035,0.935616,2.99356,-2.96315,-2.96614,0,0,0
M21452,M,301.6,310.7,1457,47.8,7,1.66503,0.907415,-0.884495,1.78818,-2.9126,0,0,0
L53773,L,301.6,310.7,1679,29.5,10,1.65966,0.946907,2.15429,-2.2075,-2.80199,0,0,0
L53774,L,301.6,310.6,2103,19.7,12,1.65245,0.773632,3.03838,-2.99036,-2.73439,1,0,0
M21455,M,301.5,310.7,1460,38.6,14,1.55118,0.932239,-0.828047,-0.342482,-2.7247,0,0,0
M21456,M,301.5,310.7,1454,39.4,17,1.61032,0.946051,-0.950494,-0.201419,-2.62603,1,0,0
L53777,L,301.5,310.6,1481,46.8,20,1.53734,0.718035,-0.439913,1.57549,-2.51441,0,0,0
L53778,L,301.5,310.7,1424,51.1,22,1.4818,0.910395,-1.55188,2.31802,-2.46184,0,0,0
L53779,L,301.6,310.7,1494,39.5,24,1.67665,0.891255,-0.174017,-0.128178,-2.39594,0,0,0
M21460,M,301.5,310.6,1424,47,26,1.50024,0.735534,-1.59806,1.60647,-2.33266,0,0,0
M21461,M,301.5,310.7,1347,47.9,29,1.50033,0.934681,-2.70554,1.81387,-2.20682,0,0,0
L53782,L,301.5,310.6,1374,46.7,32,1.53562,0.730334,-2.41008,1.51824,-2.1785,0,0,0
M21463,M,301.5,310.6,1403,47.4,34,1.55044,0.804722,-1.95033,1.69837,-2.10679,0,0,0
M21464,M,301.5,310.6,1573,37.4,37,1.51215,0.789003,1.13362,-0.652871,-2.00611,0,0,0
M21465,M,301.6,310.6,1691,30.1,40,1.65212,0.813482,2.24434,-2.12875,-1.93488,1,0,0
H36020,H,301.5,310.5,1538,44.3,43,1.53384,0.572124,0.563547,1.05609,-1.91648,0,0,0
L53787,L,301.5,310.5,1556,39.1,48,1.55075,0.594042,0.87726,-0.218049,-1.69735,0,0,0
M21468,M,301.5,310.4,1593,36.8,50,1.59407,0.484605,1.38226,-0.802126,-1.64134,0,0,0
L53789,L,301.5,310.4,1474,39.9,53,1.52911,0.459433,-0.56525,-0.0425971,-1.59195,0,0,0
L53790,L,301.5,310.4,1543,34,55,1.55144,0.469465,0.68341,-1.43798,-1.51428,0,0,0
H36025,H,301.5,310.5,1587,33.8,57,1.58316,0.578848,1.2998,-1.43509,-1.42758,0,0,0
L53792,L,301.6,310.6,1222,70,62,1.69644,0.762625,-3.13984,3.13956,-1.26876,1,0,1
L53793,L,301.7,310.6,1513,41.1,64,1.74661,0.765043,0.189608,0.262735,-1.26978,0,0,0
L53794,L,301.7,310.6,1660,28.7,66,1.71536,0.737907,1.98302,-2.35103,-1.16681,0,0,0
L53795,L,301.7,310.6,1545,42.1,68,1.73044,0.795905,0.708425,0.491929,-1.09543,1,0,0
M21476,M,301.7,310.6,1380,45.8,70,1.72386,0.793256,-2.27307,1.35564,-1.07714,0,0,0
L53797,L,301.6,310.6,1321,60.8,73,1.67553,0.769807,-2.88054,3.01405,-0.981431,1,0,1
M21478,M,301.6,310.6,1309,65.8,75,1.67074,0.778489,-2.95615,3.10224,-0.945972,0,1,1
M21479,M,301.7,310.7,1627,31.3,78,1.71733,0.929732,1.72476,-1.88079,-0.836969,1,0,0
M21480,M,301.6,310.7,1791,23.8,81,1.6825,0.98415,2.65613,-2.7749,-0.770591,0,0,0
M21481,M,301.7,310.7,1861,21.8,84,1.68868,0.905271,2.80909,-2.89799,-0.681159,1,0,0
L53802,L,301.7,310.7,1493,51.1,87,1.63375,0.991894,-0.149624,2.3171,-0.590271,1,0,1
M21483,M,301.7,310.7,1442,41.1,89,1.75067,0.949578,-1.2125,0.257611,-0.534163,0,0,0
L53804,L,301.7,310.7,1532,39.8,92,1.72147,0.97115,0.495606,-0.0654069,-0.437337,1,0,1
M21485,M,301.6,310.7,1421,44.4,94,1.64355,0.924207,-1.61345,1.04065,-0.447149,0,0,0
L53806,L,301.6,310.6,1613,42.5,97,1.67626,0.745519,1.60061,0.581247,-0.310313,0,0,0
M21487,M,301.7,310.6,1876,22.1,99,1.72795,0.767752,2.83648,-2.90804,-0.24988,0,0,0
L53808,L,301.6,310.5,1593,34.5,102,1.69211,0.586522,1.33898,-1.31453,-0.195237,1,0,0
L53809,L,301.6,310.5,1397,49.4,104,1.68293,0.575126,-2.0162,2.03912,-0.124126,0,0,0
M21490,M,301.6,310.5,1414,49.3,106,1.62675,0.548809,-1.74411,2.04728,-0.0679058,0,0,0
M21491,M,301.5,310.4,1378,55.3,109,1.55668,0.466189,-2.30817,2.75029,0.0570608,0,0,0
L53812,L,301.4,310.4,1301,51.2,112,1.50826,0.475124,-3.01798,2.33764,0.110927,0,0,0
M21493,M,301.5,310.5,1737,29.3,114,1.55443,0.567027,2.47289,-2.28391,0.161643,0,0,0
L53814,L,301.5,310.5,1396,44.5,117,1.54606,0.678946,-2.03681,1.09003,0.236982,0,0,0
L53815,L,301.5,310.5,1534,39.3,119,1.55609,0.546718,0.516538,-0.194435,0.377061,0,0,0
M21496,M,301.5,310.5,1774,25.5,121,1.55708,0.551458,2.63808,-2.67324,0.390883,0,0,0
H36051,H,301.5,310.5,1453,48,124,1.5107,0.534221,-0.975068,1.85315,0.421959,0,0,0
L53818,L,301.5,310.5,1453,44.2,129,1.57265,0.526003,-0.946518,0.997579,0.576576,0,0,0
L53819,L,301.4,310.5,1380,48.4,131,1.45689,0.542088,-2.25572,1.92972,0.651053,0,0,0
L53820,L,301.4,310.4,1334,43.2,133,1.49739,0.445288,-2.79325,0.763279,0.704131,0,0,0
L53821,L,301.5,310.5,1702,28.7,135,1.56482,0.568434,2.29304,-2.30357,0.793194,0,0,0
L53822,L,301.6,310.6,1431,37.5,137,1.65645,0.743071,-1.41096,-0.649639,0.8309,0,0,0
M21503,M,301.5,310.5,1308,60.5,139,1.51372,0.560441,-2.99666,3.03084,0.901637,0,0,0
L53824,L,301.5,310.6,1565,43.9,142,1.52545,0.80649,1.00492,0.934365,0.965905,0,0,0
M21505,M,301.5,310.4,1486,39.6,144,1.53379,0.42365,-0.306255,-0.131097,1.03915,0,0,0
L53826,L,301.5,310.5,1479,34.2,147,1.47005,0.534953,-0.466668,-1.3987,1.15445,0,0,0
L53827,L,301.5,310.5,1927,22.4,149,1.49412,0.562896,2.97822,-2.90632,1.19546,0,0,0
L53828,L,301.5,310.4,1488,41.1,151,1.52837,0.435539,-0.282468,0.266233,1.29812,0,0,0
M21509,M,301.5,310.4,1350,54.9,153,1.5167,0.445833,-2.67202,2.79097,1.33497,0,0,0
L53830,L,301.6,310.4,1561,35.3,156,1.67006,0.447842,0.955243,-1.14406,1.37607,0,0,0
M21511,M,301.5,310.4,1276,55.6,158,1.50785,0.44436,-3.06159,2.80098,1.40626,0,0,0
H36066,H,301.5,310.4,1580,35.7,161,1.53532,0.493008,1.20094,-1.08458,1.5653,0,0,0
M21513,M,301.4,310.3,1610,29.1,166,1.4745,0.332917,1.55382,-2.27791,1.65005,0,0,0
L53834,L,301.4,310.3,2203,16.6,169,1.49845,0.307937,3.08997,-3.07239,1.73906,0,0,0
L53835,L,301.4,310.3,1639,32.7,171,1.50654,0.306214,1.84289,-1.67621,1.79133,0,0,0
M21516,M,301.4,310.4,1553,44.7,173,1.4812,0.441392,0.83524,1.14292,1.85356,0,0,0
L53837,L,301.4,310.3,1374,47.6,176,1.48853,0.279361,-2.36037,1.74372,1.9556,0,0,0
L53838,L,301.4,310.4,1430,50.9,178,1.48437,0.40067,-1.43437,2.30904,2.02297,0,0,0
L53839,L,301.3,310.3,1626,31.3,180,1.39176,0.34851,1.70244,-1.89473,2.0696,0,0,0
H36074,H,301.4,310.5,1421,43.8,182,1.47215,0.506744,-1.61557,0.880795,2.12016,0,0,0
M21521,M,301.3,310.4,1501,39.8,187,1.37956,0.406299,-0.038375,-0.0775686,2.28635,0,0,0
M21522,M,301.3,310.4,2093,18.7,190,1.36387,0.434278,3.06463,-3.01196,2.34995,0,0,0
L53843,L,301.3,310.4,1504,47.2,193,1.34325,0.450411,-0.00846644,1.68276,2.46449,0,0,0
L53844,L,301.3,310.4,1538,38.4,195,1.34287,0.478989,0.549251,-0.376169,2.48394,0,0,0
L53845,L,301.3,310.4,1440,41.5,197,1.35161,0.411864,-1.26927,0.344649,2.53135,0,0,0
L53846,L,301.3,310.4,1414,51.4,199,1.38311,0.442233,-1.73727,2.41899,2.5886,0,0,0
H36081,H,301.4,310.5,1536,39.9,201,1.49105,0.541228,0.569044,-0.0428681,2.66667,0,0,0
L53848,L,301.4,310.5,1476,39.2,206,1.47177,0.544761,-0.549004,-0.199019,2.74958,0,0,0
L53849,L,301.4,310.5,1571,33.9,208,1.50695,0.558509,1.09837,-1.44604,2.87933,0,0,0
L53850,L,301.5,310.6,1998,20.2,210,1.6204,0.774961,2.98866,-2.9833,2.90201,0,0,0
L53851,L,301.5,310.6,1357,42.1,212,1.59475,0.743989,-2.61127,0.495993,2.91718,0,0,0
L53852,L,301.6,310.7,1424,50.5,214,1.6066,1.00482,-1.53594,2.24629,2.9527,0,0,0
L53853,L,301.6,310.7,1380,51.8,216,1.64507,0.981738,-2.31944,2.43265,3.01816,0,1,1
L53854,L,301.5,310.7,1618,35.5,218,1.63762,0.960757,1.67352,-1.11426,3.03777,0,0,0
L53855,L,301.5,310.6,1579,28,220,1.61934,0.775485,1.21904,-2.3824,3.05514,0,0,0
L53856,L,301.5,310.7,1423,44,222,1.59769,0.996846,-1.59272,0.96696,3.07828,0,0,0
L53857,L,301.5,310.7,1435,38.5,224,1.5777,1.01103,-1.32568,-0.378948,3.09262,1,0,1
M21538,M,301.5,310.7,1336,65.6,0,1.567,0.950754,-2.79679,3.08908,-3.14159,0,1,1
L53859,L,301.6,310.8,1392,42.4,3,1.64973,1.13649,-2.13145,0.538972,-2.98204,0,0,0
L53860,L,301.5,310.8,1417,49.7,5,1.59235,1.16229,-1.69064,2.12797,-2.95315,0,0,0
L53861,L,301.4,310.7,1425,45.1,7,1.4786,0.982564,-1.56378,1.21323,-2.91748,0,0,0
L53862,L,301.5,310.8,1512,38.9,9,1.55928,1.16291,0.142718,-0.278739,-2.81727,0,0,0
L53863,L,301.5,310.9,1318,50.6,11,1.51946,1.29595,-2.89283,2.22335,-2.76338,1,0,0
L53864,L,301.6,310.9,1538,40.4,13,1.64734,1.37613,0.58202,0.0602812,-2.72924,0,0,0
L53865,L,301.6,310.9,1532,43.6,15,1.64894,1.30704,0.4664,0.844253,-2.66908,0,0,0
L53866,L,301.7,311,1715,24.8,17,1.73551,1.51037,2.38018,-2.75998,-2.57817,0,0,0
L53867,L,301.7,311,1700,28.7,19,1.71427,1.45887,2.28599,-2.35541,-2.53202,0,0,0
L53868,L,301.7,311,1548,40.3,21,1.73044,1.52919,0.724924,0.0734887,-2.51591,0,0,0
L53869,L,301.7,311,1546,43,23,1.71786,1.47081,0.711188,0.724685,-2.43492,0,0,0
L53870,L,301.7,311,1343,49.2,25,1.75769,1.49671,-2.71768,2.02561,-2.36798,1,0,1
M21551,M,301.7,311,1510,47.8,27,1.7646,1.48013,0.137463,1.75008,-2.31991,1,0,1
M21552,M,301.8,311,1839,23.6,30,1.80332,1.54307,2.79246,-2.80912,-2.23739,0,0,0
M21553,M,301.8,311,1756,26.7,33,1.78248,1.48845,2.55308,-2.54353,-2.14896,0,0,0
M21554,M,301.7,310.9,1300,62.7,36,1.72252,1.37673,-2.99557,3.06641,-2.05047,0,0,0
M21555,M,301.7,311,1311,55.8,39,1.75057,1.48119,-2.97347,2.81248,-1.96437,0,0,0
L53876,L,301.7,310.9,1636,31.3,42,1.72049,1.34776,1.82831,-1.94919,-1.89125,0,0,0
L53877,L,301.6,310.9,1643,34.1,44,1.68212,1.33959,1.89151,-1.35225,-1.8151,0,0,0
L53878,L,301.6,310.8,1418,44.7,46,1.64735,1.21538,-1.66564,1.14431,-1.76257,0,0,0
M21559,M,301.7,310.8,1516,40.4,48,1.72334,1.1671,0.230193,0.120763,-1.69246,0,0,0
H36114,H,301.6,310.9,1419,50.2,51,1.6612,1.36313,-1.62939,2.22419,-1.59659,1,0,1
L53881,L,301.6,310.9,1623,34.1,56,1.647,1.38235,1.6669,-1.40773,-1.52285,0,0,0
M21562,M,301.6,310.8,1664,32,58,1.66028,1.18218,2.04067,-1.76683,-1.41551,0,0,0
M21563,M,301.5,310.7,1744,28.2,61,1.55421,0.962098,2.53134,-2.37846,-1.30389,0,0,0
M21564,M,301.5,310.7,1510,36,64,1.58247,0.966446,0.11362,-0.972141,-1.26147,0,0,0
M21565,M,301.5,310.6,1382,58.1,67,1.54275,0.71507,-2.26362,2.91612,-1.16743,0,0,0
L53886,L,301.4,310.6,1381,46.1,70,1.49533,0.760058,-2.26119,1.42033,-1.06644,0,0,0
L53887,L,301.3,310.6,1556,39,72,1.41347,0.743403,0.85165,-0.256033,-1.05164,0,0,0
M21568,M,301.4,310.6,1464,37.4,74,1.50572,0.743022,-0.73612,-0.68329,-0.974653,0,0,0
L53889,L,301.4,310.6,1481,37.6,77,1.47262,0.700018,-0.390116,-0.582199,-0.881076,0,0,0
L53890,L,301.5,310.7,1323,49.7,79,1.57628,0.935328,-2.91721,2.13355,-0.814242,1,0,0
L53891,L,301.5,310.7,1426,46.1,81,1.55773,0.979354,-1.51639,1.4171,-0.772121,0,0,0
H36126,H,301.4,310.7,1516,36.4,83,1.47345,0.969091,0.219907,-0.867415,-0.728656,0,0,0
L53893,L,301.3,310.6,1416,45.2,88,1.40504,0.77881,-1.7301,1.22661,-0.544111,0,0,0
L53894,L,301.3,310.6,1440,53.8,90,1.44045,0.766358,-1.22222,2.61443,-0.530557,0,0,0
L53895,L,301.3,310.6,1576,30.4,92,1.40559,0.798584,1.18042,-2.05265,-0.478189,0,0,0
L53896,L,301.3,310.6,1387,53.6,94,1.43583,0.887072,-2.18896,2.60509,-0.408127,0,0,0
M21577,M,301.4,310.6,1464,48.6,96,1.49211,0.861327,-0.752766,1.93045,-0.330525,0,0,0
L53898,L,301.4,310.6,2137,18,99,1.47921,0.895251,3.03212,-3.06832,-0.265407,0,0,0
M21579,M,301.4,310.6,1431,40.6,101,1.46241,0.884439,-1.43616,0.146471,-0.214099,0,0,0
L53900,L,301.3,310.6,1458,48,104,1.438,0.864869,-0.861807,1.83445,-0.127814,0,0,0
L53901,L,301.4,310.7,1280,61,106,1.49162,0.968994,-3.0501,3.03302,-0.0310066,0,0,0
L53902,L,301.4,310.7,1657,28.7,108,1.55849,0.983044,1.98111,-2.32711,-0.0345612,0,0,0
M21583,M,301.4,310.6,1565,36.1,110,1.5052,0.912565,1.01134,-0.990678,0.0486048,0,0,0
L53904,L,301.3,310.6,1560,36.8,113,1.38977,0.929056,0.918934,-0.820368,0.189691,0,0,0
M21585,M,301.5,310.7,1359,47.1,115,1.56868,0.947584,-2.58367,1.60833,0.193776,0,0,0
L53906,L,301.5,310.8,1500,41,118,1.56384,1.18614,-0.065703,0.204087,0.292289,0,0,0
L53907,L,301.5,310.8,1785,25.5,120,1.60445,1.24425,2.66662,-2.69869,0.361356,0,0,0
L53908,L,301.5,310.9,1891,23.2,122,1.59144,1.34031,2.84418,-2.87436,0.404558,1,0,1
H36143,H,301.5,310.9,1524,40.4,124,1.56333,1.35071,0.338014,0.0797115,0.450536,0,0,0
M21590,M,301.6,311,1431,42.3,129,1.62939,1.46259,-1.43953,0.543363,0.613565,0,0,0
L53911,L,301.6,310.9,1385,51.2,132,1.6378,1.34355,-2.1742,2.3582,0.722758,0,0,0
L53912,L,301.7,311,1503,44.8,134,1.7478,1.48688,-0.00249058,1.18026,0.798227,0,0,0
M21593,M,301.7,311,1311,46.8,136,1.74473,1.47575,-2.93873,1.60045,0.813264,0,0,0
M21594,M,301.6,310.9,1575,40.1,139,1.64838,1.34737,1.17885,-0.0106734,0.905045,1,0,1
L53915,L,301.6,311,1485,40.1,142,1.6469,1.45002,-0.331475,-0.00444665,1.00115,0,0,0
L53916,L,301.7,311,1527,42.2,144,1.76509,1.47108,0.417628,0.501063,1.07261,0,0,0
M21597,M,301.7,311,1537,33.5,146,1.74516,1.49705,0.605971,-1.52816,1.12585,0,0,0
H36152,H,301.8,311.1,1463,50.1,149,1.75789,1.56417,-0.805552,2.20709,1.17129,0,0,0
L53919,L,301.7,311.2,1482,43.6,154,1.74743,1.7115,-0.356982,0.839831,1.33661,0,0,0
L53920,L,301.8,311.2,1417,55.9,156,1.7595,1.72316,-1.66349,2.82138,1.38495,0,0,0
M21601,M,301.7,311.1,1506,39.5,158,1.75037,1.65181,0.0348567,-0.177462,1.44472,0,0,0
H36156,H,301.7,311.2,1639,30,161,1.75804,1.72548,1.83005,-2.14222,1.52187,0,0,0
L53923,L,301.7,311.2,1418,38,166,1.75081,1.80194,-1.68513,-0.468682,1.64872,0,0,0
M21604,M,301.7,311,1298,58.1,168,1.71039,1.47101,-2.99798,2.94154,1.72132,0,0,0
M21605,M,301.8,311.1,1395,44.6,171,1.77755,1.63264,-2.08003,1.10852,1.81808,0,0,0
M21606,M,301.7,311.1,1578,40.5,174,1.73557,1.67815,1.20746,0.0684355,1.90868,0,0,0
M21607,M,301.8,311.1,1597,29.8,177,1.81073,1.65854,1.40951,-2.16962,1.99554,0,0,0
H36162,H,301.7,311,2016,19.3,180,1.64708,1.48892,3.0047,-3.00451,2.05206,0,0,0
L53929,L,301.7,311,1585,35.9,185,1.70117,1.48724,1.28352,-1.00636,2.22056,0,0,0
M21610,M,301.7,311,1505,44,187,1.65946,1.47974,0.04346,0.99215,2.25146,1,0,0
M21611,M,301.7,311,1505,37.1,190,1.68302,1.47143,0.0559161,-0.730381,2.38307,1,0,0
L53932,L,301.6,310.9,1706,29.5,193,1.64218,1.38713,2.3372,-2.21989,2.43514,1,0,0
L53933,L,301.6,310.9,1385,50.7,195,1.67133,1.36035,-2.19227,2.26521,2.48234,0,0,0
L53934,L,301.8,311.1,1495,36.9,197,1.77467,1.64901,-0.170656,-0.753095,2.52632,0,0,0
M21615,M,301.8,311.1,1663,31.6,199,1.79322,1.66356,2.05991,-1.88804,2.63173,0,0,0
L53936,L,301.8,311.2,1840,26.6,202,1.83198,1.78736,2.79249,-2.62028,2.69009,1,0,0
L53937,L,301.8,311.2,1822,26.2,204,1.78702,1.81935,2.74424,-2.57868,2.73404,0,0,0
L53938,L,301.7,311.1,1644,32.8,206,1.71639,1.69125,1.85806,-1.63397,2.82073,0,0,0
L53939,L,301.7,311,1441,44.3,208,1.71496,1.49706,-1.2265,1.00827,2.88143,0,1,1
L53940,L,301.5,310.9,1451,40.6,0,1.53846,1.34164,-0.995066,0.107285,-3.09009,0,0,0
L53941,L,301.5,310.9,1400,50.8,2,1.55566,1.38291,-1.94759,2.31424,-3.03988,1,0,1
L53942,L,301.4,310.8,1362,53.2,4,1.45417,1.22417,-2.53598,2.54747,-2.94377,0,0,0
M21623,M,301.4,310.8,1782,26.5,6,1.51166,1.23395,2.63919,-2.58909,-2.96011,0,0,0
L53944,L,301.4,310.9,1536,38.3,9,1.48093,1.36261,0.572022,-0.412594,-2.80159,0,0,0
L53945,L,301.5,310.9,1580,32.3,11,1.55049,1.37541,1.19549,-1.72887,-2.79564,0,0,0
M21626,M,301.4,311,1427,43.2,13,1.49358,1.49384,-1.52957,0.757783,-2.68881,0,0,0
L53947,L,301.3,310.9,1509,41.7,16,1.38335,1.37759,0.120623,0.411159,-2.63734,0,0,0
H36182,H,301.3,310.8,1434,39.5,18,1.36688,1.21698,-1.36633,-0.175421,-2.55239,0,0,0
L53949,L,301.2,310.8,1392,52.6,23,1.35869,1.23751,-2.10032,2.53538,-2.45732,1,0,1
M21630,M,301.3,310.8,1509,40.1,25,1.37141,1.23088,0.123758,-0.00269604,-2.399,0,0,0
M21631,M,301.2,310.7,1962,22.5,28,1.3188,0.9537,2.94872,-2.87797,-2.2905,0,0,0
L53952,L,301.3,310.7,1536,39.3,31,1.39176,0.919356,0.567229,-0.181143,-2.2256,0,0,0
L53953,L,301.3,310.8,1381,47.9,33,1.38321,1.24292,-2.26868,1.79096,-2.14105,0,0,0
H36188,H,301.2,310.7,1747,27.3,35,1.30433,0.909207,2.47562,-2.50463,-2.08824,0,0,0
L53955,L,301.2,310.6,1670,30,40,1.32869,0.923161,2.08764,-2.12804,-1.96443,0,0,0
L53956,L,301.3,310.6,1451,47.5,42,1.37067,0.812086,-1.00736,1.70412,-1.88512,0,0,0
L53957,L,301.2,310.7,1951,21.3,44,1.32422,0.94153,2.92303,-2.94819,-1.81007,0,0,0
M21638,M,301.3,310.7,1819,25.5,46,1.3805,0.954391,2.73145,-2.67162,-1.75799,0,0,0
M21639,M,301.3,310.8,1372,54.2,49,1.39699,1.23305,-2.40192,2.70243,-1.69007,0,0,0
L53960,L,301.3,310.8,1560,38.5,52,1.39602,1.20084,0.963219,-0.38401,-1.59933,0,0,0
M21641,M,301.3,310.8,1494,35.3,54,1.3705,1.22722,-0.210162,-1.1502,-1.5121,0,0,0
L53962,L,301.3,310.8,1531,53.4,57,1.36983,1.18495,0.50722,2.63603,-1.45803,0,0,0
L53963,L,301.3,310.8,1450,46.9,59,1.35492,1.18578,-1.03743,1.5954,-1.35044,0,0,0
M21644,M,301.3,310.7,1391,52.5,61,1.35775,0.965578,-2.11624,2.48629,-1.34492,0,0,0
L53965,L,301.2,310.6,1389,45.3,64,1.34345,0.806658,-2.16763,1.2517,-1.25969,0,0,0
L53966,L,301.2,310.6,1409,50.9,66,1.33724,0.809628,-1.8362,2.31977,-1.19633,0,0,0
H36201,H,301.1,310.6,1388,58.5,68,1.25906,0.777128,-2.17823,2.92563,-1.14261,0,0,0
M21648,M,301.1,310.6,1410,43.9,73,1.24926,0.797863,-1.85649,0.891267,-0.965344,0,0,0
M21649,M,301.1,310.5,1646,30.7,76,1.25518,0.537754,1.90177,-2.06278,-0.881149,0,0,0
M21650,M,301.1,310.7,2219,16.7,79,1.28154,0.924755,3.09245,-3.09195,-0.819466,0,0,0
L53971,L,301.2,310.7,1551,41.2,82,1.32416,0.91606,0.798282,0.246562,-0.722622,0,0,0
L53972,L,301.2,310.6,1811,24,84,1.31341,0.821378,2.73604,-2.74932,-0.707548,0,0,0
L53973,L,301.3,310.7,1608,31.4,86,1.37684,0.955098,1.52491,-1.85807,-0.644146,0,0,0
L53974,L,301.3,310.8,1428,55.2,88,1.369,1.25786,-1.47261,2.79052,-0.573928,0,0,0
L53975,L,301.4,310.8,1477,50.4,90,1.47421,1.2317,-0.499998,2.2641,-0.511656,0,0,0
M21656,M,301.3,310.7,1300,58.3,92,1.34822,0.934157,-3.03634,2.94628,-0.426721,0,0,0
M21657,M,301.2,310.7,1615,34.9,95,1.37562,0.906419,1.58767,-1.22397,-0.361793,1,0,0
L53978,L,301.2,310.7,1676,32.4,98,1.34798,0.904712,2.12859,-1.71896,-0.281264,0,0,0
M21659,M,301.1,310.7,2636,12.2,100,1.26093,0.939871,3.12177,-3.14159,-0.219406,0,1,1
M21660,M,301.1,310.6,1310,48.8,103,1.25766,0.850395,-2.95132,1.9813,-0.159078,0,0,0
L53981,L,301.1,310.7,1334,48.2,106,1.25129,0.95956,-2.79652,1.85524,-0.0654181,0,0,0
M21662,M,301.1,310.7,1621,31,108,1.25227,0.954949,1.6835,-1.97754,0.000586907,0,0,0
M21663,M,301.1,310.7,1367,43.4,111,1.25616,0.977216,-2.44113,0.85513,0.0789938,0,0,0
L53984,L,301,310.6,1588,33.7,114,1.21144,0.863906,1.33151,-1.47303,0.184003,0,0,0
M21665,M,301,310.7,1497,37.6,116,1.20515,0.932379,-0.112521,-0.59943,0.237932,0,0,0
L53986,L,301.1,310.8,1608,32.9,119,1.23508,1.20042,1.52993,-1.62738,0.326076,0,0,0
L53987,L,301,310.8,1549,41.4,121,1.18989,1.23631,0.750027,0.31173,0.403208,0,0,0
L53988,L,301,310.7,1391,45,123,1.19958,0.959316,-2.10608,1.15886,0.421643,0,0,0
L53989,L,300.9,310.8,1490,38.1,125,1.00965,1.18935,-0.23122,-0.487771,0.522978,0,0,0
L53990,L,301,310.7,1727,34.5,127,1.20815,0.938711,2.43843,-1.31515,0.552132,0,0,0
L53991,L,300.9,310.6,1504,46.4,129,1.02885,0.886257,0.0267824,1.46233,0.591606,0,0,0
L53992,L,300.9,310.6,1350,53.8,131,1.04196,0.894927,-2.69647,2.6708,0.634313,0,0,0
M21673,M,300.9,310.7,1420,43,133,1.04723,0.942628,-1.60736,0.736837,0.716354,0,0,0
H36228,H,300.8,310.6,1465,44.1,136,0.947739,0.819301,-0.764748,0.922497,0.782409,0,0,0
L53995,L,300.9,310.7,1427,44.1,141,1.02369,0.939468,-1.48684,0.975865,0.964949,0,0,0
L53996,L,300.9,310.7,1477,43.2,143,1.03505,0.937735,-0.522973,0.717149,1.02506,0,0,0
M21677,M,301,310.7,1493,48.1,145,1.19777,0.908852,-0.199555,1.83259,1.0995,0,0,0
M21678,M,301,310.7,1657,29.9,148,1.22237,0.940606,2.0037,-2.19399,1.16175,0,0,0
L53999,L,300.9,310.7,1359,46,151,1.01319,0.917159,-2.53895,1.40272,1.27133,0,0,0
L54000,L,300.8,310.6,1551,34.5,153,0.941234,0.859509,0.806675,-1.33881,1.30333,0,0,0
M21681,M,300.8,310.6,1545,37.5,155,0.971252,0.85496,0.684429,-0.642084,1.32968,0,0,0
M21682,M,300.9,310.6,1709,29.2,158,1.02353,0.830207,2.34675,-2.30931,1.42873,0,0,0
M21683,M,300.9,310.7,1268,56.3,161,0.984303,0.946399,-3.06341,2.84305,1.52646,0,0,0
L54004,L,300.9,310.7,1740,25.3,164,1.03668,0.902094,2.47481,-2.66737,1.60059,0,0,0
L54005,L,301,310.9,1828,25.1,166,1.16626,1.37428,2.76537,-2.69268,1.66685,0,0,0
L54006,L,301,310.9,1822,21.6,168,1.17086,1.39776,2.74349,-2.91236,1.67783,0,0,0
M21687,M,301,310.9,1515,41.8,170,1.25598,1.4052,0.268041,0.434354,1.79121,0,0,0
L54008,L,301,310.9,1392,52.9,173,1.20882,1.41217,-2.10404,2.54151,1.90248,0,0,0
H36243,H,300.9,310.9,1474,35.7,175,1.03553,1.42633,-0.580685,-1.11088,1.93712,0,0,0
M21690,M,301,310.9,1359,53.4,180,1.23663,1.35076,-2.59288,2.57814,2.07302,0,0,0
L54011,L,301.1,311,1565,52.3,183,1.29135,1.48265,1.00841,2.44334,2.11645,1,0,0
M21692,M,301.1,311.1,1384,42.5,185,1.27142,1.66418,-2.2366,0.601779,2.21282,0,0,0
L54013,L,301.1,311.1,1387,53.1,188,1.28153,1.64554,-2.18942,2.6013,2.26819,0,0,0
L54014,L,301.1,311,1378,51.1,190,1.23428,1.47381,-2.29308,2.31936,2.34157,0,0,0
L54015,L,301,310.9,1809,25.7,192,1.13663,1.26748,2.71469,-2.62375,2.43776,0,0,0
H36250,H,301.1,311,1339,52.8,194,1.29032,1.45239,-2.77564,2.50727,2.46685,0,0,0
M21697,M,301,311,1423,38.6,199,1.15644,1.45681,-1.54163,-0.368171,2.61672,0,0,0
L54018,L,301.1,311.1,1570,41.6,202,1.24665,1.63205,1.0694,0.371342,2.68617,0,0,0
L54019,L,301.2,311.2,1558,34.1,204,1.34325,1.80083,0.923845,-1.4076,2.75388,1,0,1
L54020,L,301.1,311.1,1799,21.7,206,1.25293,1.65313,2.70206,-2.92412,2.79443,0,0,0
M21701,M,301.1,311.2,1591,35,208,1.27084,1.77289,1.32923,-1.23886,2.83296,0,0,0
L54022,L,301.2,311.2,1635,29.6,211,1.34619,1.77865,1.78643,-2.23573,2.93803,0,0,0
L54023,L,301.3,311.3,1509,42.5,213,1.33339,1.92853,0.0881138,0.61636,2.97929,1,0,1
M21704,M,301.3,311.4,1838,23.2,215,1.38515,1.97793,2.75566,-2.79621,2.99428,0,0,0
M21705,M,301.3,311.5,1648,32.4,0,1.34546,2.15937,1.91653,-1.738,-3.12362,1,0,0
M21706,M,301.2,311.5,1498,49.5,3,1.338,2.12216,-0.0966415,2.09974,-3.00969,0,0,0
L54027,L,301.2,311.4,1757,28,6,1.33371,1.93824,2.57549,-2.41471,-2.94043,0,0,0
M21708,M,301.1,311.3,1389,53.3,8,1.27854,1.88566,-2.14231,2.56063,-2.89342,0,0,0
L54029,L,301.1,311.3,1498,37.6,11,1.27066,1.89138,-0.0906194,-0.572527,-2.74464,0,0,0
M21710,M,301,311.2,1521,35.8,13,1.1325,1.82655,0.300605,-1.05862,-2.7259,0,0,0
M21711,M,301,311.2,1394,41.3,16,1.10401,1.83779,-2.11025,0.320236,-2.62317,0,0,0
H36266,H,301,311.2,1602,32.7,19,1.10536,1.82868,1.45291,-1.65882,-2.57692,0,0,0
L54033,L,300.9,311.1,1417,40.7,24,0.962974,1.67403,-1.6858,0.185245,-2.459,0,0,0
L54034,L,301,311.2,1511,42.9,26,1.11595,1.81161,0.146939,0.715651,-2.37241,0,0,0
M21715,M,301.1,311.3,1654,30.7,28,1.28373,1.87559,1.92535,-2.03973,-2.28099,0,0,0
M21716,M,301.1,311.3,1836,22.8,31,1.26765,1.85817,2.79653,-2.84938,-2.17265,1,0,0
L54037,L,301.1,311.3,1622,35.6,34,1.26185,1.92047,1.66026,-1.10466,-2.14346,1,0,0
L54038,L,301,311.2,1467,45.4,36,1.11008,1.81045,-0.689166,1.27017,-2.03765,0,0,0
M21719,M,301.1,311.3,1909,22.7,38,1.26274,1.91719,2.89408,-2.89737,-1.97715,0,0,0
L54040,L,301.1,311.2,1910,20.2,41,1.24154,1.75272,2.89764,-2.99248,-1.88459,1,0,0
H36275,H,301.1,311.3,2207,16.6,43,1.26277,1.9344,3.07315,-3.06475,-1.88361,1,0,0
M21722,M,301.1,311.2,1384,49.4,48,1.24339,1.81012,-2.24036,2.08112,-1.70789,0,0,0
L54043,L,301.1,311.3,1630,29.5,51,1.25186,1.93381,1.76788,-2.20591,-1.65374,1,0,1
L54044,L,301.1,311.3,1268,60,53,1.24709,1.92091,-3.09926,2.99335,-1.562,0,0,0
L54045,L,301.1,311.4,1531,38.7,55,1.22264,1.94639,0.498256,-0.326143,-1.55334,0,0,0
M21726,M,301,311.3,1454,41.5,57,1.1071,1.91837,-0.963882,0.357827,-1.41338,0,0,0
L54047,L,301,311.3,1342,50.9,60,1.12623,1.89339,-2.73477,2.2719,-1.36406,0,0,0
L54048,L,301,311.2,1363,46.3,62,1.07348,1.79963,-2.56721,1.44289,-1.31142,0,0,0
L54049,L,301,311.2,1412,42.1,64,1.13361,1.81845,-1.74908,0.518904,-1.25997,1,0,0
H36284,H,301,311.3,1597,39.2,66,1.12977,1.89099,1.41181,-0.21169,-1.21512,0,0,0
L54051,L,301,311.3,1349,47,71,1.13386,1.87923,-2.68269,1.60627,-1.03004,0,0,0
L54052,L,301,311.3,1472,35.3,73,1.12367,1.86001,-0.56851,-1.08739,-0.988822,0,0,0
L54053,L,301,311.4,1478,39.5,75,1.13766,1.98345,-0.445191,-0.161941,-0.948554,0,0,0
H36288,H,300.9,311.3,1295,58.9,77,1.01611,1.86078,-3.04747,2.98,-0.884181,0,0,0
M21735,M,300.8,311.2,1592,32.9,82,0.962271,1.8403,1.3603,-1.62786,-0.7511,0,0,0
L54056,L,300.8,311.2,1430,54.4,85,0.970135,1.818,-1.42121,2.70603,-0.666243,1,0,1
M21737,M,300.8,311.2,1488,40.1,87,0.976567,1.79024,-0.300091,0.0484196,-0.623834,0,0,0
H36292,H,300.9,311.2,1518,35,90,1.01561,1.82025,0.273069,-1.23401,-0.537001,0,0,0
H36293,H,300.8,311.2,2237,17,95,0.957327,1.83158,3.08768,-3.06431,-0.344609,0,0,0
M21740,M,300.9,311.3,1801,24.6,100,0.997193,1.85185,2.69426,-2.71388,-0.233921,0,0,0
L54061,L,301,311.4,1573,37.6,103,1.14457,1.93944,1.10802,-0.611233,-0.16092,0,0,0
L54062,L,300.9,311.4,2073,21.4,105,1.02532,1.91657,3.02696,-2.92387,-0.0948188,0,0,0
L54063,L,300.9,311.3,1953,19.4,107,0.998408,1.88933,2.9256,-2.99909,-0.045521,0,0,0
L54064,L,300.8,311.2,1492,39,109,0.998865,1.79684,-0.231995,-0.264849,0.0439096,0,0,0
L54065,L,300.8,311.2,1397,48.7,111,0.982714,1.763,-2.00296,1.94399,0.0554395,0,0,0
M21746,M,300.8,311.3,1465,43.2,113,0.966351,1.89271,-0.736086,0.783084,0.161219,0,0,0
L54067,L,300.8,311.3,1782,26.9,116,1.00307,1.9458,2.67524,-2.54141,0.271079,0,0,0
M21748,M,300.9,311.4,1434,45.4,118,1.03742,1.99795,-1.36453,1.30564,0.304797,0,0,0
H36303,H,300.9,311.4,1387,42.7,121,1.01779,1.94747,-2.17356,0.641394,0.346573,0,0,0
M21750,M,300.9,311.4,1532,41.5,126,0.989994,1.98746,0.490884,0.366088,0.5196,1,0,1
L54071,L,300.9,311.5,1505,41.1,129,0.987539,2.1507,-0.00381169,0.259417,0.573239,1,0,0
L54072,L,301,311.6,1440,43.3,131,1.1885,2.2125,-1.22638,0.763836,0.65164,0,0,0
L54073,L,301,311.6,1470,43.4,133,1.14564,2.21523,-0.583616,0.792853,0.668375,0,0,0
L54074,L,301.1,311.7,1408,46.3,135,1.24249,2.32225,-1.85078,1.45631,0.755543,0,0,0
M21755,M,301,311.6,1357,45.6,137,1.11406,2.23943,-2.59038,1.32248,0.847533,0,0,0
M21756,M,301,311.6,1454,40,140,1.17986,2.22141,-0.9367,0.0182255,0.928621,0,0,0
L54077,L,301,311.6,1352,63.5,143,1.13761,2.21987,-2.65737,3.0798,1.00214,0,0,0
M21758,M,301,311.6,1448,43.9,145,1.17897,2.21069,-1.06758,0.945227,1.08951,0,0,0
L54079,L,300.9,311.6,1671,33.5,148,1.00555,2.16036,2.10221,-1.48703,1.15455,0,0,0
L54080,L,301,311.7,1670,31.3,150,1.142,2.39322,2.08007,-1.91509,1.25355,0,0,0
L54081,L,301,311.7,1547,34.5,152,1.14081,2.36734,0.720048,-1.28199,1.28305,0,0,0
L54082,L,301,311.6,1461,40.6,154,1.17907,2.23163,-0.798223,0.138688,1.31653,0,0,0
M21763,M,301,311.6,1609,35.8,156,1.17903,2.20145,1.54111,-1.03188,1.40622,1,0,0
M21764,M,300.9,311.5,1704,31.3,159,1.03853,2.19789,2.29651,-1.91711,1.48143,0,0,0
M21765,M,301,311.5,1550,34.9,162,1.13304,2.16404,0.78375,-1.24967,1.53469,0,0,0
M21766,M,301,311.5,1530,43.9,165,1.1539,2.17368,0.492543,0.885685,1.6263,0,0,0
L54087,L,300.9,311.3,1449,40.2,168,0.984442,1.8862,-1.01823,0.0161639,1.7122,0,0,0
L54088,L,300.9,311.3,1613,32.7,170,1.04126,1.90217,1.62239,-1.6888,1.76997,1,0,0
L54089,L,300.8,311.2,1376,48.1,172,0.933966,1.78418,-2.38553,1.84357,1.84295,0,0,0
L54090,L,300.8,311.2,1434,45.6,174,0.956826,1.71882,-1.35652,1.31682,1.86943,0,0,0
L54091,L,300.8,311.1,1480,41.1,176,0.951512,1.63808,-0.404192,0.274406,1.97338,0,0,0
M21772,M,300.8,311.2,1634,31.9,178,0.936,1.72739,1.80661,-1.79726,2.00869,0,0,0
L54093,L,300.8,311.2,1481,38.5,181,0.950549,1.76787,-0.413008,-0.39674,2.12594,0,0,0
H36328,H,300.9,311.3,1668,28.9,183,1.03156,1.91142,2.08943,-2.30307,2.15248,0,0,0
L54095,L,301,311.4,1484,36.2,188,1.12739,1.94584,-0.419487,-0.942327,2.26183,0,0,0
M21776,M,300.9,311.3,1603,31.8,190,1.00478,1.94041,1.46223,-1.83507,2.3681,0,0,0
L54097,L,301,311.4,1481,37.5,193,1.0952,1.90621,-0.374164,-0.650208,2.42692,0,0,0
L54098,L,301,311.5,1559,31.8,195,1.1447,2.16019,0.905391,-1.86278,2.47383,0,0,0
L54099,L,301,311.5,1444,39.8,197,1.13956,2.16638,-1.13281,-0.0707521,2.56397,1,0,1
M21780,M,301.2,311.6,1423,48,199,1.33869,2.20319,-1.55668,1.82104,2.6189,0,0,0
L54101,L,301.1,311.6,1432,48.1,202,1.2533,2.22842,-1.41154,1.84556,2.66553,0,0,0
L54102,L,301.2,311.7,1463,48.3,204,1.35433,2.3554,-0.776555,1.86369,2.7507,1,0,0
L54103,L,301.2,311.7,1433,49.3,206,1.3223,2.3526,-1.35836,2.0518,2.80785,1,0,1
L54104,L,301.2,311.6,1461,52.9,208,1.29597,2.19226,-0.761274,2.58389,2.81971,1,1,1
M21785,M,301.1,311.6,1266,55.5,210,1.27465,2.20064,-3.12215,2.80208,2.92182,1,0,1
H36340,H,301.1,311.6,1417,53.4,0,1.27551,2.21497,-1.65877,2.59433,-3.12613,0,0,0
L54107,L,301.1,311.6,1488,43.4,5,1.31268,2.20986,-0.30822,0.828799,-2.96639,0,0,0
L54108,L,301.1,311.7,1816,24.5,7,1.2425,2.40328,2.74728,-2.74678,-2.90539,0,0,0
M21789,M,301,311.6,1301,55,9,1.10038,2.21096,-3.04909,2.72904,-2.8132,1,0,1
M21790,M,300.9,311.5,1836,21.8,12,1.01321,2.12808,2.75731,-2.90316,-2.747,0,0,0
M21791,M,300.8,311.4,1521,39.9,15,0.954573,1.93899,0.2875,-0.0251779,-2.7028,0,0,0
L54112,L,300.8,311.4,1322,67.2,18,0.946937,1.90789,-2.90677,3.11451,-2.58662,1,1,1
L54113,L,300.8,311.4,1492,40.6,20,0.957594,1.9483,-0.238751,0.120696,-2.4767,0,0,0
L54114,L,300.8,311.4,1536,40.9,22,0.987801,1.98307,0.525275,0.179674,-2.43006,0,0,0
L54115,L,300.7,311.2,1878,24.3,24,0.783084,1.72801,2.83726,-2.74497,-2.38767,0,0,0
L54116,L,300.6,311.1,1471,40.7,26,0.617943,1.63825,-0.644751,0.144922,-2.38132,0,0,0
H36351,H,300.6,311.1,1452,40.2,28,0.616884,1.67507,-0.960813,0.0279797,-2.25099,1,0,1
L54118,L,300.7,311.2,1452,44.4,33,0.785228,1.74436,-0.983578,1.04559,-2.13056,0,0,0
M21799,M,300.7,311.3,1348,53,35,0.813251,1.90854,-2.70017,2.54728,-2.09767,0,0,0
H36354,H,300.8,311.4,1453,44.6,38,0.931432,1.95645,-0.94401,1.09137,-2.01756,0,0,0
L54121,L,300.8,311.4,1316,57.6,43,0.921677,1.95586,-2.90514,2.89865,-1.87242,0,0,0
M21802,M,300.8,311.4,1732,26.9,45,0.923484,1.98416,2.43872,-2.54826,-1.79192,0,0,0
L54123,L,300.7,311.3,1522,35.2,48,0.796801,1.88815,0.291137,-1.16468,-1.74997,0,0,0
M21804,M,300.7,311.3,1487,39.8,50,0.786463,1.87222,-0.302355,-0.0891801,-1.66463,0,0,0
M21805,M,300.8,311.4,1852,22.2,53,0.908798,1.95845,2.81543,-2.89303,-1.57671,0,0,0
L54126,L,300.7,311.2,1486,46.8,56,0.783211,1.7173,-0.306531,1.60886,-1.49776,0,0,0
M21807,M,300.7,311.3,1562,37.1,58,0.795153,1.90513,0.956705,-0.733359,-1.43079,0,0,0
L54128,L,300.7,311.2,1457,51.4,61,0.80433,1.72839,-0.86594,2.3603,-1.33194,0,0,0
M21809,M,300.7,311.2,1769,26.5,63,0.729714,1.81965,2.57237,-2.57784,-1.26631,0,0,0
H36364,H,300.7,311.3,1374,53.1,66,0.736253,1.8619,-2.38594,2.57239,-1.16843,0,0,0
L54131,L,300.8,311.3,1524,43.5,71,0.929704,1.90326,0.373897,0.850314,-1.04557,0,0,0
L54132,L,300.8,311.3,1498,40.2,73,0.940138,1.90685,-0.100762,0.0283722,-1.01994,1,0,0
L54133,L,300.8,311.3,1462,41.4,75,0.982608,1.88959,-0.780433,0.339141,-0.914166,0,0,0
M21814,M,300.8,311.2,1429,52.3,77,0.937289,1.72104,-1.47646,2.44807,-0.880221,0,0,0
L54135,L,300.7,311.2,1399,47.9,80,0.792364,1.69956,-1.96035,1.79123,-0.833203,0,0,0
M21816,M,300.8,311.2,1434,39.1,82,0.947812,1.69424,-1.39225,-0.234919,-0.707538,0,0,0
L54137,L,300.7,311.1,1324,52.2,85,0.771395,1.61801,-2.90274,2.44631,-0.674064,0,0,0
L54138,L,300.6,311,1563,40.7,87,0.555392,1.47166,0.952021,0.160832,-0.585121,0,0,0
L54139,L,300.6,311,1543,34.7,89,0.585488,1.50048,0.668627,-1.2939,-0.535644,0,0,0
L54140,L,300.7,311,1413,52,91,0.813947,1.55864,-1.7605,2.44168,-0.473836,0,0,0
M21821,M,300.7,311,1378,41.2,93,0.825563,1.45106,-2.30956,0.250305,-0.396118,0,0,0
M21822,M,300.7,311.1,1373,49.9,96,0.76279,1.60156,-2.40755,2.17457,-0.313451,0,0,0
H36377,H,300.7,311,1981,19.9,99,0.813627,1.47821,2.98492,-3.02165,-0.2599,0,0,0
M21824,M,300.7,311,1263,52.3,104,0.816789,1.511,-3.10238,2.45386,-0.134273,0,0,0
L54145,L,300.7,311,1312,52.1,107,0.763162,1.45551,-2.96463,2.46056,-0.00558783,0,0,0
L54146,L,300.7,311,1969,20.7,109,0.829282,1.48704,2.98133,-3.00503,0.0438263,0,0,0
M21827,M,300.8,311.2,1365,51.7,111,1.03138,1.71535,-2.46252,2.42647,0.0950252,0,0,0
L54148,L,300.9,311.2,1789,25.5,114,1.03949,1.68388,2.64437,-2.64262,0.161679,0,0,0
M21829,M,300.8,311.1,1583,32.1,116,1.03157,1.62657,1.2374,-1.78725,0.257371,0,0,0
L54150,L,300.7,311,1436,44.9,119,0.73797,1.44562,-1.33288,1.14286,0.351911,0,0,0
M21831,M,300.7,311,1559,42.8,121,0.738981,1.45084,0.923816,0.679721,0.392634,0,0,0
L54152,L,300.7,311,1377,49.9,124,0.744283,1.54727,-2.3331,2.14331,0.48538,0,0,0
L54153,L,300.7,311,1462,41.9,126,0.731419,1.4493,-0.785126,0.414583,0.56519,0,0,0
L54154,L,300.7,311,1318,48.2,128,0.697014,1.50706,-2.92956,1.83551,0.59076,0,0,0
M21835,M,300.7,311,1378,51.6,130,0.748258,1.45984,-2.28577,2.40767,0.643135,0,0,0
L54156,L,300.6,310.9,1344,46.7,133,0.570377,1.35105,-2.72671,1.54605,0.717542,0,0,0
L54157,L,300.7,311.1,2377,14.3,135,0.724527,1.64822,3.13537,-3.0669,0.80936,0,0,0
L54158,L,300.7,311.1,1427,50.3,137,0.727753,1.65731,-1.48411,2.20391,0.819117,0,0,0
L54159,L,300.9,311.2,1353,60.4,139,1.00704,1.68953,-2.61877,2.97616,0.903506,0,0,0
L54160,L,300.8,311.3,1505,45.5,141,0.97961,1.87342,0.0543963,1.30441,0.960375,0,0,0
H36395,H,300.8,311.2,1612,32.5,143,0.96383,1.70601,1.57331,-1.68322,1.02918,0,0,0
L54162,L,300.7,311.1,1440,43,148,0.740739,1.61806,-1.24413,0.704419,1.18739,0,0,0
M21843,M,300.7,311,1334,53.9,150,0.688389,1.43775,-2.78965,2.63238,1.18051,0,0,0
M21844,M,300.7,311,1706,25,153,0.906815,1.47099,2.32118,-2.72948,1.29191,0,0,0
H36399,H,300.8,311.1,1698,24.8,156,0.945143,1.62994,2.30123,-2.73882,1.38796,0,0,0
L54166,L,300.7,311.1,1688,30.7,161,0.813031,1.65923,2.21482,-2.01423,1.49833,0,0,0
L54167,L,300.7,311.1,2437,13.8,163,0.845189,1.63928,3.11599,-3.12641,1.6192,0,0,0
L54168,L,300.7,311.1,1478,46.8,165,0.857705,1.63843,-0.499802,1.57853,1.68078,0,0,0
M21849,M,300.7,311.1,1608,35.3,167,0.869942,1.63348,1.54177,-1.16149,1.70094,1,0,0
L54170,L,300.7,311.1,2478,13.4,170,0.843072,1.63441,3.14159,-3.12053,1.78965,0,1,1
L54171,L,300.8,311.1,1509,33.4,172,0.951172,1.66595,0.104541,-1.54088,1.83705,0,0,0
L54172,L,300.7,311,1596,36.9,174,0.769754,1.44673,1.40759,-0.814036,1.87544,0,0,0
M21853,M,300.7,311,1740,25.6,176,0.688686,1.41359,2.53015,-2.66829,2.0154,0,0,0
L54174,L,300.6,310.8,1375,53.2,179,0.588177,1.08306,-2.33481,2.59102,2.07754,0,0,0
M21855,M,300.6,310.7,1705,31.2,181,0.598201,0.954016,2.33293,-1.93219,2.09384,0,0,0
M21856,M,300.5,310.6,1621,32,184,0.520566,0.786308,1.64775,-1.77137,2.21727,0,0,0
M21857,M,300.6,310.7,1566,38.2,187,0.578463,0.951402,1.02632,-0.464322,2.28801,0,0,0
M21858,M,300.6,310.7,1388,42.9,190,0.586889,0.957718,-2.18224,0.674496,2.34304,0,0,0
M21859,M,300.6,310.7,1457,36.7,193,0.565836,0.957228,-0.868641,-0.827146,2.44279,0,0,0
M21860,M,300.6,310.6,1463,45.5,196,0.607221,0.735833,-0.771547,1.2877,2.511,0,0,0
L54181,L,300.5,310.5,1564,38.2,199,0.566272,0.680319,0.999647,-0.467056,2.61483,0,0,0
H36416,H,300.5,310.6,1411,47.2,201,0.555516,0.756282,-1.76506,1.68321,2.63042,0,0,0
L54183,L,300.5,310.6,1540,46.7,206,0.558797,0.89356,0.590157,1.59738,2.83111,0,0,0
L54184,L,300.5,310.6,1950,20.3,208,0.578871,0.87892,2.94023,-2.9964,2.85286,0,0,0
M21865,M,300.6,310.7,1339,52.9,0,0.569462,0.9388,-2.76553,2.51883,-3.1188,0,0,0
H36420,H,300.6,310.6,1419,39.6,3,0.607829,0.733611,-1.66527,-0.114622,-2.9647,0,0,0
L54187,L,300.5,310.6,1499,45.2,8,0.489276,0.808893,-0.0354411,1.22332,-2.89253,0,0,0
L54188,L,300.5,310.6,1368,49.6,10,0.472862,0.72853,-2.44975,2.09678,-2.83774,0,0,0
L54189,L,300.5,310.5,1536,36.2,12,0.531687,0.646568,0.564874,-0.916684,-2.74909,0,0,0
M21870,M,300.5,310.5,1469,42.9,14,0.477816,0.669616,-0.644056,0.700205,-2.66338,0,0,0
L54191,L,300.5,310.5,2633,12.2,17,0.451111,0.66767,3.12779,-3.13539,-2.58604,0,1,1
L54192,L,300.4,310.4,1298,61.4,19,0.337523,0.435599,-2.98887,3.02161,-2.54378,0,0,0
M21873,M,300.4,310.4,1544,36.3,21,0.327887,0.400526,0.68123,-0.939515,-2.47931,0,0,0
H36428,H,300.5,310.5,1403,47.7,24,0.472292,0.657009,-1.90547,1.76734,-2.36798,0,0,0
L54195,L,300.5,310.5,1452,42.9,29,0.458054,0.655835,-0.990258,0.692773,-2.24356,0,0,0
L54196,L,300.6,310.5,1509,43.1,31,0.631642,0.701014,0.140599,0.743343,-2.17455,0,0,0
M21877,M,300.7,310.6,1474,37,33,0.857224,0.846374,-0.568223,-0.718833,-2.14596,0,0,0
M21878,M,300.7,310.7,1377,46.7,36,0.851182,0.927926,-2.33433,1.54957,-2.06312,0,0,0
L54199,L,300.8,310.8,1741,27.1,39,1.00519,1.10636,2.48322,-2.54084,-1.95719,0,0,0
L54200,L,300.8,310.8,1460,53.8,41,0.960187,1.0997,-0.83172,2.60235,-1.87102,0,0,0
H36435,H,300.7,310.6,1631,32.6,43,0.882645,0.866161,1.75995,-1.69218,-1.84486,0,0,0
L54202,L,300.7,310.5,1561,33.2,48,0.729183,0.648737,0.954355,-1.58172,-1.71192,0,0,0
M21883,M,300.7,310.6,1572,38.5,50,0.751537,0.823993,1.08094,-0.412686,-1.68167,0,0,0
L54204,L,300.6,310.6,2127,18.7,53,0.608638,0.861461,3.07628,-3.01449,-1.54932,0,0,0
H36439,H,300.6,310.6,1448,44.7,55,0.619154,0.841468,-1.03986,1.12693,-1.53444,0,0,0
L54206,L,300.6,310.7,1543,39.6,60,0.610384,1.0987,0.681122,-0.110702,-1.35061,0,0,0
L54207,L,300.6,310.6,1508,34.8,62,0.631503,0.87662,0.114278,-1.2263,-1.35679,0,0,0
M21888,M,300.6,310.6,1403,50.4,64,0.644684,0.858617,-1.90432,2.23509,-1.29234,0,0,0
L54209,L,300.6,310.6,1454,39.7,67,0.629292,0.882119,-0.916442,-0.123763,-1.19863,0,0,0
L54210,L,300.7,310.8,1772,27.3,69,0.748586,1.11801,2.62033,-2.51732,-1.09588,0,0,0
L54211,L,300.7,310.8,1479,49.1,71,0.719293,1.11417,-0.482829,2.02322,-1.03632,0,0,0
L54212,L,300.7,310.9,1723,31,73,0.703706,1.39204,2.41908,-2.00371,-0.973808,0,0,0
M21893,M,300.7,310.8,1469,46.4,75,0.74049,1.1189,-0.690861,1.49357,-0.916328,1,0,1
H36448,H,300.6,310.6,1830,26.2,78,0.607125,0.838739,2.77501,-2.60475,-0.829955,0,0,0
L54215,L,300.6,310.6,1497,38.2,83,0.651022,0.912601,-0.119902,-0.497677,-0.741193,0,0,0
L54216,L,300.7,310.6,1540,52.7,85,0.801384,0.883369,0.621263,2.50157,-0.666819,0,0,0
L54217,L,300.6,310.6,1514,39.5,87,0.641259,0.914628,0.196135,-0.113761,-0.617994,0,0,0
L54218,L,300.7,310.6,1654,34.2,89,0.812063,0.889684,1.95748,-1.36844,-0.538978,0,0,0
H36453,H,300.6,310.5,1519,37,91,0.605683,0.664713,0.293492,-0.758048,-0.510202,0,0,0
L54220,L,300.7,310.6,1720,30.3,96,0.819148,0.878364,2.38695,-2.12787,-0.36875,0,0,0
L54221,L,300.6,310.5,1470,37.7,98,0.639707,0.68588,-0.632861,-0.563864,-0.282511,0,0,0
L54222,L,300.6,310.5,1642,29.9,100,0.640453,0.695139,1.89207,-2.15834,-0.230687,0,0,0
M21903,M,300.7,310.6,2006,19.1,102,0.785542,0.839355,3.0457,-3.01839,-0.169453,0,0,0
M21904,M,300.7,310.6,1505,35.6,105,0.772046,0.85828,0.0128521,-1.09204,-0.0530977,0,0,0
M21905,M,300.7,310.6,1609,27.6,108,0.778466,0.8748,1.55318,-2.48017,0.0253249,0,0,0
M21906,M,300.7,310.5,1863,22.2,111,0.764159,0.698793,2.80325,-2.87785,0.0780033,0,0,0
L54227,L,300.6,310.4,1401,42.6,114,0.654818,0.411977,-1.96533,0.596262,0.159403,0,0,0
L54228,L,300.6,310.4,2007,19.8,116,0.61726,0.391989,3.02292,-3.00984,0.2083,0,0,0
L54229,L,300.6,310.4,1494,47.3,118,0.618068,0.432333,-0.161407,1.65726,0.295485,0,0,0
L54230,L,300.6,310.4,1457,47.7,120,0.56558,0.396323,-0.91662,1.72665,0.369562,0,0,0
L54231,L,300.6,310.4,1556,37.7,122,0.72972,0.452834,0.855182,-0.584343,0.396704,0,0,0
H36466,H,300.6,310.4,1510,42.8,124,0.683457,0.427628,0.10532,0.679655,0.462345,0,0,0
H36467,H,300.7,310.5,1567,38.7,129,0.763196,0.676796,1.013,-0.371774,0.598095,0,0,0
H36468,H,300.7,310.5,1476,43.1,134,0.783922,0.69635,-0.520778,0.769212,0.7427,0,0,0
L54235,L,300.8,310.6,1663,30.6,139,0.916336,0.694501,2.06384,-2.0267,0.928052,0,0,0
M21916,M,300.8,310.5,1409,50.6,141,0.896099,0.695509,-1.86381,2.27215,0.944537,0,0,0
L54237,L,300.8,310.6,1666,36.2,144,0.918376,0.732123,2.05462,-0.913898,1.05044,0,0,0
L54238,L,300.7,310.6,1520,45.9,146,0.74781,0.75395,0.25157,1.42982,1.07034,0,0,0
L54239,L,300.6,310.5,1644,33.8,148,0.638337,0.679859,1.93359,-1.42902,1.14266,0,0,0
H36474,H,300.6,310.4,1479,35.6,150,0.649295,0.41771,-0.433831,-1.10152,1.21157,0,0,0
L54241,L,300.6,310.4,1446,49.7,155,0.617401,0.449268,-1.10703,2.11004,1.32177,0,0,0
M21922,M,300.6,310.4,1407,51.1,157,0.642031,0.418824,-1.85321,2.3161,1.42284,0,0,0
L54243,L,300.7,310.4,1234,51.7,160,0.784236,0.393961,-3.14159,2.40194,1.47776,0,0,0
M21924,M,300.8,310.5,1696,29.7,162,0.935376,0.678325,2.29705,-2.17824,1.58116,0,0,0
L54245,L,300.8,310.6,1384,52.9,165,0.908382,0.719087,-2.21104,2.56823,1.64794,0,0,0
M21926,M,300.8,310.7,1572,36.2,167,0.918346,1.02381,1.09324,-0.933734,1.71247,0,0,0
M21927,M,300.8,310.7,1386,42.1,170,0.943551,1.03466,-2.21431,0.513893,1.80864,0,0,0
L54248,L,300.8,310.7,1461,42.8,173,0.932319,1.01469,-0.835048,0.688283,1.88286,0,0,0
L54249,L,300.8,310.7,1525,39.4,175,0.909778,1.04017,0.369813,-0.177583,1.91083,0,0,0
L54250,L,300.7,310.7,1333,61,177,0.797896,1.03268,-2.84234,3.04875,1.97621,0,0,0
H36485,H,300.7,310.6,1505,40.6,179,0.804589,0.800136,0.0574903,0.172893,2.03564,0,0,0
M21932,M,300.7,310.6,1439,41.7,184,0.802725,0.782256,-1.24121,0.354198,2.19537,0,0,0
L54253,L,300.7,310.6,1491,43.2,187,0.765488,0.758911,-0.211568,0.77251,2.28153,0,0,0
M21934,M,300.7,310.6,1488,39.2,189,0.754631,0.768122,-0.233346,-0.196504,2.30132,0,0,0
L54255,L,300.7,310.5,1536,47.4,192,0.797209,0.680665,0.544758,1.67818,2.42009,0,0,0
L54256,L,300.7,310.5,1960,21,194,0.741944,0.697356,2.97252,-2.94827,2.49402,1,0,1
M21937,M,300.7,310.5,1594,31,196,0.809669,0.647895,1.36903,-1.94951,2.53443,0,0,0
L54258,L,300.7,310.5,1357,52.6,199,0.777307,0.674103,-2.57011,2.51926,2.64896,0,0,0
L54259,L,300.7,310.5,1445,41.1,201,0.751381,0.676046,-1.14717,0.242066,2.66623,0,0,0
L54260,L,300.7,310.4,1543,47.3,203,0.762806,0.43322,0.64496,1.65242,2.71018,0,0,0
L54261,L,300.7,310.4,1366,52.6,205,0.790836,0.425666,-2.46154,2.48003,2.79149,0,0,0
L54262,L,300.7,310.3,1458,40,207,0.797225,0.283195,-0.823979,0.0150529,2.82078,0,0,0
L54263,L,300.7,310.4,1416,61.8,209,0.764567,0.411656,-1.72318,3.04949,2.87873,0,1,1
L54264,L,300.6,310.3,1794,24.4,211,0.646899,0.288846,2.65682,-2.75104,2.93538,0,0,0
L54265,L,300.6,310.3,1484,41,213,0.567538,0.267091,-0.391144,0.21672,2.97647,0,0,0
L54266,L,300.6,310.4,2514,13.4,215,0.591253,0.37707,3.13427,-3.13191,2.9905,0,0,0
L54267,L,300.6,310.3,1648,30.5,217,0.618428,0.335221,1.9049,-2.08138,3.00281,0,1,1
M21948,M,300.6,310.3,1614,32.7,0,0.622169,0.37009,1.63773,-1.65531,-3.14159,0,0,0
L54269,L,300.6,310.2,1622,34.1,3,0.595275,0.221253,1.64894,-1.39293,-3.01084,0,0,0
M21950,M,300.6,310.2,1478,40.1,5,0.615663,0.215639,-0.47174,-0.00123489,-2.96992,0,0,0
L54271,L,300.6,310.2,1318,51,8,0.577429,0.248161,-2.92777,2.26814,-2.87554,0,0,0
L54272,L,300.7,310.2,1493,35.9,10,0.777614,0.293188,-0.207367,-0.978652,-2.84524,0,0,0
H36507,H,300.7,310.3,1369,50.7,12,0.785212,0.377729,-2.44236,2.24251,-2.78233,0,0,0
L54274,L,300.6,310.2,1447,45.9,17,0.63541,0.26496,-1.08416,1.39093,-2.61475,0,0,0
L54275,L,300.6,310.1,1485,49.9,19,0.616563,-0.00203606,-0.326691,2.16966,-2.52627,0,0,0
L54276,L,300.6,310.2,1489,47.8,21,0.596092,0.210446,-0.26855,1.81023,-2.47912,0,0,0
M21957,M,300.6,310.2,1233,52.3,23,0.613271,0.259064,-3.11518,2.45455,-2.38681,0,0,0
L54278,L,300.7,310.2,1642,32.6,26,0.790179,0.21833,1.86337,-1.65933,-2.31096,0,0,0
M21959,M,300.7,310.2,1373,44.1,28,0.795075,0.223303,-2.39595,1.00807,-2.30557,0,0,0
L54280,L,300.7,310.2,1569,32.8,31,0.775239,0.239084,1.08403,-1.66696,-2.23331,0,0,0
L54281,L,300.8,310.2,1850,22.8,33,0.920473,0.28565,2.83504,-2.82792,-2.14565,0,0,0
M21962,M,300.8,310.3,1494,42.2,35,0.920547,0.362247,-0.174219,0.495572,-2.07248,0,0,0
H36517,H,300.8,310.3,1777,30.1,38,0.917781,0.376343,2.62875,-2.13658,-2.01601,0,0,0
L54284,L,300.9,310.4,1454,43.1,43,1.02927,0.39479,-0.927578,0.741796,-1.85321,0,0,0
L54285,L,300.9,310.4,1536,34.2,45,1.00126,0.383411,0.556936,-1.37006,-1.79903,0,0,0
L54286,L,300.8,310.5,1482,39,47,0.908567,0.650966,-0.405388,-0.237172,-1.76047,0,0,0
H36521,H,300.9,310.5,1512,41.2,49,1.05629,0.669858,0.161292,0.28695,-1.66852,0,0,0
M21968,M,300.8,310.5,1511,35.8,54,0.924977,0.630672,0.154031,-1.07292,-1.545,0,0,0
L54289,L,300.9,310.5,1599,40.5,57,1.05834,0.618227,1.41714,0.139714,-1.43892,0,0,0
M21970,M,300.8,310.4,1518,36,59,0.940528,0.374689,0.260166,-0.979968,-1.44455,0,0,0
M21971,M,300.8,310.4,1450,39.4,62,0.900354,0.421964,-1.00027,-0.160871,-1.27537,0,0,0
L54292,L,300.9,310.4,1427,47,65,1.09858,0.444513,-1.5477,1.62799,-1.20999,0,0,0
L54293,L,300.9,310.4,1561,32.7,67,1.08795,0.384304,0.91793,-1.64785,-1.1278,0,0,0
H36528,H,300.9,310.4,1457,43.8,69,1.04342,0.376507,-0.872593,0.91462,-1.11845,0,0,0
M21975,M,301,310.6,1460,53.6,74,1.09101,0.800342,-0.788713,2.58135,-0.947428,0,0,0
L54296,L,301,310.5,1601,33.2,77,1.12862,0.628704,1.4632,-1.57208,-0.857221,0,0,0
L54297,L,300.9,310.5,1570,40.1,79,1.08968,0.601411,1.12992,0.00068043,-0.824954,0,0,0
L54298,L,300.9,310.5,1565,35.9,81,1.11133,0.643192,0.991297,-1.05162,-0.760892,0,0,0
L54299,L,301,310.5,1378,44.4,83,1.14879,0.625278,-2.34289,1.07421,-0.678142,0,0,0
L54300,L,300.9,310.5,2288,16.1,85,1.10819,0.649874,3.06461,-3.10151,-0.684997,0,0,0
M21981,M,300.9,310.4,1375,44.7,87,1.10893,0.410905,-2.40665,1.12792,-0.583916,0,0,0
L54302,L,300.9,310.4,1788,27.8,90,1.07246,0.394945,2.68078,-2.47647,-0.501069,0,0,0
M21983,M,300.9,310.4,1576,40.4,92,1.11029,0.406068,1.14755,0.0814021,-0.44205,0,0,0
M21984,M,300.8,310.3,1868,24.5,95,0.91005,0.411001,2.79712,-2.74306,-0.366355,0,0,0
L54305,L,300.7,310.1,1261,56.6,98,0.838192,-0.0424659,-3.06775,2.83273,-0.286268,0,0,0
M21986,M,300.6,310,1542,33.9,100,0.594977,-0.097979,0.645251,-1.43302,-0.216634,0,0,0
L54307,L,300.6,310,1438,53.8,103,0.626294,-0.0845146,-1.31763,2.66533,-0.13753,0,0,0
L54308,L,300.6,310,1511,36.9,105,0.616479,-0.0702543,0.157472,-0.786463,-0.0609378,0,0,0
L54309,L,300.6,310,1635,31,107,0.58861,-0.0278422,1.83149,-1.99894,-0.0181871,0,0,0
L54310,L,300.6,309.9,1428,48.8,109,0.59407,-0.164623,-1.48502,1.98399,0.00845062,0,0,0
M21991,M,300.5,309.8,1410,44.4,111,0.541356,-0.328618,-1.84293,1.00753,0.076642,0,0,0
L54312,L,300.5,309.9,1423,47.9,114,0.5355,-0.139398,-1.54949,1.81073,0.14221,0,0,0
M21993,M,300.5,309.9,1552,41.3,116,0.531962,-0.159202,0.804938,0.25948,0.260677,0,0,0
M21994,M,300.5,310,1406,50.2,119,0.530002,-0.0748967,-1.90188,2.22751,0.326536,0,0,0
L54315,L,300.5,309.9,1443,48.3,122,0.54555,-0.157699,-1.19851,1.91109,0.397072,0,0,0
M21996,M,300.5,309.9,1343,63.7,124,0.550897,-0.109542,-2.7691,3.06148,0.486014,0,0,0
M21997,M,300.6,310,1486,41.2,127,0.567345,-0.0753266,-0.327142,0.278062,0.537622,0,0,0
L54318,L,300.6,310.1,1297,50,130,0.604196,0.0297609,-3.03882,2.13794,0.647519,0,0,0
L54319,L,300.6,310.1,1495,42.3,132,0.617728,-0.0149166,-0.18065,0.563324,0.691409,0,0,0
L54320,L,300.5,309.9,1382,46.5,134,0.495786,-0.148783,-2.25614,1.52781,0.794494,0,0,0
M22001,M,300.4,309.8,1356,44.4,136,0.343622,-0.370897,-2.61093,1.03948,0.851747,0,0,0
H36556,H,300.3,309.7,1452,41.5,139,0.287452,-0.449908,-0.98555,0.331219,0.906085,0,0,0
H36557,H,300.3,309.7,1582,30.8,144,0.290016,-0.396106,1.20448,-2.00263,1.0552,0,0,0
M22004,M,300.4,309.8,1517,40.3,149,0.322161,-0.312073,0.242233,0.0653247,1.18445,0,0,0
L54325,L,300.5,310,1413,44.5,152,0.523013,-0.0857756,-1.76102,1.06641,1.21699,0,0,0
L54326,L,300.4,309.9,1496,31.8,154,0.30477,-0.142235,-0.121642,-1.83324,1.31909,0,0,0
L54327,L,300.3,309.8,1466,41.2,156,0.283027,-0.268347,-0.739485,0.293686,1.35376,0,0,0
M22008,M,300.3,309.8,1617,40.8,158,0.252402,-0.224406,1.6254,0.194655,1.45991,0,0,0
L54329,L,300.2,309.8,1506,41.8,161,0.103865,-0.264625,0.0782963,0.422558,1.50717,0,0,0
L54330,L,300.2,309.8,1401,49.3,163,0.106033,-0.266657,-1.94244,2.07946,1.62595,0,0,0
H36565,H,300.2,309.9,1906,22.9,165,0.0710911,-0.132204,2.92612,-2.86669,1.62223,0,0,0
L54332,L,300.2,309.9,1566,36.4,170,0.0802691,-0.163454,1.006,-0.860292,1.77245,0,0,0
L54333,L,300.2,310,1493,47.3,172,0.0924749,-0.0699005,-0.137692,1.66197,1.80689,0,0,0
L54334,L,300.3,310.1,1483,39.9,174,0.263748,0.0381529,-0.375488,-0.0209489,1.86753,0,0,0
M22015,M,300.2,309.9,1569,31.2,176,0.124919,-0.157658,1.00648,-1.92371,1.96289,0,0,0
M22016,M,300.2,310,1664,30.7,179,0.0636655,-0.000959621,2.03549,-2.06476,2.04972,0,0,0
L54337,L,300.2,310,1486,40.1,182,0.116367,-0.0337387,-0.322771,0.00106708,2.1249,0,0,0
L54338,L,300.2,310,1389,53.6,184,0.120847,-0.0435602,-2.15336,2.64294,2.16532,0,0,0
L54339,L,300.1,310,1511,41.7,186,0.0785832,-0.0290775,0.171869,0.394916,2.25169,0,0,0
M22020,M,300.2,310.1,1485,40.5,188,0.0951188,0.0752209,-0.347057,0.0965331,2.28066,0,0,0
L54341,L,300.2,310.2,1440,42.9,191,0.0571867,0.175851,-1.23723,0.66333,2.43779,0,0,0
L54342,L,300.2,310.2,1378,43.9,193,0.0777226,0.219616,-2.33528,0.932773,2.42436,0,0,0
M22023,M,300.1,310.1,1501,39.3,195,0.0624593,0.0698487,0.00353691,-0.232047,2.51887,0,0,0
M22024,M,300.2,310.1,1474,44,198,0.117724,0.0152221,-0.522755,0.959837,2.6129,0,0,0
L54345,L,300.2,310.1,1392,47.9,201,0.0615373,0.0355658,-2.14334,1.79332,2.68073,0,0,0
M22026,M,300.3,310.2,1429,44.7,203,0.242866,0.223982,-1.45141,1.13621,2.74722,0,0,0
L54347,L,300.3,310.3,1362,60.3,206,0.238156,0.373959,-2.54527,2.99014,2.83612,0,1,1
L54348,L,300.3,310.3,1704,29.5,0,0.313908,0.372841,2.33056,-2.24057,-3.14159,0,0,0
L54349,L,300.3,310.2,1492,52.3,2,0.331938,0.213551,-0.190284,2.50001,-3.03079,0,0,0
M22030,M,300.3,310.2,1442,39.5,4,0.298949,0.202484,-1.16948,-0.109662,-2.99578,0,0,0
M22031,M,300.2,310.2,1438,51.5,7,0.0784901,0.193262,-1.25764,2.3884,-2.93468,0,0,0
M22032,M,300.1,310.1,1402,46.6,10,0.0356513,0.00791164,-1.93042,1.52957,-2.78071,0,0,0
L54353,L,300.1,310.1,1684,30.8,13,0.0707614,0.00587572,2.18276,-2.00758,-2.723,0,0,0
L54354,L,300.2,310.2,1530,48.5,15,0.151067,0.176257,0.449316,1.94958,-2.70142,0,0,0
L54355,L,300.1,310.1,1569,43.5,17,0.00408054,0.0174079,1.08523,0.809745,-2.62192,0,0,0
L54356,L,300.1,310.1,1650,31.6,19,0.0652331,0.0838655,1.92539,-1.86828,-2.52057,0,0,0
L54357,L,300.2,310.2,1415,49.6,21,0.129398,0.24088,-1.71959,2.1126,-2.51418,0,0,0
L54358,L,300.2,310.2,1600,31.5,23,0.120796,0.14961,1.3927,-1.85833,-2.40563,0,0,0
L54359,L,300.2,310.1,1523,42.3,25,0.111521,0.104036,0.342649,0.513931,-2.38308,0,0,0
M22040,M,300.2,310.2,1628,30.3,27,0.122424,0.233309,1.7233,-2.06258,-2.2945,0,0,0
L54361,L,300.2,310.3,1331,52.1,30,0.149902,0.316315,-2.86426,2.46689,-2.25408,0,0,0
L54362,L,300.3,310.3,2158,16.8,32,0.248325,0.329572,3.06703,-3.09112,-2.17151,0,0,0
L54363,L,300.2,310.3,1445,50.9,34,0.149317,0.294965,-1.19421,2.27297,-2.07719,0,0,0
M22044,M,300.2,310.3,1593,36.1,36,0.146425,0.294388,1.35506,-0.954033,-2.01094,0,0,0
L54365,L,300.3,310.4,1672,29.2,39,0.164053,0.426619,2.10269,-2.24811,-1.97003,0,0,0
M22046,M,300.4,310.5,1644,31.4,41,0.346265,0.685851,1.87601,-1.91606,-1.91041,0,0,0
L54367,L,300.4,310.5,1402,54.3,44,0.326892,0.669104,-1.9114,2.68998,-1.80523,0,0,0
L54368,L,300.4,310.4,1286,56.8,46,0.344727,0.43574,-3.09545,2.86197,-1.75986,0,0,0
L54369,L,300.4,310.4,1486,46.3,48,0.353403,0.405231,-0.307057,1.45605,-1.70155,0,0,0
L54370,L,300.3,310.3,1345,46.3,50,0.215059,0.312232,-2.7141,1.46849,-1.67686,0,0,0
L54371,L,300.3,310.3,1629,34.1,52,0.194979,0.341508,1.75827,-1.4449,-1.57384,0,0,0
M22052,M,300.2,310.2,1429,43.8,54,0.149386,0.137839,-1.47519,0.91132,-1.52236,0,0,0
L54373,L,300.1,310.1,1306,64.7,57,0.0506893,0.0406706,-2.98837,3.10597,-1.44314,0,0,0
L54374,L,300.1,310.1,1380,52.6,59,0.026152,0.0417515,-2.28277,2.53545,-1.40028,0,0,0
M22055,M,300.1,310.1,1443,49.3,61,0.0327172,0.0438218,-1.19698,2.05558,-1.32623,0,0,0
H36610,H,300.1,310.1,1426,42.7,64,0.00109192,0.0421084,-1.50253,0.641233,-1.26937,0,0,0
L54377,L,300,310,1486,41.8,69,-0.10991,-0.0448199,-0.324007,0.428952,-1.10952,0,0,0
M22058,M,300,309.9,1530,34.5,71,-0.083676,-0.148917,0.467758,-1.31127,-1.06194,0,0,0
L54379,L,300,309.9,1507,41.4,74,-0.0786932,-0.133345,0.0611108,0.306194,-0.963555,0,0,0
L54380,L,300,309.9,1608,33.4,76,-0.0938942,-0.10887,1.53163,-1.53225,-0.924309,0,0,0
L54381,L,300,309.8,1474,40.6,78,-0.100655,-0.320056,-0.573267,0.111312,-0.844334,0,0,0
L54382,L,300,309.7,1326,61.9,80,-0.0849179,-0.390706,-2.87531,3.04419,-0.791032,0,0,0
M22063,M,299.8,309.6,1434,48,82,-0.18314,-0.61692,-1.3048,1.85984,-0.735396,0,0,0
L54384,L,299.8,309.6,1526,41.7,85,-0.204812,-0.596744,0.406846,0.399329,-0.636167,0,0,0
L54385,L,299.8,309.7,1483,39.6,87,-0.199579,-0.388571,-0.372202,-0.13571,-0.590707,0,0,0
L54386,L,299.8,309.7,1457,51.9,89,-0.187618,-0.388789,-0.899949,2.46108,-0.531067,0,0,0
M22067,M,299.7,309.6,1540,34.4,91,-0.314807,-0.618772,0.625332,-1.35533,-0.493408,0,0,0
L54388,L,299.8,309.7,1707,29.1,94,-0.222584,-0.365189,2.3644,-2.2476,-0.384929,0,0,0
L54389,L,299.8,309.7,1624,34.2,96,-0.168959,-0.369742,1.72037,-1.33977,-0.335004,0,0,0
M22070,M,299.8,309.6,1331,50.2,98,-0.192974,-0.624931,-2.84791,2.19473,-0.245269,0,0,0
L54391,L,299.8,309.7,1431,40.3,101,-0.168066,-0.384446,-1.41109,0.106565,-0.195281,0,0,0
M22072,M,299.8,309.7,1705,28.5,103,-0.197236,-0.335135,2.32196,-2.3327,-0.150533,0,0,0
M22073,M,299.8,309.8,1427,45.2,106,-0.240162,-0.348731,-1.53076,1.1953,-0.0149082,0,0,0
M22074,M,299.9,309.8,1625,41.2,109,-0.11505,-0.363528,1.7292,0.285797,0.0358183,0,0,0
L54395,L,299.9,309.8,1477,47.7,112,-0.154307,-0.382695,-0.467511,1.76879,0.148975,0,0,0
M22076,M,300,309.9,1651,28.1,114,-0.11271,-0.15229,1.90808,-2.39081,0.198863,0,0,0
L54397,L,299.9,309.8,1716,28.2,117,-0.116657,-0.400805,2.35918,-2.40704,0.273592,0,0,0
H36632,H,299.9,309.8,1400,48.7,119,-0.113988,-0.340381,-2.00411,1.93744,0.367776,0,0,0
M22079,M,299.8,309.7,1556,37.7,124,-0.189624,-0.405546,0.878833,-0.563107,0.473963,0,0,0
L54400,L,299.8,309.7,1429,42.6,127,-0.210299,-0.371777,-1.43117,0.617419,0.58411,0,0,0
H36635,H,299.7,309.6,1433,49.6,129,-0.286592,-0.623559,-1.37325,2.1064,0.643382,0,0,0
M22082,M,299.8,309.7,1320,61.7,134,-0.231326,-0.397593,-2.89737,3.06311,0.748394,0,0,0
L54403,L,299.8,309.6,1374,51.6,137,-0.219744,-0.595674,-2.41845,2.40325,0.85628,0,0,0
L54404,L,299.8,309.6,1598,31,139,-0.225307,-0.635265,1.42801,-1.97907,0.873308,0,0,0
M22085,M,299.8,309.7,1910,21.8,141,-0.211064,-0.342814,2.8988,-2.90612,0.98048,0,0,0
L54406,L,299.7,309.6,1399,51.3,144,-0.322987,-0.640716,-1.99446,2.35867,1.07975,0,0,0
L54407,L,299.7,309.6,1720,27.1,146,-0.300663,-0.618347,2.4395,-2.53992,1.09403,0,0,0
H36642,H,299.8,309.7,1368,47.4,148,-0.210392,-0.396376,-2.49405,1.70489,1.14182,0,0,0
L54409,L,299.8,309.8,1749,33.4,153,-0.253385,-0.353899,2.51538,-1.54163,1.2932,0,0,0
L54410,L,299.8,309.8,1542,39.4,155,-0.228345,-0.336795,0.653109,-0.189717,1.38012,0,0,0
L54411,L,299.8,309.9,1553,36.6,157,-0.209649,-0.172571,0.820154,-0.854437,1.43068,0,0,0
M22092,M,299.9,309.9,1639,42.1,159,-0.172003,-0.206537,1.83845,0.494677,1.44435,0,0,0
L54413,L,299.9,310,1447,45.9,162,-0.160573,-0.159384,-1.08069,1.39187,1.51827,0,0,0
M22094,M,299.8,310,1397,48.1,164,-0.224685,-0.122017,-1.98222,1.89385,1.59875,0,0,0
L54415,L,299.8,310,1361,53.8,167,-0.295799,-0.123124,-2.53027,2.63493,1.73333,0,0,0
M22096,M,299.8,310,1460,37.1,169,-0.261045,-0.137804,-0.815057,-0.72233,1.77928,0,0,0
M22097,M,299.8,310,1632,33.7,172,-0.268208,-0.1237,1.78884,-1.4728,1.83702,0,0,0
L54418,L,299.8,310,1697,36,175,-0.240611,-0.115246,2.29571,-0.998978,1.90915,0,0,0
L54419,L,299.8,310.1,1553,42,177,-0.278867,-0.00668926,0.829898,0.453547,1.97954,0,0,0
M22100,M,299.9,310.1,1362,56.3,179,-0.184015,0.00876076,-2.5445,2.86117,2.06689,0,0,0
M22101,M,299.9,310,1484,42.1,182,-0.163448,-0.138818,-0.330402,0.497744,2.14936,0,0,0
H36656,H,299.9,310.1,1447,51.4,185,-0.159333,0.00543487,-1.10764,2.37092,2.22757,0,0,0
M22103,M,300,310.2,1393,51.2,190,-0.0335707,0.201288,-2.07183,2.3205,2.34887,0,0,0
L54424,L,300,310.2,1760,26.9,193,-0.017222,0.234899,2.5633,-2.60611,2.46661,0,0,0
L54425,L,300,310.1,1477,34.6,195,-0.0403031,0.0102722,-0.521534,-1.31996,2.50996,0,0,0
L54426,L,299.9,310.1,1681,29.1,197,-0.204063,0.0256219,2.18038,-2.29621,2.53687,0,0,0
M22107,M,300,310.1,1314,53.5,199,-0.040207,0.010392,-2.95626,2.60886,2.59781,0,0,0
L54428,L,300,310.1,1762,28,202,-0.0635112,0.0252528,2.587,-2.45299,2.70261,0,0,0
L54429,L,299.9,310,1402,44.7,204,-0.172549,-0.0968047,-1.91945,1.16191,2.75283,0,0,0
M22110,M,300.1,310.2,1429,42,206,0.0744474,0.224815,-1.49153,0.505948,2.79444,0,0,0
M22111,M,300.2,310.3,1448,40.1,209,0.212716,0.351098,-1.06748,0.030029,2.85443,0,0,0
H36666,H,300.2,310.4,1501,42.9,212,0.188161,0.418643,-0.0513933,0.675299,2.92213,0,0,0
L54433,L,300.3,310.5,1522,39.1,217,0.245685,0.557365,0.312113,-0.23531,2.99046,0,0,0
L54434,L,300.3,310.4,1493,37.5,219,0.217694,0.372805,-0.185513,-0.634372,3.02447,0,0,0
M22115,M,300.2,310.3,1704,29.4,221,0.163259,0.330095,2.31404,-2.21766,3.08768,0,0,0
H36670,H,300.2,310.3,1408,42.5,0,0.138336,0.284478,-1.79543,0.606531,-3.14159,0,0,0
L54437,L,300.2,310.4,1518,41.8,5,0.183254,0.397733,0.265519,0.458118,-2.96872,0,0,0
L54438,L,300.3,310.4,1742,25.9,7,0.217445,0.3833,2.52675,-2.62676,-2.88324,0,0,0
M22119,M,300.4,310.5,1500,43,9,0.347515,0.564213,-0.0635322,0.704869,-2.84959,0,0,0
L54440,L,300.4,310.5,2424,14.5,12,0.317805,0.601926,3.1004,-3.13531,-2.76725,0,0,0
L54441,L,300.4,310.5,1818,25.1,14,0.324678,0.63383,2.71472,-2.73804,-2.69174,0,0,0
M22122,M,300.4,310.6,1545,35.6,16,0.363175,0.752834,0.676906,-1.09976,-2.63745,0,0,0
L54443,L,300.4,310.6,1429,46.9,19,0.339168,0.738107,-1.52025,1.60908,-2.54128,0,0,0
M22124,M,300.4,310.6,1448,44.9,21,0.295807,0.745109,-1.08708,1.15089,-2.47459,0,0,0
L54445,L,300.4,310.6,1384,48.7,24,0.297362,0.746599,-2.21318,1.96148,-2.37544,0,0,0
L54446,L,300.4,310.5,1578,32.8,26,0.326076,0.586388,1.18967,-1.65526,-2.38627,0,0,0
L54447,L,300.5,310.5,1695,26.7,28,0.461568,0.535527,2.26914,-2.54117,-2.27984,0,0,0
L54448,L,300.5,310.6,1543,36.2,30,0.488447,0.758107,0.724558,-0.902103,-2.21367,0,0,0
M22129,M,300.4,310.5,1540,33.4,32,0.361638,0.562895,0.598604,-1.53029,-2.14628,0,0,0
L54450,L,300.2,310.4,1808,25.8,35,0.173085,0.409307,2.70462,-2.66609,-2.07694,0,0,0
M22131,M,300.3,310.4,1293,49.7,37,0.207034,0.385596,-3.00807,2.15179,-2.06341,0,0,0
L54452,L,300.2,310.3,1202,59.5,40,0.188349,0.330648,-3.14159,2.98334,-1.9152,0,0,0
M22133,M,300.2,310.3,1704,29.2,42,0.191887,0.371614,2.32292,-2.27398,-1.88357,0,0,0
M22134,M,300.2,310.3,1478,38.1,45,0.169675,0.368994,-0.47038,-0.470977,-1.82547,0,0,0
L54455,L,300.2,310.3,1514,38.7,48,0.176517,0.345487,0.202049,-0.33558,-1.6749,0,0,0
M22136,M,300.1,310.3,1350,48.8,50,0.0622671,0.397792,-2.6796,1.98892,-1.64142,0,0,0
L54457,L,300.1,310.2,1475,54.2,53,0.0221956,0.240084,-0.551028,2.73284,-1.56177,0,0,0
H36692,H,300,310.1,1714,28.7,55,-0.0544898,-0.017139,2.37223,-2.34413,-1.49098,0,0,0
L54459,L,300,310.1,1465,40.9,60,-0.0554871,0.0114653,-0.729377,0.217152,-1.36049,0,0,0
L54460,L,299.9,310.2,1288,69.6,62,-0.196522,0.220025,-3.08168,3.12005,-1.32444,0,1,1
L54461,L,300,310.2,1675,29.7,64,-0.117745,0.242773,2.0979,-2.18803,-1.25692,0,0,0
L54462,L,300,310.2,1486,36.4,66,-0.132936,0.251883,-0.352894,-0.893049,-1.17902,0,0,0
M22143,M,300,310.2,1443,58.7,68,-0.135357,0.255749,-1.18777,2.89399,-1.14271,0,0,0
M22144,M,300.1,310.3,1345,57.1,71,0.0222834,0.301267,-2.74854,2.83301,-1.07224,0,0,0
M22145,M,300.2,310.4,1202,61.7,74,0.123316,0.466915,-3.14159,3.06275,-0.977427,0,0,0
M22146,M,300.1,310.4,1480,37.1,77,0.0599798,0.442279,-0.447954,-0.714054,-0.891673,0,0,0
M22147,M,300.2,310.4,1530,35.7,80,0.184088,0.431051,0.45294,-1.08982,-0.751145,0,0,0
M22148,M,300.2,310.6,1983,20.8,83,0.204953,0.732723,2.98977,-2.97398,-0.722614,0,0,0
L54469,L,300.3,310.6,1433,53.8,86,0.265333,0.739756,-1.37338,2.63108,-0.601804,0,0,0
L54470,L,300.3,310.6,1806,24.4,88,0.238404,0.722688,2.69632,-2.74074,-0.555855,0,0,0
L54471,L,300.2,310.5,1416,46.7,90,0.157047,0.576243,-1.70852,1.56279,-0.531557,0,0,0
M22152,M,300.1,310.4,1556,38.1,92,0.0462003,0.446928,0.85064,-0.494898,-0.453335,0,0,0
L54473,L,300.1,310.5,1627,29.2,95,0.0236913,0.545552,1.74479,-2.28521,-0.382812,0,0,0
L54474,L,300.1,310.6,1809,24.3,97,0.0596016,0.721773,2.69835,-2.79668,-0.313454,0,0,0
M22155,M,300.1,310.5,1329,57.4,99,0.00311018,0.63656,-2.87041,2.90873,-0.267594,0,0,0
H36710,H,300,310.4,1881,21.9,102,-0.135042,0.442365,2.87865,-2.90587,-0.182126,0,0,0
L54477,L,300.1,310.5,1500,39.8,107,0.0647,0.591781,-0.0667158,-0.0732004,-0.0451598,0,0,0
L54478,L,300.1,310.5,1532,36,109,0.0489416,0.628035,0.517529,-0.981008,0.0333123,0,0,0
L54479,L,300.1,310.5,1492,50.9,111,0.0373354,0.640498,-0.230429,2.27451,0.0636654,0,0,0
L54480,L,300.2,310.6,1431,42.3,113,0.157073,0.746732,-1.38365,0.543207,0.167431,0,0,0
L54481,L,300.1,310.4,1554,39.4,115,0.0388119,0.444627,0.845091,-0.182712,0.221655,0,0,0
L54482,L,300.1,310.5,1494,44.2,117,0.074669,0.54426,-0.178871,0.995675,0.256603,0,0,0
L54483,L,300.1,310.6,1374,45.4,119,0.100433,0.74209,-2.34862,1.25107,0.355805,0,0,0
L54484,L,300.1,310.5,1394,44.3,121,0.0599252,0.63445,-2.05855,1.04085,0.423836,0,0,0
M22165,M,300,310.5,1790,25.7,123,-0.102067,0.618966,2.6848,-2.66027,0.424084,0,0,0
L54486,L,300.1,310.5,1356,45.8,126,0.0439094,0.6312,-2.63736,1.351,0.501027,0,0,0
M22167,M,300,310.4,1385,52.1,128,-0.0741211,0.475422,-2.22327,2.40761,0.570278,0,0,0
L54488,L,300,310.4,1333,49.1,131,-0.112365,0.4808,-2.85581,2.01808,0.628261,0,0,0
L54489,L,300,310.4,1505,44.9,133,-0.0748228,0.454466,0.00883084,1.15762,0.7109,0,0,0
L54490,L,300,310.5,1606,33.5,135,-0.112204,0.640435,1.49019,-1.51935,0.809751,0,0,0
H36725,H,300,310.5,1558,36.7,137,-0.10075,0.627427,0.929382,-0.819531,0.866491,0,0,0
L54492,L,300,310.5,1412,52.4,142,-0.112585,0.639267,-1.76719,2.49532,0.990784,0,0,0
L54493,L,299.9,310.4,1408,38.4,144,-0.115362,0.442537,-1.82658,-0.416624,1.02514,0,0,0
L54494,L,299.9,310.3,1268,53.3,146,-0.158163,0.387299,-3.10636,2.5471,1.12394,0,0,0
L54495,L,299.9,310.4,1470,50,148,-0.143362,0.457139,-0.609243,2.19966,1.14718,0,0,0
L54496,L,299.9,310.4,1497,47,150,-0.163164,0.446944,-0.114238,1.63332,1.19902,0,0,0
L54497,L,299.9,310.3,1638,29.1,152,-0.170612,0.334173,1.76221,-2.26719,1.22791,0,0,0
H36732,H,299.9,310.3,1535,43.9,154,-0.112307,0.408116,0.583264,0.961686,1.31733,0,0,0
L54499,L,299.8,310.2,1654,32.7,159,-0.186875,0.147494,1.97487,-1.6657,1.48634,0,0,0
H36734,H,299.8,310.2,1411,49.7,161,-0.197456,0.167905,-1.81051,2.09928,1.525,0,0,0
L54501,L,299.8,310.2,1911,23.5,166,-0.21962,0.171765,2.92228,-2.84267,1.6833,0,0,0
H36736,H,299.8,310.2,1573,33.3,168,-0.232812,0.190299,1.11704,-1.57554,1.73472,0,0,0
L54503,L,299.9,310.2,1479,46.3,173,-0.151968,0.174242,-0.448259,1.47638,1.92616,0,0,0
M22184,M,299.9,310.4,1820,26.6,175,-0.142806,0.449195,2.7416,-2.53111,1.92131,0,0,0
L54505,L,299.9,310.4,1419,45.7,178,-0.15803,0.424993,-1.63272,1.33719,2.01864,0,0,0
M22186,M,299.9,310.5,1335,52.9,180,-0.116659,0.626612,-2.78155,2.53558,2.04361,0,0,0
M22187,M,299.9,310.5,1576,39.4,183,-0.174845,0.631492,1.14691,-0.18899,2.14053,0,0,0
L54508,L,300,310.5,1517,42.2,186,-0.0840564,0.666156,0.269169,0.491456,2.24114,0,0,0
M22189,M,299.9,310.4,1576,34.3,188,-0.170074,0.467052,1.12978,-1.33883,2.31611,0,0,0
H36744,H,299.8,310.2,1537,36.6,191,-0.203755,0.168006,0.573318,-0.892717,2.38243,0,0,0
L54511,L,299.8,310.3,1524,34.2,196,-0.245185,0.305615,0.340503,-1.39108,2.48542,0,0,0
M22192,M,299.8,310.3,1805,23.7,198,-0.229976,0.312576,2.70612,-2.7826,2.52642,0,0,0
M22193,M,299.9,310.4,1367,53.3,201,-0.206549,0.481808,-2.45874,2.55581,2.69572,0,0,0
L54514,L,299.8,310.4,1694,30.3,204,-0.208629,0.455868,2.27012,-2.09124,2.77336,0,0,0
L54515,L,299.9,310.4,1328,49.9,206,-0.152657,0.401731,-2.85645,2.14589,2.81576,0,0,0
H36750,H,299.9,310.5,1549,42.8,208,-0.163217,0.649268,0.779527,0.655604,2.8542,0,0,0
L54517,L,299.9,310.5,1539,32.8,213,-0.122858,0.682413,0.595412,-1.6605,2.98596,0,0,0
L54518,L,299.8,310.5,1496,38.8,215,-0.249515,0.677629,-0.0974495,-0.328771,2.99327,0,0,0
L54519,L,299.8,310.4,1579,36.4,0,-0.240149,0.433461,1.16863,-0.909052,-3.12302,0,0,0
L54520,L,299.7,310.3,1386,46.6,2,-0.349596,0.281457,-2.20471,1.51743,-3.02995,0,0,0
L54521,L,299.7,310.3,1505,37.7,4,-0.340168,0.299745,0.0146361,-0.556501,-3.00667,0,0,0
M22202,M,299.7,310.3,1661,34.5,6,-0.310954,0.299751,2.01358,-1.34767,-2.92479,0,0,0
L54523,L,299.6,310.2,1468,48,9,-0.425644,0.158601,-0.709636,1.81031,-2.84987,0,0,0
L54524,L,299.6,310.1,1384,49.8,11,-0.406221,0.138453,-2.21842,2.12588,-2.77231,0,0,0
L54525,L,299.6,310.2,1381,60.5,13,-0.365506,0.16595,-2.26542,2.99912,-2.75497,0,0,0
L54526,L,299.6,310.2,1469,47,15,-0.35716,0.169798,-0.642192,1.63547,-2.6969,0,0,0
L54527,L,299.6,310.2,1627,36.6,17,-0.410919,0.155363,1.66917,-0.853278,-2.62952,0,0,0
H36762,H,299.7,310.3,1462,40.4,19,-0.305117,0.29496,-0.802492,0.117299,-2.53402,0,0,0
L54529,L,299.7,310.2,1633,36.5,24,-0.320357,0.136844,1.75933,-0.878735,-2.37527,0,0,0
L54530,L,299.7,310.2,1469,39.5,26,-0.276445,0.117989,-0.675683,-0.136329,-2.35469,0,0,0
L54531,L,299.7,310.2,1458,43.4,28,-0.259713,0.154556,-0.847466,0.840907,-2.26198,0,0,0
M22212,M,299.7,310.2,1440,42.8,30,-0.281076,0.102701,-1.22044,0.676955,-2.22865,0,0,0
L54533,L,299.8,310.3,1687,30.4,33,-0.252448,0.354725,2.23383,-2.0689,-2.15784,0,0,0
M22214,M,299.7,310.3,1429,47.7,35,-0.31769,0.329147,-1.42745,1.76461,-2.05712,0,0,0
L54535,L,299.6,310.2,1588,34.1,38,-0.354819,0.226649,1.32099,-1.40134,-1.98041,0,0,0
L54536,L,299.6,310.2,1333,51.2,40,-0.347053,0.235341,-2.78958,2.33402,-1.92363,0,0,0
L54537,L,299.6,310.1,1487,42.9,42,-0.341756,0.0538711,-0.283283,0.717358,-1.8962,0,0,0
M22218,M,299.5,310.1,1659,31.5,44,-0.419176,0.0687151,1.9983,-1.89699,-1.81481,0,0,0
M22219,M,299.4,310,1512,43.2,47,-0.461972,-0.0748485,0.182314,0.76405,-1.77379,0,0,0
L54540,L,299.5,310.1,1585,35.2,50,-0.457691,0.00379523,1.22388,-1.17892,-1.62027,0,0,0
L54541,L,299.5,310,1502,38.5,52,-0.428004,-0.0635726,-0.0036,-0.383891,-1.56808,0,0,0
L54542,L,299.5,310,1594,35.1,54,-0.422952,-0.059955,1.32872,-1.18323,-1.52661,0,0,0
L54543,L,299.5,310,1412,48.9,56,-0.439459,-0.106846,-1.76279,1.98439,-1.49224,0,0,0
L54544,L,299.5,309.9,1402,51.7,58,-0.444832,-0.239192,-1.96787,2.41528,-1.40368,0,0,0
L54545,L,299.6,310.1,2057,20.4,60,-0.343872,-0.0448364,3.02315,-2.98267,-1.37383,0,0,0
H36780,H,299.6,310.1,1531,36.8,62,-0.343492,0.120295,0.484847,-0.782173,-1.33105,0,0,0
M22227,M,299.5,310.1,1359,61.1,67,-0.429162,0.141086,-2.56421,3.03403,-1.11421,0,0,0
M22228,M,299.6,310.2,1620,30,70,-0.361637,0.279364,1.643,-2.16893,-1.12195,0,0,0
M22229,M,299.6,310.1,1646,29.6,73,-0.372952,0.101086,1.9002,-2.19673,-1.0011,0,0,0
M22230,M,299.6,310.1,1455,46.1,76,-0.367947,0.105004,-0.92919,1.40044,-0.91649,0,0,0
L54551,L,299.6,310.2,1512,44,79,-0.342128,0.199118,0.186618,0.964958,-0.830528,0,0,0
L54552,L,299.6,310.2,1473,42.7,81,-0.354953,0.270919,-0.587585,0.649966,-0.782788,0,0,0
L54553,L,299.6,310.1,1553,38,83,-0.371327,0.107534,0.822537,-0.524448,-0.717778,0,0,0
L54554,L,299.5,310,1379,50.4,85,-0.413283,-0.0468923,-2.29248,2.24315,-0.669403,0,0,0
M22235,M,299.4,309.9,1567,40.6,87,-0.497932,-0.224773,1.04602,0.143828,-0.619539,0,0,0
L54556,L,299.5,310,1481,43.1,90,-0.42821,-0.0354643,-0.404866,0.710966,-0.504705,0,0,0
L54557,L,299.5,310,1349,52.7,92,-0.401941,-0.0845643,-2.67443,2.52202,-0.43281,0,0,0
L54558,L,299.5,310,1388,52.4,94,-0.490934,-0.0954057,-2.17931,2.49057,-0.398147,0,0,0
M22239,M,299.6,310.1,1357,48.7,96,-0.369706,0.0917314,-2.61401,1.93571,-0.332697,0,0,0
L54560,L,299.6,310.2,1743,24.8,99,-0.355637,0.294322,2.49316,-2.73128,-0.243679,0,0,0
L54561,L,299.7,310.3,1495,43.1,101,-0.356579,0.303332,-0.122476,0.726158,-0.197673,0,0,0
L54562,L,299.8,310.4,1698,28.3,103,-0.170177,0.389589,2.27871,-2.39371,-0.116889,0,0,0
M22243,M,299.7,310.4,1410,44.5,105,-0.305526,0.373382,-1.8057,1.1082,-0.0962012,0,0,0
L54564,L,299.7,310.4,1614,36.2,108,-0.33904,0.419774,1.5849,-0.909048,0.0323473,0,0,0
M22245,M,299.8,310.5,1375,53.9,110,-0.231698,0.654816,-2.32969,2.6393,0.0691032,0,0,0
M22246,M,299.8,310.6,1574,31.8,113,-0.228847,0.845381,1.10893,-1.8518,0.169217,0,0,0
H36801,H,299.8,310.6,1423,44.6,116,-0.194542,0.832437,-1.55693,1.07611,0.266061,0,0,0
M22248,M,299.8,310.6,1694,31.3,121,-0.17982,0.843823,2.25949,-1.92497,0.388029,0,0,0
L54569,L,299.8,310.6,1707,32.5,124,-0.231472,0.834967,2.33043,-1.7054,0.458399,0,0,0
M22250,M,299.7,310.5,1490,41.2,126,-0.312257,0.656562,-0.250135,0.241024,0.560362,0,0,0
L54571,L,299.7,310.6,1675,31.3,129,-0.29848,0.82863,2.14663,-1.90317,0.57322,0,0,0
M22252,M,299.7,310.5,1492,39.3,131,-0.256418,0.689599,-0.206045,-0.180895,0.677762,0,0,0
M22253,M,299.7,310.5,1594,35.4,134,-0.314693,0.693141,1.37642,-1.09808,0.716839,0,0,0
L54574,L,299.7,310.6,1479,38,137,-0.302571,0.812776,-0.424577,-0.53348,0.804248,0,0,0
M22255,M,299.7,310.6,1572,38,139,-0.313606,0.836583,1.10472,-0.503992,0.900075,0,0,0
L54576,L,299.7,310.6,1616,35.1,142,-0.29901,0.818153,1.60225,-1.20453,0.962005,0,0,0
L54577,L,299.7,310.6,1737,26.1,144,-0.256546,0.823284,2.47352,-2.63367,1.03173,0,0,0
M22258,M,299.7,310.7,1498,37.8,146,-0.265643,1.02397,-0.0962802,-0.546411,1.13594,0,0,0
L54579,L,299.6,310.6,1642,35.1,149,-0.37797,0.824342,1.88544,-1.20412,1.20862,0,0,0
M22260,M,299.6,310.6,1633,34.2,151,-0.383264,0.836746,1.81344,-1.39605,1.26011,0,0,0
L54581,L,299.8,310.8,1409,51.9,154,-0.177822,1.08425,-1.81867,2.42461,1.28719,0,0,0
M22262,M,299.8,310.8,1463,43.5,156,-0.21132,1.11775,-0.760626,0.858587,1.33786,0,0,0
L54583,L,299.8,310.8,1376,48.6,159,-0.214551,1.03192,-2.36298,1.94493,1.49027,0,0,0
L54584,L,299.8,310.8,1553,32.2,161,-0.220871,1.12172,0.823125,-1.77323,1.50413,0,0,0
M22265,M,299.8,310.8,1530,35.2,163,-0.237349,1.07595,0.471604,-1.14685,1.62084,0,0,0
L54586,L,299.8,310.9,1545,40.7,166,-0.231501,1.36845,0.70427,0.175925,1.63071,0,0,0
H36821,H,299.8,310.9,1427,47.2,168,-0.264235,1.38417,-1.51257,1.69236,1.74246,0,0,0
L54588,L,299.9,310.9,1292,51.1,173,-0.167028,1.37882,-3.04609,2.34143,1.87025,0,0,0
L54589,L,299.8,310.9,2084,17.6,175,-0.273661,1.36761,3.06683,-3.08468,1.93449,0,0,0
L54590,L,299.9,311,1747,27.6,177,-0.152701,1.42239,2.50694,-2.46232,1.98901,0,0,0
L54591,L,300,311.1,1425,47.8,179,-0.099642,1.67707,-1.56645,1.76489,2.04422,0,0,0
L54592,L,300,311,1637,33.6,181,-0.0596927,1.44213,1.81334,-1.50469,2.11422,0,0,0
M22273,M,300.1,311.1,1616,35.2,183,0.010235,1.65823,1.63391,-1.17134,2.20811,0,0,0
L54594,L,300.1,311.1,1619,33.4,186,0.0347071,1.6616,1.59032,-1.53832,2.27236,0,0,0
L54595,L,300.1,311.2,1489,39.1,188,-0.00389057,1.73752,-0.246353,-0.218509,2.30234,0,0,0
M22276,M,300.1,311.2,1452,42.4,190,0.0203121,1.77886,-1.02017,0.558119,2.33524,0,0,0
M22277,M,300.1,311.3,1495,41,193,0.0136104,1.89362,-0.18226,0.219569,2.45038,1,0,0
M22278,M,300.2,311.4,1427,39.7,196,0.183029,1.92723,-1.50486,-0.121034,2.52886,0,0,0
L54599,L,300.1,311.4,1572,36.2,199,0.0366417,1.95361,1.11007,-0.892409,2.63459,0,0,0
L54600,L,300.1,311.3,1547,40,201,0.0151959,1.91448,0.693043,-0.0570786,2.68097,0,0,0
M22281,M,300.1,311.4,1342,48.5,203,0.0547263,1.95363,-2.74013,1.8949,2.73427,0,0,0
L54602,L,300,311.2,1351,44.1,206,-0.0473529,1.77186,-2.67792,0.962182,2.78141,0,0,0
L54603,L,300,311.3,1407,47.3,208,-0.0669931,1.85292,-1.90683,1.707,2.83501,0,0,0
M22284,M,300.1,311.4,1575,29.8,210,0.0254509,1.98664,1.08751,-2.2044,2.89499,0,0,0
M22285,M,300,311.4,1791,24.1,213,-0.0457884,1.97719,2.69782,-2.78489,2.97747,0,0,0
M22286,M,300,311.4,1692,29,216,-0.0504409,1.94734,2.26397,-2.29876,2.98173,0,1,1
L54607,L,300,311.4,1634,31.9,0,-0.0446898,1.95975,1.7956,-1.80795,-3.14159,0,0,0
M22288,M,300,311.4,1864,23.3,2,-0.0361043,1.99084,2.81779,-2.8248,-3.02706,1,0,1
L54609,L,300,311.4,1590,33.6,5,-0.0234645,1.96455,1.28529,-1.47763,-2.95741,0,0,0
M22290,M,300,311.4,1384,46.1,7,-0.0884282,1.94513,-2.20448,1.44833,-2.92386,0,0,0
M22291,M,300,311.4,1352,61.8,10,-0.000788654,1.95967,-2.65118,3.06144,-2.80032,0,0,0
L54612,L,300.1,311.4,1484,43.1,13,0.0288982,1.9293,-0.345698,0.735954,-2.67776,0,0,0
M22293,M,300.1,311.4,1913,21.9,15,-0.0159053,1.94498,2.89083,-2.90807,-2.65455,0,0,0
L54614,L,300,311.4,1508,38.2,18,-0.0795128,1.92265,0.0830541,-0.45432,-2.53844,0,0,0
L54615,L,299.9,311.3,1504,40.7,20,-0.152966,1.83501,0.0376458,0.150406,-2.54376,0,0,0
L54616,L,300,311.4,1487,41.2,22,-0.0849342,1.94869,-0.285823,0.290033,-2.52073,0,0,0
L54617,L,299.8,311.3,1727,30,24,-0.253208,1.83764,2.42189,-2.18895,-2.41199,0,0,0
L54618,L,299.9,311.3,1647,27.5,26,-0.159319,1.85245,1.88689,-2.45363,-2.34691,0,0,0
L54619,L,300,311.3,1493,41.4,28,-0.0151719,1.83051,-0.167671,0.312678,-2.31446,0,0,0
L54620,L,300,311.4,1655,29.6,30,-0.0208845,1.93775,1.99662,-2.22364,-2.24724,0,0,0
M22301,M,299.9,311.4,1337,54.8,32,-0.171923,1.98407,-2.79113,2.7862,-2.16724,0,0,0
L54622,L,300,311.5,1601,36.9,35,-0.0138481,2.14077,1.43643,-0.751321,-2.06473,0,0,0
H36857,H,300.1,311.6,1589,37.9,37,-0.0356494,2.26927,1.28894,-0.515532,-1.9958,1,0,1
L54624,L,300.2,311.7,1286,55.1,42,0.174955,2.30757,-3.0324,2.74969,-1.85352,0,0,0
L54625,L,300.2,311.7,1553,41.3,44,0.128236,2.27875,0.848507,0.312695,-1.82638,0,0,0
L54626,L,300.2,311.8,1379,51,46,0.148026,2.39318,-2.31474,2.34125,-1.72893,1,0,1
M22307,M,300.3,311.9,1677,30.8,48,0.257622,2.54282,2.14837,-2.00049,-1.68983,1,0,1
L54628,L,300.3,311.8,1488,38.4,51,0.293502,2.35233,-0.290802,-0.412081,-1.63931,0,0,0
L54629,L,300.3,311.8,1418,45.9,53,0.250873,2.38489,-1.68752,1.39525,-1.5686,0,0,0
L54630,L,300.3,311.8,1451,41,55,0.255104,2.37047,-1.03509,0.216106,-1.51417,0,0,0
L54631,L,300.3,311.8,1508,43.1,57,0.267851,2.40889,0.103466,0.745574,-1.46034,0,0,0
L54632,L,300.3,311.7,1579,33.6,59,0.288325,2.29075,1.21772,-1.43715,-1.40882,0,0,0
H36867,H,300.3,311.7,1432,47.7,61,0.270513,2.25328,-1.3733,1.81213,-1.32728,0,0,0
L54634,L,300.2,311.6,1446,47.3,66,0.179335,2.15966,-1.11102,1.63856,-1.18315,0,0,0
M22315,M,300.2,311.7,1597,39.5,68,0.130627,2.31515,1.44502,-0.18648,-1.12759,1,0,0
M22316,M,300.2,311.7,1397,50.2,71,0.150507,2.28016,-1.99542,2.21204,-1.02411,0,0,0
L54637,L,300.1,311.6,1530,36.6,74,0.0151392,2.18712,0.472831,-0.816933,-0.942502,0,0,0
M22318,M,300.1,311.6,1433,51.4,76,-0.00144727,2.19861,-1.38348,2.35002,-0.879211,0,0,0
L54639,L,300,311.5,1591,32,79,-0.036256,2.16659,1.32149,-1.79493,-0.841153,1,0,1
L54640,L,300,311.5,1445,41.6,81,-0.0220359,2.20012,-1.14353,0.346985,-0.762924,0,0,0
L54641,L,300,311.5,1749,28.3,83,-0.0306949,2.16292,2.49706,-2.37076,-0.706858,0,0,0
L54642,L,300,311.3,1703,30.4,85,-0.0330174,1.85046,2.31294,-2.08425,-0.677904,0,0,0
H36877,H,300.1,311.4,1518,46.9,87,0.0123138,1.95708,0.274507,1.59051,-0.591945,0,0,0
L54644,L,300.1,311.3,1535,42.3,92,-0.0139071,1.86266,0.515797,0.570034,-0.459281,0,0,0
M22325,M,300.1,311.4,1390,52.1,94,0.00254499,1.9396,-2.12362,2.4563,-0.388261,0,0,0
H36880,H,300.3,311.6,1801,23.6,97,0.170957,2.1678,2.69093,-2.79891,-0.318576,1,0,1
H36881,H,300.3,311.6,1463,41.6,102,0.187565,2.18216,-0.769122,0.391095,-0.213738,1,0,1
L54648,L,300.3,311.6,1560,37.7,107,0.168768,2.20102,0.926589,-0.526008,-0.0491268,0,0,0
L54649,L,300.3,311.6,1607,33.5,109,0.22502,2.21976,1.53961,-1.47584,0.0217245,0,0,0
L54650,L,300.4,311.6,1332,54.6,111,0.317048,2.25712,-2.77481,2.73559,0.0793345,0,0,0
L54651,L,300.3,311.7,1365,53.3,113,0.155201,2.29999,-2.48886,2.57309,0.148476,0,0,0
M22332,M,300.3,311.6,1617,32.5,115,0.156788,2.25828,1.63147,-1.68932,0.205093,0,0,0
M22333,M,300.3,311.6,1304,62.8,118,0.195288,2.24637,-3.03817,3.03061,0.324844,0,0,0
L54654,L,300.3,311.7,1989,22.3,121,0.184234,2.32018,2.97492,-2.87926,0.401295,0,0,0
H36889,H,300.3,311.6,1339,53.4,123,0.270361,2.24114,-2.73321,2.60733,0.38582,0,0,0
L54656,L,300.2,311.5,1492,41.8,128,0.088138,2.18332,-0.184302,0.406703,0.581201,0,0,0
M22337,M,300.1,311.3,1518,40.2,130,-0.0350322,1.85575,0.28192,0.0412132,0.62098,0,0,0
L54658,L,300.1,311.3,1479,39.5,133,-0.00843658,1.83949,-0.446735,-0.143874,0.741238,0,0,0
M22339,M,300.1,311.3,1523,34.1,135,-0.0233651,1.80173,0.363876,-1.3935,0.794215,0,0,0
M22340,M,300.2,311.4,1570,35.3,138,0.126387,1.96811,1.05599,-1.1418,0.880996,0,0,0
H36895,H,300.2,311.4,1506,36.1,141,0.148437,1.93689,0.0444685,-0.919933,0.925813,0,0,0
M22342,M,300.2,311.6,1510,47.5,146,0.0881336,2.21315,0.12462,1.70239,1.116,0,0,0
L54663,L,300.2,311.6,1671,28.8,149,0.145613,2.20594,2.0614,-2.32942,1.18555,0,0,0
M22344,M,300.3,311.6,1312,53.4,151,0.201766,2.18807,-2.98778,2.61208,1.26393,0,0,0
L54665,L,300.3,311.6,1595,38.8,154,0.232273,2.1889,1.39398,-0.278225,1.34699,0,0,0
L54666,L,300.3,311.7,1635,31.8,156,0.243362,2.31593,1.77647,-1.82045,1.38423,0,0,0
L54667,L,300.3,311.7,1707,33.6,158,0.240579,2.28177,2.34124,-1.4718,1.45666,0,0,0
L54668,L,300.3,311.7,1545,43.5,160,0.225777,2.31459,0.702009,0.847043,1.49869,0,0,0
M22349,M,300.2,311.6,1751,28,162,0.113137,2.25185,2.54022,-2.42176,1.56048,0,0,0
M22350,M,300.4,311.8,1707,30,165,0.32015,2.45774,2.35707,-2.1822,1.59881,0,0,0
L54671,L,300.4,311.8,1320,57.9,168,0.31813,2.43368,-2.89983,2.92456,1.73036,0,0,0
M22352,M,300.3,311.7,1319,51.4,170,0.272677,2.25714,-2.92379,2.36001,1.78958,0,0,0
L54673,L,300.2,311.7,1448,54.2,173,0.119508,2.28682,-1.05023,2.68448,1.90619,0,0,0
L54674,L,300.2,311.8,1436,48.2,175,0.0924479,2.40172,-1.29313,1.87929,1.93035,0,0,0
L54675,L,300.3,311.9,1609,34,177,0.208016,2.49652,1.53776,-1.43413,2.0035,1,0,0
L54676,L,300.2,311.8,1464,44.5,179,0.111094,2.39466,-0.759776,1.09964,2.05167,0,0,0
M22357,M,300.3,311.8,1483,45.1,181,0.205122,2.41206,-0.342095,1.21317,2.09608,1,0,1
M22358,M,300.2,311.8,1748,28.5,184,0.0892499,2.386,2.53579,-2.33963,2.17905,1,0,1
L54679,L,300.3,311.8,1746,26.3,187,0.254912,2.43415,2.51715,-2.58931,2.29473,0,0,0
L54680,L,300.2,311.8,1410,51.4,189,0.119241,2.43104,-1.81879,2.35785,2.32961,0,0,0
L54681,L,300.2,311.7,1640,30.8,191,0.0951979,2.3125,1.86486,-1.992,2.36459,0,0,0
H36916,H,300.3,311.7,1655,29.9,193,0.191132,2.28475,1.97279,-2.16458,2.43822,0,0,0
M22363,M,300.3,311.7,1646,28.9,198,0.236457,2.3409,1.90245,-2.28456,2.54418,0,0,0
L54684,L,300.4,311.8,1589,42,201,0.342045,2.40204,1.31606,0.44375,2.66109,1,0,1
L54685,L,300.5,311.9,1546,39.4,203,0.532495,2.46086,0.717571,-0.169241,2.7221,0,0,0
L54686,L,300.5,311.9,1511,41.8,205,0.573117,2.49028,0.155868,0.42019,2.78434,1,0,1
L54687,L,300.5,311.9,1750,28.3,207,0.573594,2.49876,2.52341,-2.39093,2.85514,0,0,0
M22368,M,300.5,311.9,1730,27.5,209,0.54535,2.52971,2.43982,-2.48152,2.88955,1,0,0
L54689,L,300.6,311.9,1372,60.1,212,0.697929,2.55254,-2.37094,3.00285,2.96368,0,1,1
L54690,L,300.5,311.8,1524,38.9,214,0.572052,2.3466,0.33854,-0.266444,2.98622,1,1,1
L54691,L,300.4,311.8,1601,36.1,0,0.323248,2.39263,1.43103,-0.988476,-3.11775,0,0,0
M22372,M,300.5,311.8,1636,34.4,2,0.562189,2.38981,1.86578,-1.34084,-3.00748,0,0,0
L54693,L,300.4,311.8,2261,14.9,5,0.331926,2.37475,3.09429,-3.07504,-2.9789,1,0,1
L54694,L,300.4,311.8,1636,32.3,7,0.309386,2.32371,1.83799,-1.73184,-2.88392,0,0,0
M22375,M,300.4,311.9,1335,58.3,9,0.335567,2.51544,-2.81519,2.95646,-2.85783,0,0,0
M22376,M,300.3,311.7,1236,57.5,12,0.246848,2.36432,-3.14159,2.93117,-2.76074,0,0,0
L54697,L,300.3,311.7,1445,47.3,15,0.241999,2.34397,-1.11375,1.67634,-2.63466,0,0,0
L54698,L,300.2,311.5,1500,40.8,17,0.110898,2.15351,-0.0629575,0.208701,-2.57872,0,0,0
L54699,L,300.2,311.6,1999,21,19,0.0951854,2.2396,2.99335,-2.94823,-2.5379,0,0,0
L54700,L,300.2,311.6,1529,35.5,21,0.0732714,2.2472,0.468301,-1.09756,-2.49701,1,0,1
M22381,M,300.2,311.6,1467,40.7,23,0.124125,2.17182,-0.702894,0.14163,-2.4422,0,0,0
L54702,L,300.1,311.5,1334,54,26,-0.0112013,2.11488,-2.8025,2.68692,-2.35406,0,0,0
M22383,M,300.1,311.5,1343,46.2,28,-0.0161427,2.12428,-2.75896,1.41343,-2.27598,0,0,0
L54704,L,300.2,311.5,1639,31.1,31,0.115715,2.12662,1.83051,-1.96355,-2.22804,0,0,0
H36939,H,300.1,311.5,1383,49.1,33,0.00254068,2.15303,-2.21164,2.02362,-2.14231,0,0,0
L54706,L,300.1,311.4,1660,31.4,38,-0.0278237,1.92769,1.99811,-1.90604,-2.01169,0,0,0
L54707,L,300.1,311.3,1470,45.2,40,-0.0105047,1.87821,-0.585398,1.21969,-1.92883,0,0,0
M22388,M,300.1,311.3,1748,26.6,42,0.0195984,1.88157,2.54708,-2.56403,-1.88873,0,0,0
L54709,L,300.1,311.4,1467,35.7,45,-0.0209996,1.88176,-0.698337,-1.05867,-1.80969,0,0,0
M22390,M,300.1,311.4,1617,39.3,47,-0.0146614,1.93691,1.61721,-0.186477,-1.74508,0,0,0
H36945,H,300.1,311.4,1377,56.7,50,-0.0327802,1.95361,-2.2839,2.84384,-1.66321,0,0,0
M22392,M,300,311.3,1629,32.1,55,-0.0954734,1.92345,1.74945,-1.77886,-1.48978,0,0,0
L54713,L,300,311.2,1504,37.9,58,-0.065994,1.80815,-0.0178307,-0.53082,-1.41253,0,0,0
L54714,L,300,311.2,1418,47.3,60,-0.0729279,1.72999,-1.6706,1.68791,-1.37077,0,0,0
L54715,L,300,311.2,1629,31.7,62,-0.0816417,1.73517,1.73804,-1.86767,-1.31267,0,0,0
L54716,L,300.1,311.3,2579,12.5,64,-0.036706,1.93556,3.11752,-3.14159,-1.24367,0,1,1
L54717,L,300.1,311.3,1305,64.7,66,-0.0275988,1.94682,-2.97616,3.10491,-1.19733,0,0,0
M22398,M,300.2,311.4,1450,38.5,68,0.137706,1.91742,-0.996754,-0.361979,-1.12302,0,0,0
L54719,L,300.2,311.3,1487,36.9,71,0.100818,1.93404,-0.304342,-0.761982,-1.05136,0,0,0
M22400,M,300.2,311.3,1587,31.2,73,0.121457,1.8942,1.29409,-1.92589,-1.01138,0,0,0
M22401,M,300.3,311.5,1528,40.9,76,0.224713,2.15602,0.42355,0.19752,-0.878179,0,0,0
M22402,M,300.4,311.6,1401,49.9,79,0.283119,2.23996,-1.95202,2.12264,-0.822427,0,0,0
L54723,L,300.3,311.5,1446,45,82,0.239743,2.15954,-1.13196,1.17666,-0.739663,0,0,0
L54724,L,300.2,311.4,1425,44.2,84,0.104224,1.95503,-1.53951,0.991496,-0.651626,0,0,0
L54725,L,300.2,311.4,1891,22.6,86,0.153109,1.97539,2.86658,-2.90131,-0.628385,0,0,0
H36960,H,300.2,311.5,1454,42.8,88,0.105631,2.14918,-0.905404,0.654369,-0.545325,0,0,0
L54727,L,300.1,311.4,1430,40.9,93,-0.021922,1.97861,-1.445,0.149697,-0.432247,0,0,0
L54728,L,300.2,311.4,1495,43.6,95,0.114519,1.98259,-0.164669,0.859146,-0.375916,0,0,0
L54729,L,300.3,311.4,1544,41.6,97,0.207609,1.94481,0.690429,0.355088,-0.313939,0,0,0
M22410,M,300.3,311.4,1554,34.3,99,0.211233,1.981,0.838787,-1.36647,-0.229289,0,0,0
M22411,M,300.2,311.3,1491,37.3,102,0.120568,1.91792,-0.210759,-0.669867,-0.193419,0,0,0
L54732,L,300.3,311.3,1525,40.7,105,0.220085,1.94129,0.405698,0.136021,-0.106214,0,0,0
L54733,L,300.3,311.3,1505,39.6,107,0.219458,1.92879,0.0285728,-0.142359,-0.0334903,0,0,0
M22414,M,300.3,311.4,1371,50.2,109,0.215248,1.90097,-2.3971,2.19116,-0.00694001,0,0,0
L54735,L,300.3,311.3,1332,60.5,112,0.190731,1.92918,-2.85758,3.00077,0.106546,0,0,0
L54736,L,300.3,311.4,1471,37,114,0.211812,1.94021,-0.57776,-0.745016,0.202943,0,0,0
M22417,M,300.4,311.5,1750,27.3,116,0.294142,2.13798,2.50658,-2.4944,0.258754,0,0,0
M22418,M,300.3,311.4,1386,48.1,119,0.241607,1.91885,-2.19833,1.87039,0.350167,0,0,0
M22419,M,300.4,311.4,1355,56.2,122,0.380629,1.95149,-2.63962,2.79627,0.405157,0,0,0
M22420,M,300.3,311.3,1377,53.8,125,0.246279,1.81621,-2.32825,2.64773,0.476161,0,0,0
L54741,L,300.3,311.1,1388,49.4,128,0.206888,1.55056,-2.18261,2.07499,0.591188,1,0,0
M22422,M,300.3,311.1,1350,58.7,130,0.223034,1.57039,-2.70524,2.92375,0.620328,0,0,0
M22423,M,300.4,311.2,1831,23.4,133,0.337643,1.75404,2.74721,-2.8382,0.72059,0,0,0
M22424,M,300.3,311.2,1381,65.2,136,0.218857,1.75517,-2.29351,3.1198,0.803497,0,1,1
M22425,M,300.3,311.2,1783,25.6,139,0.222878,1.80904,2.66759,-2.69708,0.901003,0,0,0
L54746,L,300.3,311,1613,34.7,142,0.208354,1.39086,1.595,-1.27567,0.996599,0,0,0
M22427,M,300.2,311,2370,14.7,144,0.095788,1.35993,3.1043,-3.10956,1.0632,0,0,0
L54748,L,300.2,311,1627,33.7,147,0.112513,1.42387,1.74112,-1.52421,1.13535,0,0,0
L54749,L,300.2,311,1255,71.8,149,0.108287,1.38338,-3.12356,3.13129,1.2391,0,1,1
H36984,H,300.2,311,1777,27.5,151,0.0990947,1.40027,2.64457,-2.43357,1.21682,0,0,0
L54751,L,300.3,311.1,1606,30.9,156,0.228227,1.54992,1.53358,-1.98279,1.40507,0,0,0
L54752,L,300.3,311.1,1676,28.6,158,0.238611,1.5685,2.12716,-2.33642,1.41161,0,0,0
L54753,L,300.3,311.1,1605,37.1,160,0.21494,1.58635,1.43016,-0.766935,1.50427,0,0,0
L54754,L,300.4,311.1,1487,37.4,162,0.434229,1.56164,-0.284212,-0.659129,1.58981,0,0,0
L54755,L,300.4,311.2,1471,46.5,164,0.383734,1.77793,-0.617876,1.48646,1.62718,0,0,0
M22436,M,300.3,311.1,1477,44.2,166,0.205818,1.60204,-0.493971,0.977112,1.63315,1,0,0
L54757,L,300.4,311.2,1530,32,169,0.432286,1.78994,0.471941,-1.79725,1.69413,0,0,0
L54758,L,300.4,311.2,1673,28.9,171,0.400267,1.7539,2.09761,-2.30303,1.8006,0,0,0
L54759,L,300.4,311.2,1436,56.8,173,0.435507,1.73139,-1.29025,2.87955,1.87253,0,0,0
L54760,L,300.4,311.3,1495,51.2,175,0.43475,1.86029,-0.162039,2.34996,1.91575,0,0,0
M22441,M,300.4,311.2,1366,56.1,177,0.413389,1.73955,-2.49259,2.84327,2.01552,0,0,0
H36996,H,300.4,311.2,1489,45.3,180,0.39311,1.72345,-0.284843,1.27558,2.04515,0,0,0
L54763,L,300.3,311.1,1480,46.6,185,0.187151,1.52423,-0.449085,1.53648,2.22758,0,0,0
L54764,L,300.4,311.2,1472,37.3,187,0.458569,1.76095,-0.574287,-0.661997,2.26499,0,0,0
L54765,L,300.4,311.1,1397,50.8,189,0.433254,1.52807,-2.01437,2.30897,2.30368,0,0,0
L54766,L,300.4,311.1,1589,35.5,191,0.405303,1.56787,1.32417,-1.0919,2.42974,1,0,1
L54767,L,300.4,311.1,1405,54.1,193,0.440241,1.60917,-1.89752,2.6616,2.43054,0,0,0
L54768,L,300.4,311.1,2013,20.1,195,0.441986,1.59323,2.99464,-2.99348,2.48351,0,0,0
L54769,L,300.4,311,1802,26,197,0.461591,1.41543,2.70976,-2.64748,2.56493,0,0,0
M22450,M,300.4,311,1433,46.1,199,0.445514,1.41603,-1.41439,1.40881,2.62295,1,0,0
M22451,M,300.5,311.1,1296,61.3,202,0.484211,1.56699,-3.00409,3.03663,2.68708,0,1,1
M22452,M,300.5,311.2,1551,36.6,205,0.515603,1.79591,0.758121,-0.860533,2.75738,0,0,0
L54773,L,300.5,311.2,1270,67.5,208,0.540578,1.69475,-3.08593,3.13788,2.84601,0,1,1
L54774,L,300.6,311.3,1531,38.5,0,0.704627,1.84007,0.485835,-0.392919,-3.11426,0,0,0
H37009,H,300.5,311.2,1397,45.2,2,0.417121,1.75627,-2.00982,1.23066,-3.0326,0,0,0
L54776,L,300.5,311.1,1547,37.2,7,0.422134,1.59508,0.720266,-0.699807,-2.89905,0,0,0
L54777,L,300.5,311,2074,18.9,9,0.484189,1.39435,3.03837,-3.02955,-2.81242,0,0,0
L54778,L,300.5,311.1,1491,42.6,11,0.470687,1.60604,-0.200522,0.606189,-2.78617,0,0,0
L54779,L,300.5,311,1759,28.3,13,0.459676,1.4167,2.54987,-2.37157,-2.72105,0,0,0
M22460,M,300.4,311,1595,35.4,15,0.410369,1.42663,1.39533,-1.11448,-2.64608,0,0,0
L54781,L,300.4,311.2,1351,62,18,0.446541,1.73077,-2.65829,3.07102,-2.58533,0,0,0
L54782,L,300.4,311.2,1705,28.7,20,0.387453,1.74518,2.30392,-2.33621,-2.53356,0,0,0
L54783,L,300.4,311.2,1406,43.6,22,0.432332,1.72075,-1.90115,0.853445,-2.44777,0,0,0
L54784,L,300.4,311.3,1639,34.6,24,0.397776,1.86585,1.81354,-1.25991,-2.373,1,0,1
H37019,H,300.4,311.3,2026,20.3,26,0.429328,1.8619,3.0192,-3.01268,-2.33224,0,0,0
M22466,M,300.4,311.3,1350,56.5,31,0.433961,1.84304,-2.66273,2.82576,-2.18245,0,0,0
M22467,M,300.5,311.3,1468,41.1,34,0.459315,1.89281,-0.658,0.229063,-2.1101,0,0,0
L54788,L,300.5,311.4,1642,27.1,37,0.499183,2.06924,1.85414,-2.55198,-2.0275,0,0,0
L54789,L,300.5,311.3,1490,41.8,39,0.428923,1.85181,-0.178398,0.424118,-1.94134,0,0,0
M22470,M,300.5,311.3,1507,43.4,41,0.418661,1.87369,0.101191,0.773151,-1.93369,0,0,0
L54791,L,300.5,311.4,1611,32.7,44,0.408716,1.99977,1.54604,-1.63761,-1.79584,0,0,0
M22472,M,300.5,311.4,1743,27.6,46,0.432645,2.00839,2.53499,-2.47476,-1.76872,0,0,0
L54793,L,300.5,311.3,1475,46.3,49,0.539359,1.85197,-0.547507,1.49608,-1.67991,0,0,0
L54794,L,300.5,311.4,1432,47.5,51,0.48469,2.04914,-1.41631,1.70885,-1.60119,0,0,0
L54795,L,300.5,311.4,1442,47,53,0.528217,1.98905,-1.18219,1.63583,-1.52951,0,0,0
M22476,M,300.6,311.4,1468,40.4,55,0.689184,2.0143,-0.655112,0.066422,-1.48504,0,0,0
L54797,L,300.5,311.4,1556,45.3,58,0.547854,2.00248,0.878865,1.27562,-1.42264,0,0,0
M22478,M,300.5,311.4,1312,51.4,60,0.531018,2.0741,-2.9429,2.37563,-1.36558,0,0,0
L54799,L,300.6,311.5,1459,47,63,0.711501,2.15195,-0.844996,1.61565,-1.26369,0,0,0
L54800,L,300.5,311.5,1651,36.9,65,0.551523,2.14109,1.95083,-0.750663,-1.24203,0,0,0
L54801,L,300.5,311.5,1490,38.4,67,0.513467,2.12512,-0.2253,-0.414036,-1.16683,0,0,0
M22482,M,300.6,311.6,1473,31.5,69,0.702149,2.20274,-0.563237,-1.8567,-1.09457,0,0,0
L54803,L,300.6,311.7,1734,29.9,72,0.678644,2.35922,2.45512,-2.17815,-1.01908,0,0,0
L54804,L,300.6,311.7,1507,45.5,74,0.665644,2.35589,0.0453418,1.27186,-0.920253,0,0,0
L54805,L,300.6,311.7,1556,34.9,76,0.656106,2.3799,0.878983,-1.21129,-0.922384,0,0,0
H37040,H,300.5,311.6,1351,53.5,78,0.550225,2.19431,-2.65654,2.60824,-0.830368,0,0,0
L54807,L,300.5,311.7,1445,44.8,83,0.566333,2.36334,-1.16345,1.11168,-0.703869,0,0,0
L54808,L,300.5,311.7,1619,32.7,85,0.576877,2.3547,1.65151,-1.63474,-0.675432,0,0,0
M22489,M,300.5,311.7,1269,64,87,0.584314,2.37273,-3.10688,3.07556,-0.58985,0,0,0
L54810,L,300.5,311.6,1534,37.7,90,0.57032,2.22644,0.496659,-0.547432,-0.484499,0,0,0
L54811,L,300.5,311.6,1444,49.3,92,0.548427,2.18346,-1.11801,2.06803,-0.438376,0,0,0
L54812,L,300.5,311.6,1744,26.8,94,0.53621,2.21522,2.52485,-2.57008,-0.384029,0,0,0
L54813,L,300.4,311.5,1441,44.6,96,0.403658,2.09992,-1.21278,1.09111,-0.320387,1,0,0
M22494,M,300.3,311.3,1506,40.7,98,0.237664,1.92295,0.0245135,0.18769,-0.31124,0,0,0
L54815,L,300.3,311.4,1526,38.5,101,0.249416,1.99851,0.420681,-0.343061,-0.168843,1,0,1
L54816,L,300.4,311.5,1704,29.7,103,0.396015,2.1182,2.32247,-2.18503,-0.127481,0,0,0
H37051,H,300.4,311.4,1445,52.4,105,0.394714,1.97227,-1.14943,2.52153,-0.105582,0,0,0
L54818,L,300.5,311.5,1661,35.9,110,0.549232,2.14783,2.01041,-1.07218,0.0666724,0,0,0
L54819,L,300.5,311.4,1466,41.8,112,0.481441,1.99249,-0.731117,0.392401,0.144537,0,0,0
L54820,L,300.4,311.3,1608,35.1,114,0.378655,1.86396,1.51067,-1.21429,0.193648,0,0,0
M22501,M,300.4,311.4,1352,57.3,116,0.409432,1.9886,-2.65292,2.88916,0.268094,0,0,0
M22502,M,300.4,311.4,1604,31.7,119,0.391565,2.00071,1.47059,-1.82899,0.27129,0,0,0
H37057,H,300.4,311.4,1427,50.7,122,0.394237,1.99291,-1.49872,2.2926,0.368189,0,0,0
L54824,L,300.4,311.4,1424,44.6,127,0.457373,1.99278,-1.56458,1.08808,0.521339,0,0,0
L54825,L,300.4,311.4,1662,29.3,129,0.396417,1.9752,2.00288,-2.24382,0.598646,0,0,0
L54826,L,300.4,311.4,1936,23.9,131,0.421251,1.9577,2.93642,-2.81157,0.684368,0,0,0
L54827,L,300.4,311.4,1728,31.7,133,0.407815,1.98125,2.4641,-1.8433,0.705513,1,0,0
L54828,L,300.4,311.4,1552,28.8,135,0.404776,1.96711,0.818879,-2.27323,0.823449,0,0,0
H37063,H,300.4,311.5,1662,29,137,0.405382,2.13906,2.04588,-2.27481,0.804985,0,0,0
L54830,L,300.3,311.4,1343,57.7,142,0.207809,1.96812,-2.75135,2.9093,0.985975,0,0,0
M22511,M,300.4,311.5,1476,32.6,144,0.383324,2.15482,-0.519403,-1.67177,1.0835,0,0,0
L54832,L,300.3,311.4,1346,51.1,147,0.198423,1.93993,-2.72308,2.32516,1.10867,1,0,1
L54833,L,300.4,311.5,1492,44.6,149,0.402173,2.11662,-0.194137,1.13473,1.21311,0,0,0
M22514,M,300.3,311.5,1540,41.5,151,0.187999,2.1489,0.620368,0.33843,1.23623,0,0,0
L54835,L,300.4,311.5,1596,32.5,154,0.405303,2.18139,1.40402,-1.69771,1.29075,0,0,0
L54836,L,300.5,311.6,1541,47.8,156,0.527762,2.19455,0.653676,1.80443,1.40199,0,0,0
L54837,L,300.5,311.6,1661,30,158,0.514558,2.20005,2.02044,-2.13408,1.37156,0,0,0
M22518,M,300.4,311.6,1359,55.4,160,0.398546,2.23329,-2.568,2.80937,1.49068,0,0,0
L54839,L,300.5,311.6,1528,42.4,163,0.523496,2.2359,0.447103,0.578848,1.58171,0,0,0
M22520,M,300.5,311.6,1246,52.9,165,0.492877,2.19178,-3.11575,2.51469,1.61811,0,0,0
L54841,L,300.5,311.6,1575,32.5,168,0.516204,2.21388,1.14076,-1.66479,1.74264,0,0,0
M22522,M,300.5,311.6,1658,30.4,170,0.499801,2.22121,1.97662,-2.08238,1.80222,1,0,1
L54843,L,300.5,311.6,1385,54.8,173,0.538515,2.23064,-2.213,2.74095,1.86505,0,0,0
H37078,H,300.5,311.7,1454,50.3,175,0.501515,2.32319,-0.950299,2.22332,1.95275,0,0,0
L54845,L,300.5,311.6,1497,40.5,180,0.543019,2.21957,-0.116884,0.104845,2.05391,0,0,0
M22526,M,300.6,311.7,1424,50.8,182,0.732218,2.35577,-1.54388,2.30065,2.10581,0,0,0
L54847,L,300.6,311.7,1528,43.9,185,0.664238,2.33645,0.433552,0.945872,2.21729,0,0,0
L54848,L,300.6,311.8,1539,37,187,0.673273,2.37975,0.605839,-0.73912,2.27808,0,0,0
L54849,L,300.7,311.8,1336,58.4,189,0.789343,2.41262,-2.79184,2.92712,2.33848,0,1,1
L54850,L,300.5,311.6,1525,37.6,191,0.520637,2.23215,0.391539,-0.623872,2.40843,0,0,0
M22531,M,300.5,311.6,1456,51.1,193,0.52693,2.19561,-0.888269,2.32292,2.4262,0,0,0
M22532,M,300.5,311.7,2141,17.2,196,0.538084,2.37069,3.04192,-3.07373,2.50374,0,0,0
M22533,M,300.5,311.6,1476,39.1,199,0.519944,2.21589,-0.507484,-0.23491,2.65654,0,0,0
L54854,L,300.5,311.6,1509,47.2,202,0.54298,2.21747,0.117116,1.64708,2.69925,0,0,0
L54855,L,300.5,311.6,1447,45.4,204,0.510283,2.2074,-1.08689,1.26429,2.71408,0,0,0
L54856,L,300.6,311.7,1448,49.1,206,0.696702,2.34699,-1.05149,2.0289,2.80168,0,0,0
L54857,L,300.6,311.7,1428,52.6,208,0.662314,2.34299,-1.52845,2.55376,2.85562,0,0,0
M22538,M,300.6,311.7,1389,52.1,210,0.674706,2.32665,-2.14528,2.45902,2.94104,0,0,0
L54859,L,300.7,311.7,1635,32.4,213,0.758504,2.34752,1.80774,-1.75021,2.97674,0,0,0
L54860,L,300.7,311.7,1395,43.7,215,0.759756,2.36609,-2.04159,0.87581,2.99089,0,0,0
L54861,L,300.7,311.8,1443,43.7,217,0.786214,2.38478,-1.19855,0.903861,3.02203,0,0,0
M22542,M,300.7,311.7,1412,49.1,219,0.804188,2.32159,-1.78687,2.03058,3.03167,1,0,1
L54863,L,300.7,311.7,1524,43.5,222,0.800574,2.35467,0.327783,0.856409,3.04706,0,0,0
M22544,M,300.7,311.8,1407,42.4,224,0.791737,2.40949,-1.81892,0.561574,3.09117,0,0,0
L54865,L,300.8,311.7,1397,43.5,227,0.90408,2.34429,-2.01929,0.869025,3.11808,0,0,0
M22546,M,300.7,311.7,1504,36.9,229,0.752398,2.37389,0.0177117,-0.782486,3.09433,0,0,0
M22547,M,300.7,311.7,2097,18.9,232,0.761342,2.36832,3.04229,-3.03262,3.10551,1,1,1
L54868,L,300.6,311.7,1553,39.8,0,0.663517,2.37052,0.846783,-0.0800404,-3.1124,0,0,0
L54869,L,300.6,311.7,1432,39.2,2,0.694866,2.39625,-1.38695,-0.224228,-3.03114,0,0,0
M22550,M,300.5,311.6,1577,36.5,4,0.540069,2.19656,1.17988,-0.86431,-3.00434,0,0,0
M22551,M,300.5,311.5,1370,56.1,7,0.554968,2.19195,-2.44001,2.84433,-2.94881,0,0,0
H37106,H,300.5,311.6,1506,36.2,10,0.547242,2.16684,0.0754733,-0.923289,-2.85819,0,0,0
L54873,L,300.6,311.6,1964,21.4,15,0.67032,2.16447,3.00139,-2.90994,-2.67357,0,0,0
H37108,H,300.6,311.7,1500,36.7,17,0.658676,2.36568,-0.0509675,-0.789504,-2.55889,0,0,0
L54875,L,300.6,311.7,1488,47.7,22,0.707644,2.39808,-0.289126,1.76933,-2.43263,0,0,0
H37110,H,300.6,311.5,1282,60.2,24,0.69349,2.14256,-3.08713,2.97432,-2.40635,1,0,1
L54877,L,300.5,311.4,1400,45.1,29,0.50931,2.02476,-1.97081,1.18625,-2.23933,0,0,0
L54878,L,300.6,311.5,1419,38.6,31,0.695018,2.16634,-1.66995,-0.341041,-2.2297,0,0,0
M22559,M,300.7,311.5,1441,40.6,33,0.798129,2.16739,-1.22479,0.18375,-2.12951,1,0,1
M22560,M,300.7,311.6,1348,62.5,36,0.81891,2.22857,-2.73079,3.09468,-2.06184,1,0,0
H37115,H,300.8,311.7,1468,38.7,39,0.869859,2.31454,-0.647641,-0.326913,-2.00763,0,0,0
M22562,M,300.7,311.7,1701,30.8,44,0.80729,2.3963,2.28652,-1.99919,-1.8449,0,0,0
H37117,H,300.7,311.7,1864,23.6,47,0.806262,2.41016,2.81817,-2.8291,-1.71735,0,0,0
M22564,M,300.6,311.6,1630,31.8,52,0.657908,2.20558,1.77548,-1.86209,-1.58973,0,0,0
L54885,L,300.5,311.5,1316,49.7,55,0.58112,2.19166,-2.94568,2.12108,-1.52876,1,0,0
L54886,L,300.5,311.5,1708,31.2,57,0.527439,2.19312,2.3455,-1.93147,-1.43899,0,0,0
H37121,H,300.5,311.4,1679,27.5,59,0.515198,2.00817,2.1492,-2.47422,-1.37897,0,0,0
L54888,L,300.5,311.4,1709,32.3,64,0.569717,2.05167,2.34073,-1.74346,-1.20799,0,0,0
L54889,L,300.5,311.4,1445,41.5,66,0.572025,2.05341,-1.16798,0.322065,-1.20732,0,0,0
M22570,M,300.5,311.4,1390,51.9,68,0.547742,2.04528,-2.12985,2.38592,-1.13032,0,0,0
L54891,L,300.4,311.4,1309,55.5,71,0.426003,2.05024,-2.96706,2.77935,-1.05326,0,0,0
L54892,L,300.5,311.5,1499,37.6,73,0.519667,2.15738,-0.0524188,-0.612916,-0.947778,0,0,0
M22573,M,300.5,311.4,2072,18.8,75,0.53456,2.03017,3.05995,-3.05903,-0.949652,0,0,0
L54894,L,300.5,311.5,1487,43,78,0.496385,2.15805,-0.311806,0.699945,-0.853337,0,0,0
L54895,L,300.5,311.5,1302,49.6,80,0.529409,2.17175,-2.97487,2.17107,-0.774725,0,0,0
M22576,M,300.5,311.5,1378,48.2,82,0.546765,2.13908,-2.30733,1.8576,-0.720659,0,0,0
L54897,L,300.5,311.6,1365,53,85,0.529152,2.20298,-2.51026,2.54569,-0.665746,0,0,0
H37132,H,300.6,311.7,1427,44.6,87,0.71446,2.33404,-1.4637,1.12876,-0.596646,1,0,0
H37133,H,300.6,311.7,1535,33.3,92,0.726354,2.37406,0.520221,-1.57535,-0.449063,0,0,0
H37134,H,300.5,311.6,1476,41.7,97,0.490434,2.21364,-0.525851,0.420216,-0.340169,0,0,0
L54901,L,300.5,311.6,1425,42.4,102,0.535376,2.1972,-1.52509,0.602282,-0.199283,0,0,0
L54902,L,300.5,311.7,1409,54.7,104,0.482205,2.29714,-1.87436,2.71375,-0.0754717,0,0,0
L54903,L,300.5,311.6,1730,30.2,106,0.494038,2.18413,2.45542,-2.1043,-0.107039,0,0,0
M22584,M,300.5,311.6,1454,41.4,108,0.517975,2.26179,-0.910064,0.282054,0.0231796,0,0,0
L54905,L,300.6,311.7,1744,26.9,111,0.729105,2.2993,2.49439,-2.54422,0.0954825,0,0,0
M22586,M,300.8,311.9,1761,29,113,0.90056,2.47629,2.57797,-2.30479,0.141229,0,0,0
M22587,M,300.7,311.9,1657,30.9,116,0.800303,2.50784,1.99518,-1.97517,0.238247,1,0,0
L54908,L,300.7,311.8,1420,47,119,0.83414,2.38137,-1.63011,1.5975,0.334355,1,0,1
H37143,H,300.7,311.9,1329,59.2,121,0.819693,2.44433,-2.89281,2.94966,0.390905,0,0,0
L54910,L,300.6,311.9,1472,44.2,126,0.687783,2.46443,-0.625783,1.05594,0.507867,0,0,0
L54911,L,300.6,312,1566,30.1,128,0.676257,2.53253,1.0369,-2.13391,0.596541,1,0,0
L54912,L,300.6,312,1430,42.7,130,0.708044,2.55976,-1.42682,0.690202,0.620298,1,0,1
L54913,L,300.6,312,1481,40.9,132,0.702314,2.57605,-0.406441,0.235068,0.70706,1,0,0
L54914,L,300.6,312,1670,29.4,134,0.692952,2.57825,2.05905,-2.22897,0.767448,0,0,0
L54915,L,300.6,312,1406,55.1,136,0.7386,2.54864,-1.87616,2.76267,0.789168,0,0,0
H37150,H,300.6,312.1,1354,46.9,138,0.696416,2.63011,-2.63002,1.6111,0.907049,1,0,0
M22597,M,300.5,312,1985,19.3,143,0.50691,2.57505,2.98984,-3.02462,1.02976,0,0,0
M22598,M,300.5,312,1263,60.8,146,0.543357,2.5749,-3.09394,3.033,1.09748,1,0,0
L54919,L,300.5,311.9,1576,31.1,149,0.536722,2.53116,1.14462,-1.96768,1.18777,0,0,0
L54920,L,300.5,312,1453,45.1,151,0.492466,2.54959,-0.978673,1.23638,1.27882,0,0,0
L54921,L,300.5,312,1478,39,153,0.526984,2.53876,-0.473764,-0.211774,1.30324,0,0,0
M22602,M,300.5,311.9,1323,57.9,155,0.54262,2.57311,-2.8546,2.9373,1.3573,0,0,0
L54923,L,300.5,311.9,1710,28.4,158,0.513879,2.52742,2.37029,-2.34654,1.4447,0,0,0
L54924,L,300.4,311.7,1314,59.5,160,0.370039,2.30092,-2.89807,2.99651,1.47722,0,0,0
L54925,L,300.4,311.7,1460,39.6,162,0.371383,2.29588,-0.799255,-0.150991,1.54206,1,0,1
M22606,M,300.4,311.7,1508,45.4,164,0.355019,2.3123,0.103118,1.28418,1.61894,0,0,0
M22607,M,300.5,311.8,1331,55.3,167,0.51878,2.36716,-2.79735,2.74562,1.69188,0,0,0
L54928,L,300.4,311.7,1515,47.4,170,0.380615,2.27676,0.231051,1.70173,1.78401,0,0,0
L54929,L,300.4,311.6,1674,33,172,0.380056,2.16996,2.08308,-1.57374,1.81476,0,0,0
L54930,L,300.4,311.7,1444,51.2,174,0.376289,2.30293,-1.15921,2.3265,1.89756,0,0,0
M22611,M,300.4,311.7,1398,42.6,176,0.370695,2.27019,-1.9851,0.611762,1.95776,0,0,0
M22612,M,300.4,311.7,1832,24.2,179,0.398415,2.26624,2.77585,-2.73843,2.06478,0,0,0
M22613,M,300.5,311.8,1591,42,182,0.512358,2.35889,1.31084,0.481721,2.13105,0,0,0
M22614,M,300.4,311.7,1478,39.9,185,0.374442,2.34238,-0.465128,-0.0621054,2.24659,0,0,0
M22615,M,300.4,311.8,1362,47.6,188,0.403943,2.4042,-2.52242,1.76223,2.29061,0,0,0
L54936,L,300.5,311.8,1368,57.9,191,0.503845,2.42657,-2.43528,2.90353,2.40122,0,1,1
M22617,M,300.3,311.7,1723,28.3,193,0.292662,2.25836,2.4192,-2.38228,2.44128,0,0,0
L54938,L,300.4,311.8,1689,30.8,196,0.379408,2.41186,2.24002,-2.02038,2.52697,0,0,0
L54939,L,300.4,311.8,1272,59.2,198,0.389482,2.37468,-3.07695,2.94739,2.59781,0,1,1
M22620,M,300.4,311.7,1511,33,200,0.377907,2.29927,0.154132,-1.61206,2.62478,0,0,0
H37175,H,300.4,311.6,1715,30.8,203,0.385001,2.17871,2.34114,-2.00772,2.72311,0,0,0
M22622,M,300.3,311.5,1400,43.8,0,0.312408,2.15541,-1.99192,0.885089,-3.13345,0,0,0
L54943,L,300.4,311.6,1200,76.6,3,0.328768,2.2113,-3.10642,3.12333,-3.03392,0,1,1
M22624,M,300.4,311.7,1555,38.7,5,0.354055,2.30831,0.856271,-0.304701,-2.97092,0,0,0
H37179,H,300.3,311.6,1427,56.2,8,0.301282,2.22348,-1.52466,2.81092,-2.90982,0,0,0
L54946,L,300.3,311.4,1318,52.7,13,0.28558,2.01777,-2.92117,2.54985,-2.77828,0,0,0
H37181,H,300.2,311.4,1319,54.6,15,0.100127,2.05808,-2.91407,2.71928,-2.61552,0,0,0
M22628,M,300.2,311.4,1960,20.9,20,0.0937869,2.03396,2.94278,-2.97453,-2.50327,0,0,0
L54949,L,300.3,311.5,1552,38.9,23,0.318439,2.15889,0.842459,-0.244273,-2.47016,0,0,0
L54950,L,300.3,311.5,1548,32.2,25,0.295989,2.14536,0.748922,-1.70688,-2.38574,0,0,0
L54951,L,300.3,311.6,1709,29.5,27,0.288538,2.22875,2.3302,-2.22612,-2.30028,0,0,0
H37186,H,300.3,311.5,1464,41,29,0.334581,2.18819,-0.726934,0.217853,-2.26555,0,0,0
L54953,L,300.3,311.4,1759,24.8,34,0.310687,2.01832,2.57752,-2.72686,-2.09679,0,0,0
L54954,L,300.3,311.5,1634,31.9,36,0.309495,2.12876,1.78691,-1.8199,-2.0273,0,0,0
L54955,L,300.3,311.5,1663,33.6,38,0.278052,2.11035,2.03239,-1.49144,-2.00596,0,0,0
M22636,M,300.3,311.5,1445,47.3,40,0.304195,2.17616,-1.16227,1.6807,-1.99613,0,0,0
L54957,L,300.3,311.5,1695,25.6,43,0.242368,2.12613,2.26835,-2.66077,-1.8576,0,0,0
L54958,L,300.4,311.6,1517,39,45,0.337214,2.20842,0.247656,-0.266726,-1.7582,0,0,0
L54959,L,300.5,311.7,1811,26.8,47,0.545484,2.30034,2.72668,-2.56832,-1.7202,0,0,0
L54960,L,300.4,311.6,1815,23.5,49,0.366058,2.20337,2.69851,-2.82705,-1.69109,0,0,0
L54961,L,300.4,311.7,1513,40,51,0.355098,2.31626,0.173605,-0.0186639,-1.61454,0,0,0
M22642,M,300.4,311.6,1518,36.4,53,0.333222,2.17068,0.250645,-0.886594,-1.59371,0,0,0
L54963,L,300.3,311.5,1667,28.8,56,0.294389,2.17321,2.07445,-2.33454,-1.48322,0,0,0
L54964,L,300.3,311.5,1403,60.1,58,0.250129,2.17159,-1.92865,2.99371,-1.45923,1,0,1
L54965,L,300.2,311.5,1383,42.1,60,0.0680095,2.14209,-2.27601,0.478229,-1.34234,0,0,0
L54966,L,300.3,311.5,1466,46.2,62,0.284837,2.14523,-0.75765,1.44033,-1.30408,0,0,0
L54967,L,300.3,311.5,1378,47.5,64,0.223136,2.16111,-2.31647,1.75573,-1.23685,0,0,0
M22648,M,300.2,311.5,1547,40.9,66,0.0849355,2.10745,0.750052,0.206976,-1.2034,0,0,0
L54969,L,300.2,311.5,1495,38.5,69,0.0900125,2.11117,-0.1122,-0.366016,-1.09407,0,0,0
L54970,L,300.1,311.4,1729,29.3,71,-0.0107856,2.09227,2.44037,-2.23926,-1.05862,1,0,0
L54971,L,300.1,311.4,1418,47.7,73,0.0284059,2.0478,-1.69147,1.74977,-0.976201,0,0,0
H37206,H,300.1,311.4,1485,40.4,75,0.0139637,2.06013,-0.324603,0.110484,-0.909786,0,0,0
L54973,L,300.1,311.5,1434,40.8,80,0.00548861,2.11495,-1.39871,0.174178,-0.776195,0,0,0
M22654,M,300.2,311.6,1415,55.8,82,0.0551011,2.17427,-1.72526,2.8051,-0.728882,0,0,0
H37209,H,300.1,311.6,1674,29.6,85,-0.00861521,2.17362,2.15906,-2.2114,-0.667751,0,0,0
L54976,L,300.1,311.5,1454,52.4,90,0.00949979,2.14863,-0.957536,2.51798,-0.509592,0,0,0
L54977,L,300,311.4,1476,39,92,-0.0592028,2.06795,-0.53416,-0.270976,-0.447909,0,0,0
L54978,L,300,311.5,1812,28.3,94,-0.0784819,2.08643,2.72556,-2.40486,-0.399021,0,0,0
L54979,L,300,311.4,1374,41.9,96,-0.0781958,2.02332,-2.35523,0.456182,-0.325903,0,0,0
M22660,M,300.1,311.4,1524,40.6,98,0.0176873,1.97351,0.319154,0.140034,-0.315527,0,0,0
L54981,L,300,311.4,1383,49.6,101,-0.10863,1.94331,-2.28735,2.10238,-0.18425,0,0,0
L54982,L,299.9,311.3,1429,58.2,103,-0.0808511,1.90801,-1.47311,2.94473,-0.146082,0,0,0
M22663,M,299.8,311.3,1517,41.2,105,-0.253883,1.89237,0.232686,0.245371,-0.115373,0,0,0
M22664,M,299.9,311.4,1480,44.9,108,-0.123995,1.97104,-0.442077,1.15944,0.0190457,0,0,0
L54985,L,299.9,311.4,1706,28.8,111,-0.136436,1.96825,2.33522,-2.3153,0.109461,0,0,0
L54986,L,300,311.5,1349,48.6,113,-0.0500705,2.0663,-2.66368,1.93457,0.177182,0,0,0
M22667,M,300,311.5,1451,49,115,-0.0989234,2.11987,-0.964506,2.03573,0.231912,0,0,0
L54988,L,299.9,311.4,1627,36.7,118,-0.1201,1.96251,1.72431,-0.861482,0.29627,0,0,0
M22669,M,300,311.4,1537,35.4,120,-0.106609,1.97613,0.566051,-1.11176,0.37732,0,0,0
L54990,L,300.1,311.5,2218,17,123,0.0274939,2.12442,3.09112,-3.04017,0.421617,0,0,0
M22671,M,300,311.4,1466,39,125,-0.0909882,1.97792,-0.703082,-0.247427,0.527043,0,0,0
L54992,L,300,311.5,1666,32,128,-0.0869885,2.13263,2.05195,-1.78247,0.558935,0,0,0
L54993,L,300,311.5,1455,41.7,130,-0.0676092,2.12776,-0.950598,0.395007,0.609579,0,0,0
L54994,L,300,311.4,1927,24.6,132,-0.112596,2.00717,2.92805,-2.7244,0.70997,0,0,0
M22675,M,299.9,311.3,1703,28.4,134,-0.120139,1.89406,2.32771,-2.39085,0.778486,0,0,0
L54996,L,299.8,311.2,1533,35.9,137,-0.209411,1.79344,0.511413,-1.00632,0.857267,0,0,0
H37231,H,299.8,311.3,1785,25.4,139,-0.202782,1.90258,2.62022,-2.71203,0.93987,0,0,0
L54998,L,299.8,311.2,2142,16.6,144,-0.198372,1.81474,3.06462,-3.10829,1.07057,0,0,0
L54999,L,299.8,311.2,1369,46.2,146,-0.167609,1.81862,-2.40377,1.43412,1.08608,0,0,0
M22680,M,299.8,311.2,1706,29.2,148,-0.196399,1.79442,2.31951,-2.27196,1.13427,0,0,0
L55001,L,299.9,311.3,1802,24.4,151,-0.144946,1.88168,2.67462,-2.76712,1.22242,0,0,0
H37236,H,299.9,311.3,1413,41.8,153,-0.163078,1.89711,-1.753,0.4295,1.31119,0,0,0
L55003,L,300,311.3,1484,53.2,158,-0.102688,1.89479,-0.359296,2.57301,1.4049,0,0,0
L55004,L,299.9,311.3,1535,38.1,160,-0.126645,1.90362,0.539445,-0.500776,1.52029,0,0,0
M22685,M,299.9,311.2,1579,35.5,162,-0.106254,1.79982,1.22918,-1.11818,1.58112,0,0,0
L55006,L,299.8,311.1,1300,64.2,165,-0.225136,1.57722,-2.98602,3.09449,1.66639,0,0,0
M22687,M,299.8,311.1,1452,44.3,167,-0.187195,1.58991,-0.946094,1.00191,1.69267,0,0,0
M22688,M,299.8,311.1,1562,35.7,170,-0.211192,1.54286,0.931168,-1.04842,1.78409,0,0,0
L55009,L,299.8,311.2,1664,28.3,173,-0.180138,1.82769,2.04008,-2.40296,1.86853,0,0,0
H37244,H,299.9,311.2,1495,35.8,175,-0.145485,1.77969,-0.126993,-1.05203,1.91236,0,0,0
M22691,M,300,311.4,1533,42.6,180,-0.102256,2.00892,0.558464,0.615188,2.06828,0,0,0
L55012,L,300,311.4,1484,37,183,-0.0927816,1.99618,-0.340765,-0.728293,2.11345,0,0,0
L55013,L,300,311.4,1604,38.7,185,-0.0921404,1.97923,1.50293,-0.322455,2.22839,0,0,0
L55014,L,300,311.4,1483,45.6,187,-0.13727,2.01135,-0.44501,1.3228,2.27996,0,0,0
L55015,L,300.1,311.5,1549,34.7,189,0.0276685,2.12402,0.746366,-1.27393,2.31404,0,0,0
L55016,L,300.1,311.4,1604,35,191,-0.0028439,1.99235,1.53307,-1.23606,2.38603,0,0,0
L55017,L,300.2,311.5,1685,31,193,0.0807263,2.15208,2.17845,-1.95303,2.45616,1,0,0
L55018,L,300.2,311.6,1372,49.2,195,0.0656743,2.21715,-2.36955,2.00027,2.46638,0,0,0
L55019,L,300.3,311.6,1374,47.4,197,0.230325,2.20801,-2.38396,1.67361,2.5857,0,0,0
L55020,L,300.2,311.6,1606,31,199,0.0862283,2.27909,1.49089,-1.98109,2.61659,0,0,0
L55021,L,300.1,311.5,1471,47.2,201,0.029631,2.11473,-0.576896,1.64197,2.66497,0,0,0
L55022,L,300.1,311.5,1659,31.1,203,0.00528343,2.08921,1.99198,-1.98799,2.7231,0,0,0
M22703,M,300.1,311.7,1400,48.5,205,0.0515057,2.29084,-2.00559,1.92428,2.80786,0,0,0
L55024,L,300.1,311.7,1503,42.6,208,0.0483977,2.2856,0.0172785,0.630173,2.83646,0,0,0
L55025,L,300.2,311.8,1798,23.2,210,0.0848896,2.40485,2.65042,-2.80452,2.9096,0,0,0
M22706,M,300.2,311.6,1608,35,212,0.0575989,2.2559,1.53527,-1.2295,2.93152,1,0,1
L55027,L,300.2,311.6,1322,50.9,215,0.102159,2.25222,-2.88329,2.29853,2.97981,0,0,0
H37262,H,300.2,311.6,1547,37.7,217,0.153984,2.27616,0.744996,-0.563173,3.01929,0,0,0
M22709,M,300.3,311.7,1374,47.9,222,0.212337,2.30455,-2.38572,1.81554,3.12838,0,1,1
M22710,M,300.3,311.7,1447,36.8,0,0.281735,2.36094,-1.08907,-0.761626,-3.08675,0,0,0
L55031,L,300.4,311.7,1373,47.2,3,0.312927,2.35106,-2.41392,1.65962,-3.02152,0,0,0
L55032,L,300.3,311.7,1515,37.5,5,0.258352,2.2683,0.210999,-0.606035,-2.9967,0,0,0
L55033,L,300.3,311.7,1317,56.5,7,0.29379,2.314,-2.90848,2.85809,-2.89568,0,0,0
L55034,L,300.3,311.8,1551,37.2,9,0.286934,2.36214,0.761788,-0.668818,-2.83318,0,0,0
M22715,M,300.3,311.8,1592,32.1,11,0.304854,2.38458,1.33555,-1.79493,-2.83803,0,0,0
L55036,L,300.4,311.8,1433,42.2,14,0.356834,2.41399,-1.38066,0.528155,-2.67906,0,0,0
L55037,L,300.5,311.9,1432,43.1,16,0.448481,2.51669,-1.41509,0.730177,-2.62242,0,0,0
L55038,L,300.5,311.9,1350,51.7,18,0.475521,2.51882,-2.65575,2.44408,-2.59481,1,0,0
M22719,M,300.5,311.9,1370,44.8,20,0.472626,2.50394,-2.45199,1.15187,-2.53495,0,0,0
L55040,L,300.5,312,1415,44.6,23,0.501612,2.59956,-1.73105,1.08309,-2.43399,0,0,0
L55041,L,300.5,312,1498,42.9,25,0.476594,2.56029,-0.0670241,0.687067,-2.39521,0,0,0
M22722,M,300.5,312,1382,54.1,27,0.489244,2.54256,-2.23825,2.66797,-2.29033,0,0,0
M22723,M,300.5,311.9,1511,44.5,30,0.477821,2.4862,0.126732,1.06943,-2.23742,0,0,0
L55044,L,300.5,311.9,1330,59.5,33,0.470626,2.52731,-2.87832,2.96912,-2.14858,0,0,0
L55045,L,300.5,311.9,1383,50.5,35,0.47459,2.52942,-2.24262,2.21968,-2.07978,1,0,1
L55046,L,300.5,311.9,1431,49.4,37,0.462508,2.52247,-1.41234,2.07411,-2.01301,0,0,0
L55047,L,300.5,312,1461,38.1,39,0.453252,2.54857,-0.829147,-0.451589,-1.96235,0,0,0
H37282,H,300.4,311.9,1438,46.7,41,0.357673,2.52774,-1.28515,1.55132,-1.91921,0,0,0
M22729,M,300.5,312,1779,27.7,46,0.474398,2.57761,2.63117,-2.4664,-1.77629,1,0,0
M22730,M,300.6,312.1,1293,52.3,49,0.596228,2.62118,-3.08934,2.45884,-1.70813,0,0,0
L55051,L,300.6,312.2,1308,54.7,52,0.63883,2.68094,-2.98284,2.71617,-1.61782,0,0,0
L55052,L,300.6,312.3,1532,37.2,54,0.598807,2.73519,0.492935,-0.686939,-1.50462,0,0,0
L55053,L,300.7,312.4,1470,38.6,56,0.902571,2.77647,-0.617869,-0.364606,-1.4847,1,0,1
L55054,L,300.7,312.3,1548,37.9,58,0.853147,2.73948,0.741247,-0.502445,-1.44103,1,0,0
L55055,L,300.7,312.3,1898,24,60,0.863381,2.76856,2.87573,-2.77607,-1.3557,0,0,0
H37290,H,300.7,312.2,1335,49,62,0.876593,2.68535,-2.77952,2.00019,-1.2936,1,0,0
L55057,L,300.7,312.3,1420,53.8,67,0.860604,2.78549,-1.64288,2.67173,-1.16644,1,0,1
L55058,L,300.7,312.3,1418,49,69,0.874252,2.7239,-1.68519,1.99752,-1.07987,1,0,0
M22739,M,300.8,312.3,1535,40.3,71,0.918055,2.75077,0.556774,0.0592984,-1.07471,0,0,0
H37294,H,300.7,312.4,1457,47.2,74,0.882659,2.76835,-0.883254,1.66339,-1.01256,0,0,0
L55061,L,300.8,312.4,1493,39.1,79,0.968279,2.77744,-0.211535,-0.218186,-0.813729,1,0,0
H37296,H,300.7,312.3,1670,27.3,81,0.900848,2.76574,2.08764,-2.49467,-0.738293,1,0,0
H37297,H,300.7,312.3,1446,45.4,86,0.908243,2.75789,-1.12095,1.2539,-0.610933,1,0,0
L55064,L,300.8,312.4,1465,59.1,91,0.954446,2.80383,-0.771814,2.96008,-0.488507,1,1,1
L55065,L,300.7,312.3,1590,36.3,93,0.879334,2.7399,1.32462,-0.905797,-0.405949,0,0,0
M22746,M,300.6,312.2,2174,18.5,95,0.616023,2.68372,3.05652,-3.03277,-0.363223,0,0,0
L55067,L,300.7,312.4,1590,37.9,98,0.879698,2.82275,1.33695,-0.496942,-0.314052,0,0,0
L55068,L,300.7,312.3,1577,33.2,100,0.873251,2.72879,1.19373,-1.56566,-0.228888,1,0,1
M22749,M,300.7,312.4,1371,61.7,102,0.901377,2.7957,-2.41313,3.04309,-0.150305,1,0,1
L55070,L,300.8,312.4,1767,25.6,105,0.919727,2.83325,2.58065,-2.6606,-0.0960589,0,0,0
L55071,L,300.8,312.5,1517,39.2,107,0.967897,2.81665,0.22164,-0.187964,-0.00495867,1,0,0
M22752,M,300.9,312.6,1555,40.6,109,1.06277,2.84255,0.861786,0.167719,0.0107801,1,0,1
L55073,L,300.9,312.7,1416,43.8,112,1.03041,2.91213,-1.74264,0.867767,0.137178,1,0,0
M22754,M,300.8,312.6,1588,35.6,114,0.938493,2.87896,1.30489,-1.07672,0.171648,1,0,0
L55075,L,300.8,312.6,1422,50,117,0.959197,2.85131,-1.60999,2.18616,0.275433,1,0,1
L55076,L,300.8,312.6,1376,53.6,119,0.92561,2.87212,-2.36352,2.60422,0.303845,1,0,1
L55077,L,300.8,312.5,1434,50.7,121,0.891918,2.83891,-1.37392,2.24884,0.381561,0,0,0
L55078,L,300.8,312.5,1423,47.3,123,0.937676,2.85813,-1.57833,1.66857,0.418091,1,0,0
L55079,L,300.9,312.4,1364,52.5,125,1.05938,2.82813,-2.50772,2.51244,0.48497,0,0,0
L55080,L,300.8,312.4,1825,23.8,127,0.93094,2.84859,2.75477,-2.8055,0.555869,0,0,0
L55081,L,300.8,312.4,1365,44.5,129,0.943219,2.8221,-2.47271,1.04417,0.613144,1,0,1
M22762,M,300.7,312.3,1430,47.2,131,0.75122,2.72257,-1.43016,1.64989,0.682303,0,0,0
L55083,L,300.8,312.3,1435,44.8,134,0.92379,2.70254,-1.32655,1.14255,0.756516,1,0,0
M22764,M,300.8,312.4,1811,25.1,136,0.884846,2.82077,2.7207,-2.69549,0.808652,0,0,0
M22765,M,300.8,312.4,1465,43.7,139,0.90272,2.82819,-0.735138,0.867997,0.901212,1,0,0
L55086,L,300.9,312.4,1372,51,142,1.07626,2.82059,-2.40008,2.31688,1.00713,0,0,0
L55087,L,300.8,312.3,1858,26.3,144,0.899781,2.69738,2.82126,-2.61359,1.07179,1,0,0
L55088,L,300.7,312.3,1715,26.8,146,0.721487,2.71362,2.38285,-2.57041,1.0683,1,0,1
L55089,L,300.7,312.2,1590,38.5,148,0.743517,2.68052,1.32786,-0.39483,1.13642,0,0,0
M22770,M,300.8,312.2,1664,25.7,150,0.891039,2.64069,2.07471,-2.66656,1.2357,1,0,1
L55091,L,300.7,312.1,1512,36.9,153,0.744964,2.66374,0.161116,-0.790642,1.28505,1,0,1
L55092,L,300.7,312.1,1498,44,155,0.750004,2.59947,-0.121931,0.985333,1.39244,1,0,1
L55093,L,300.7,312.1,1395,41.9,157,0.735972,2.66279,-2.09942,0.440877,1.45498,1,0,1
H37328,H,300.7,312.1,1490,43.1,159,0.788263,2.64901,-0.221547,0.733903,1.50577,0,0,0
H37329,H,300.8,312.1,1527,35.1,164,0.903354,2.5876,0.437118,-1.19028,1.62268,1,0,0
L55096,L,300.8,312.1,1512,37.1,169,0.904214,2.64624,0.146418,-0.725894,1.74626,0,0,0
L55097,L,300.9,312.1,1474,42.4,171,1.06552,2.65477,-0.548918,0.537771,1.79967,1,0,0
L55098,L,300.8,312.1,1505,41.3,173,0.88869,2.63307,0.0598459,0.292375,1.86924,0,0,0
L55099,L,300.8,312,1496,40,175,0.894877,2.55148,-0.107535,-0.0109294,1.90448,1,0,0
L55100,L,300.8,312,1382,49.3,177,0.894796,2.59645,-2.28749,2.05206,2.02273,1,0,0
L55101,L,300.7,311.9,1419,47.7,179,0.768478,2.53471,-1.66095,1.78663,2.05092,0,0,0
L55102,L,300.7,311.9,1462,39.7,181,0.787085,2.50132,-0.797982,-0.121868,2.12463,1,0,1
M22783,M,300.8,312,1450,45,183,0.975946,2.5845,-0.984101,1.2019,2.14601,1,0,1
H37338,H,300.7,311.9,1389,46.5,186,0.769575,2.49257,-2.14079,1.49832,2.25975,0,0,0
M22785,M,300.7,311.9,1697,28.2,191,0.778474,2.48458,2.2977,-2.36624,2.4121,1,0,0
L55106,L,300.7,311.9,1335,57.1,194,0.786861,2.51467,-2.79103,2.86817,2.50551,0,1,1
L55107,L,300.7,311.9,1476,42,196,0.761004,2.52214,-0.496963,0.475643,2.52886,0,0,0
L55108,L,300.6,311.7,1497,43.6,198,0.642472,2.29978,-0.12006,0.882804,2.61587,1,0,1
M22789,M,300.6,311.6,1669,29.2,200,0.6207,2.22267,2.11179,-2.26296,2.65605,0,0,0
L55110,L,300.6,311.6,1455,48,203,0.591037,2.23014,-0.931897,1.8434,2.75245,0,0,0
L55111,L,300.7,311.7,1499,38.4,205,0.778306,2.27347,-0.0673118,-0.369978,2.78576,0,0,0
L55112,L,300.7,311.8,1478,41.9,207,0.752986,2.46325,-0.501409,0.430955,2.83789,0,0,0
L55113,L,300.8,311.8,1928,21.8,209,1.01468,2.45544,2.93108,-2.9293,2.91834,0,0,0
M22794,M,300.8,311.9,1621,28.3,211,1.03436,2.51904,1.67571,-2.34959,2.91456,0,0,0
M22795,M,300.8,311.9,1356,44.3,214,1.02709,2.51982,-2.60309,1.00256,2.94376,0,0,0
L55116,L,300.8,311.7,1490,46.4,217,1.0315,2.25875,-0.220019,1.48289,3.01182,0,0,0
L55117,L,300.8,311.7,1578,31.4,219,1.0133,2.30443,1.20057,-1.86249,3.0338,0,0,0
L55118,L,300.8,311.7,1681,31.3,221,0.992306,2.30024,2.17058,-1.91956,3.03619,1,0,0
L55119,L,300.8,311.8,1417,43.4,223,0.994266,2.45741,-1.67714,0.796612,3.05461,1,0,0
M22800,M,300.7,311.7,1532,40,0,0.71768,2.33462,0.46786,-0.0530559,-3.13499,0,0,0
M22801,M,300.7,311.7,1499,38.9,3,0.743215,2.30487,-0.0794551,-0.300167,-3.01263,0,0,0
L55122,L,300.8,311.7,1432,45.8,6,0.984684,2.30038,-1.41631,1.36811,-2.94706,0,0,0
L55123,L,300.8,311.7,1753,29,8,0.991807,2.2763,2.5246,-2.28717,-2.85447,0,0,0
L55124,L,300.8,311.7,1414,49,10,0.994133,2.297,-1.74609,2.01174,-2.85935,0,0,0
L55125,L,300.8,311.7,1655,32.2,12,0.987107,2.298,2.01241,-1.79289,-2.73669,0,0,0
L55126,L,300.8,311.6,1516,35.6,14,0.963168,2.25621,0.229378,-1.09861,-2.71609,1,0,1
L55127,L,300.8,311.7,1426,45.5,16,0.971617,2.30967,-1.53527,1.30575,-2.6245,0,0,0
L55128,L,300.8,311.7,1479,39.4,18,0.975621,2.3085,-0.458645,-0.124895,-2.57451,0,0,0
M22809,M,300.7,311.5,1569,36.4,20,0.787349,2.17884,1.03083,-0.8895,-2.52255,0,0,0
L55130,L,300.8,311.6,1568,36,23,0.937371,2.22478,1.08359,-0.992911,-2.46051,0,0,0
M22811,M,300.9,311.8,1843,24.5,25,1.04569,2.4541,2.80147,-2.77626,-2.36123,1,0,0
M22812,M,300.9,311.9,1480,40.9,28,1.06437,2.49536,-0.405002,0.186454,-2.33239,1,0,1
L55133,L,301,312,1447,36.8,31,1.13323,2.55984,-1.10029,-0.777068,-2.24637,0,0,0
L55134,L,301,311.9,1454,41.9,33,1.13436,2.50516,-0.949789,0.398121,-2.12848,1,0,0
M22815,M,300.9,311.9,1310,56.1,35,1.083,2.4715,-2.97887,2.80714,-2.08618,0,0,0
H37370,H,300.9,311.9,1513,38,38,1.04265,2.51508,0.180488,-0.490398,-1.99714,0,0,0
H37371,H,300.9,311.9,2140,16.5,43,1.09918,2.48323,3.07404,-3.07183,-1.86823,1,0,0
L55138,L,301,312.1,1377,49.9,48,1.14039,2.62269,-2.35241,2.144,-1.68351,1,0,0
L55139,L,301,312.1,1585,32.3,50,1.08751,2.66047,1.24207,-1.73177,-1.66678,0,0,0
H37374,H,301.1,312.2,1491,42.6,52,1.26861,2.6601,-0.214887,0.622296,-1.59779,1,0,1
L55141,L,301,312.2,1264,59,57,1.13958,2.67421,-3.10382,2.98396,-1.47378,1,0,1
L55142,L,301,312.2,1372,47,59,1.12933,2.68811,-2.42945,1.61055,-1.39212,0,0,0
L55143,L,301,312.2,1510,39.9,61,1.13087,2.67473,0.115677,-0.0399419,-1.33354,1,0,0
L55144,L,300.9,312.1,1423,40.2,63,1.04132,2.61204,-1.57429,0.0403829,-1.27004,1,0,1
L55145,L,301.1,312.3,1464,35.3,65,1.26508,2.6898,-0.760199,-1.13213,-1.23334,1,0,1
L55146,L,301,312.2,1602,35.9,67,1.10752,2.69405,1.44596,-1.0267,-1.14978,0,0,0
M22827,M,301,312.2,1629,32.6,69,1.09241,2.73189,1.77831,-1.65337,-1.09784,1,0,0
L55148,L,300.9,312.2,1811,23.2,72,1.06231,2.70061,2.7159,-2.83684,-1.03768,0,0,0
L55149,L,300.9,312.1,1711,28.8,74,1.04213,2.65207,2.37012,-2.31057,-0.976964,0,0,0
M22830,M,300.9,312.1,1297,48.6,76,1.10304,2.61925,-3.05943,1.93546,-0.934151,1,0,0
L55151,L,301,312.1,1405,46.1,79,1.1704,2.6134,-1.89375,1.42132,-0.831791,1,0,0
L55152,L,301.1,312.2,1397,54.9,81,1.23056,2.69237,-2.02467,2.73023,-0.757542,0,0,0
L55153,L,301.1,312.3,1682,29.7,83,1.26942,2.717,2.17371,-2.22559,-0.749935,1,0,0
L55154,L,301.2,312.3,1528,38.4,85,1.29887,2.73511,0.459017,-0.403631,-0.637445,0,0,0
M22835,M,301.2,312.3,1548,38.3,87,1.29932,2.74628,0.751896,-0.451225,-0.573448,0,0,0
H37390,H,301.2,312.4,1395,47.8,90,1.24258,2.81339,-2.01524,1.81948,-0.472565,1,0,1
L55157,L,301.2,312.4,1378,59,95,1.27197,2.82575,-2.32847,2.98031,-0.379954,1,0,0
L55158,L,301.2,312.4,1480,53.5,97,1.27363,2.81675,-0.413611,2.58028,-0.306078,1,0,0
M22839,M,301.2,312.4,1428,36.6,99,1.29082,2.82145,-1.48778,-0.836891,-0.273053,1,0,0
M22840,M,301.2,312.4,1505,39.6,102,1.30191,2.77761,0.0635088,-0.138955,-0.175622,1,0,1
L55161,L,301,312.3,1445,36.4,105,1.14979,2.75481,-1.13746,-0.899262,-0.107966,1,0,1
L55162,L,301,312.3,1488,42.6,107,1.13715,2.7361,-0.262818,0.593807,-0.0204965,0,0,0
L55163,L,301,312.2,1601,33,109,1.15098,2.72757,1.46869,-1.62801,0.0126708,0,0,0
L55164,L,301,312.3,1550,34.9,111,1.13908,2.71698,0.775023,-1.27705,0.0768196,1,0,1
L55165,L,301,312.2,1540,34.1,113,1.12537,2.66882,0.600205,-1.40062,0.13878,1,0,0
L55166,L,301.1,312.3,1587,34.5,115,1.27642,2.7255,1.25844,-1.33228,0.228482,1,0,0
H37401,H,301,312.2,1489,40.3,117,1.14116,2.67447,-0.258763,0.0531488,0.260138,1,0,0
L55168,L,301.1,312.3,1486,34.9,122,1.27096,2.70931,-0.339556,-1.24186,0.413766,0,0,0
L55169,L,301.1,312.4,1430,37.9,124,1.25569,2.77051,-1.42144,-0.537217,0.449351,0,0,0
M22850,M,301.1,312.4,1809,25.1,126,1.31458,2.76916,2.69902,-2.67982,0.550799,0,0,0
L55171,L,301.1,312.3,1534,39,129,1.24632,2.70536,0.52522,-0.246805,0.600199,0,0,0
M22852,M,301.1,312.3,1852,25.9,131,1.29265,2.73169,2.83265,-2.641,0.679093,1,0,0
L55173,L,301.1,312.3,1595,31.9,134,1.28123,2.71809,1.35452,-1.82171,0.71475,1,0,1
L55174,L,301,312.3,1424,43.5,136,1.11517,2.7239,-1.55116,0.84827,0.831962,1,0,0
L55175,L,301,312.2,1776,28.8,138,1.12532,2.64502,2.65043,-2.31398,0.867344,1,0,0
M22856,M,301,312.2,1499,41.5,140,1.09867,2.65049,-0.0511687,0.343619,0.936805,1,0,1
M22857,M,301,312.2,2710,9.7,143,1.1021,2.68926,3.11024,-3.14159,1.0203,1,1,1
L55178,L,300.9,312.1,1359,51.7,146,1.04526,2.63256,-2.55459,2.42479,1.06725,0,0,0
M22859,M,300.9,312.1,1617,31,148,1.07476,2.6728,1.64296,-1.97102,1.13476,1,0,1
M22860,M,300.8,312,1443,53.3,151,0.974003,2.6159,-1.18882,2.55199,1.24743,0,0,0
L55181,L,300.8,312,1374,50.2,154,0.980988,2.60924,-2.39654,2.16047,1.32362,1,0,1
M22862,M,300.9,312.1,1851,23,156,1.0651,2.6691,2.78701,-2.88055,1.35843,0,0,0
M22863,M,300.8,312,1274,67.3,159,0.965222,2.62069,-3.11575,3.10481,1.46769,1,0,1
L55184,L,300.9,312,1533,44,162,1.05497,2.59962,0.486026,0.956631,1.57271,1,0,0
L55185,L,300.8,312,1477,37.3,164,0.994971,2.61571,-0.470563,-0.66644,1.61383,1,0,1
L55186,L,300.9,312.1,1462,46,166,1.02326,2.64766,-0.773972,1.40277,1.68754,0,0,0
M22867,M,301,312.1,1664,28.4,168,1.11869,2.62131,2.06243,-2.39232,1.71712,0,0,0
L55188,L,300.8,311.9,1414,41.1,171,0.956217,2.46546,-1.72932,0.235604,1.79865,1,0,1
H37423,H,300.9,312,2129,17.8,173,1.04874,2.60294,3.08823,-3.0616,1.86376,0,0,0
L55190,L,300.8,311.8,1323,61.1,178,0.972274,2.48526,-2.89165,3.01655,2.00958,1,0,1
L55191,L,300.8,311.8,1427,43.3,180,1.01198,2.4551,-1.4536,0.773869,2.10107,0,0,0
M22872,M,300.9,312,1375,56.1,182,1.05117,2.59139,-2.35133,2.84239,2.13521,1,0,1
M22873,M,300.9,312,1402,50.7,185,1.06362,2.58657,-1.94957,2.28613,2.23919,0,0,0
L55194,L,300.9,312,1500,44.2,188,1.05653,2.62041,-0.0664605,0.984647,2.3287,0,0,0
M22875,M,301,312,1558,37.5,190,1.13085,2.57403,0.932274,-0.629636,2.40697,1,0,0
M22876,M,300.9,312,1447,41.4,193,1.02189,2.57411,-1.06581,0.356904,2.49123,1,0,0
L55197,L,301,312,1518,39.3,196,1.11566,2.58931,0.270776,-0.173167,2.53397,0,0,0
L55198,L,301,311.9,1889,23.5,198,1.12404,2.44931,2.89146,-2.84351,2.59505,1,0,0
L55199,L,301,312.1,1675,30.7,200,1.13217,2.65173,2.11691,-2.01108,2.65828,1,0,1
H37434,H,300.9,312,1720,27.9,202,1.0354,2.55373,2.40283,-2.44833,2.72411,1,0,0
M22881,M,301,312,1499,34.6,207,1.1504,2.61751,-0.0701027,-1.35603,2.85297,0,0,0
L55202,L,300.9,312,1441,43.8,210,1.06931,2.59763,-1.21753,0.899953,2.90109,0,0,0
H37437,H,300.9,312,1397,42.7,212,1.06826,2.61928,-2.00955,0.621173,2.91327,0,0,0
L55204,L,300.9,312,1493,38.7,217,1.06614,2.60721,-0.15288,-0.327009,3.01669,0,0,0
M22885,M,300.8,312,1422,50.7,219,0.947813,2.61539,-1.55216,2.25815,3.04236,1,0,1
L55206,L,300.7,311.9,1399,50.2,222,0.747182,2.49219,-1.99794,2.21542,3.08924,1,1,1
L55207,L,300.6,311.9,1425,44.9,224,0.651209,2.49528,-1.55784,1.14665,3.11949,0,0,0
L55208,L,300.6,311.8,1501,44.8,226,0.644289,2.44443,-0.0358707,1.12046,3.11778,0,0,0
M22889,M,300.6,311.9,1629,35.3,0,0.630105,2.49738,1.75894,-1.13826,-3.07134,0,0,0
L55210,L,300.6,312,1490,42.2,3,0.646519,2.56033,-0.215609,0.497692,-3.03201,0,0,0
L55211,L,300.7,312,1550,32.4,5,0.73139,2.53935,0.761631,-1.74598,-2.95829,0,0,0
L55212,L,300.8,312,1416,46.5,7,1.0421,2.55462,-1.70172,1.52236,-2.8705,0,0,0
L55213,L,300.7,311.9,1485,38.8,9,0.725724,2.46259,-0.330344,-0.313568,-2.86512,1,0,1
L55214,L,300.7,311.8,1564,36.8,11,0.742198,2.44944,0.989011,-0.795197,-2.78523,0,0,0
L55215,L,300.7,311.7,1910,19.7,13,0.754291,2.33012,2.89211,-3.00621,-2.69973,1,0,1
L55216,L,300.7,311.7,1460,46.1,15,0.802229,2.2979,-0.796844,1.43223,-2.64519,0,0,0
L55217,L,300.7,311.8,1603,34.1,17,0.718959,2.43178,1.47203,-1.40219,-2.61962,0,0,0
L55218,L,300.7,311.8,1486,47.3,19,0.823109,2.44674,-0.330336,1.67773,-2.55524,1,0,0
L55219,L,300.8,311.9,1560,31.8,21,0.989713,2.49156,0.912095,-1.8256,-2.46048,0,0,0
L55220,L,300.8,311.9,1498,39.3,23,0.890394,2.48253,-0.109534,-0.196783,-2.43153,0,0,0
H37455,H,300.8,311.9,1431,48.5,25,0.985641,2.5208,-1.3561,1.89604,-2.38823,0,0,0
L55222,L,300.8,311.9,1486,45.1,30,1.0087,2.49754,-0.317066,1.19516,-2.2279,0,0,0
L55223,L,300.7,311.9,1486,35.8,32,0.830886,2.49624,-0.334584,-1.03974,-2.17273,1,0,1
L55224,L,300.7,311.8,1441,38.1,34,0.814009,2.45417,-1.2007,-0.47511,-2.10464,0,0,0
M22905,M,300.7,311.9,1366,55.1,36,0.799668,2.50942,-2.48209,2.73946,-2.04592,0,0,0
L55226,L,300.6,311.8,1471,41.4,39,0.598987,2.45456,-0.601369,0.331887,-1.96786,0,0,0
L55227,L,300.6,311.9,1463,38.2,41,0.627871,2.52743,-0.723218,-0.410676,-1.88586,1,0,1
L55228,L,300.6,311.9,1413,41.3,43,0.600383,2.55406,-1.75302,0.264969,-1.88245,0,0,0
H37463,H,300.6,311.9,1604,30.5,45,0.630619,2.53534,1.47161,-2.03448,-1.76952,0,0,0
L55230,L,300.7,312,1401,51.1,50,0.81343,2.56104,-1.98306,2.33842,-1.68416,1,0,1
L55231,L,300.6,311.8,1652,27.2,52,0.628273,2.41671,1.99656,-2.53531,-1.61586,0,0,0
L55232,L,300.5,311.9,1403,45.7,54,0.59346,2.46799,-1.91917,1.33825,-1.4905,1,0,1
L55233,L,300.5,311.9,1887,21.7,56,0.576872,2.53115,2.86245,-2.92828,-1.48296,1,0,1
L55234,L,300.4,311.8,1405,47.9,58,0.362808,2.45063,-1.88721,1.76799,-1.41014,1,0,0
H37469,H,300.2,311.6,1496,41.1,60,0.0850837,2.2528,-0.12344,0.278654,-1.42477,0,0,0
L55236,L,300.1,311.5,1499,43.4,65,0.0731218,2.11821,-0.0705143,0.826404,-1.20839,0,0,0
L55237,L,300.2,311.5,1549,37.2,67,0.0729123,2.15099,0.757113,-0.669577,-1.16775,0,0,0
L55238,L,300.3,311.6,1515,44.9,69,0.311376,2.21038,0.213138,1.20552,-1.11817,0,0,0
L55239,L,300.2,311.6,1540,37.7,71,0.107059,2.18859,0.581039,-0.602813,-1.04746,0,0,0
H37474,H,300.2,311.5,1426,44.3,73,0.0667687,2.13113,-1.51395,0.956435,-0.983711,0,0,0
M22921,M,300.2,311.6,1465,41.4,78,0.119622,2.24645,-0.721851,0.318977,-0.850157,0,0,0
M22922,M,300.3,311.6,1359,54.1,81,0.249268,2.23445,-2.55069,2.71688,-0.739323,0,0,0
M22923,M,300.3,311.7,1551,36.4,84,0.241682,2.2675,0.763143,-0.882644,-0.699602,0,0,0
L55244,L,300.5,311.8,1596,34.8,87,0.605003,2.44963,1.38885,-1.24852,-0.612664,0,0,0
M22925,M,300.5,311.9,1670,26.3,89,0.56171,2.54063,2.10971,-2.56102,-0.50257,0,0,0
L55246,L,300.4,311.9,1868,21.3,92,0.378684,2.47897,2.8236,-2.96585,-0.451442,0,0,0
M22927,M,300.6,312,1490,39.8,94,0.609748,2.55997,-0.234367,-0.0657191,-0.367945,1,0,1
M22928,M,300.5,311.9,1676,35.2,97,0.592497,2.48767,2.11221,-1.17988,-0.297724,0,0,0
M22929,M,300.5,311.9,1875,22.1,100,0.53037,2.47234,2.85762,-2.9043,-0.208558,1,0,0
M22930,M,300.5,312,1867,23,103,0.586253,2.55582,2.80633,-2.83137,-0.139879,1,0,1
L55251,L,300.5,312,1646,29.5,106,0.579868,2.51609,1.91341,-2.22685,-0.0489677,0,0,0
H37486,H,300.5,312,1375,43.2,108,0.578896,2.55122,-2.36629,0.771941,-0.00392975,0,0,0
L55253,L,300.5,312,1558,36.7,113,0.548952,2.58763,0.873333,-0.815181,0.150214,0,0,0
L55254,L,300.4,312,1631,34.9,115,0.35006,2.58405,1.73919,-1.24626,0.196344,0,0,0
L55255,L,300.4,312,1366,43,117,0.398742,2.54096,-2.48212,0.742201,0.26163,0,0,0
L55256,L,300.3,311.8,1360,48,119,0.243076,2.45131,-2.53407,1.8453,0.307176,0,0,0
L55257,L,300.3,311.8,1547,39.7,121,0.257473,2.43654,0.719502,-0.0878893,0.37629,0,0,0
L55258,L,300.3,311.7,1571,31.2,123,0.231852,2.33546,1.09844,-1.91921,0.429413,0,0,0
L55259,L,300.2,311.5,1528,36.1,125,0.056689,2.11842,0.424755,-0.996849,0.501179,0,0,0
H37494,H,300.2,311.5,1432,43.6,127,0.0981445,2.14834,-1.39605,0.846817,0.510919,0,0,0
L55261,L,300.2,311.6,1356,53.5,132,0.0873242,2.22629,-2.61789,2.59104,0.693209,0,0,0
H37496,H,300.1,311.5,1422,46.2,134,0.0471818,2.17302,-1.59725,1.41851,0.746412,0,0,0
L55263,L,300.1,311.4,1438,42.2,139,0.0650086,2.06163,-1.27665,0.492821,0.882815,0,0,0
L55264,L,300.2,311.4,1483,44.4,141,0.0884593,2.03736,-0.396066,1.02791,0.938485,0,0,0
L55265,L,300.2,311.4,1331,49.8,143,0.123139,2.02264,-2.81472,2.14445,1.00777,0,0,0
L55266,L,300.2,311.4,1463,37.5,145,0.100405,2.01763,-0.761223,-0.647223,1.05345,0,0,0
L55267,L,300.1,311.4,1446,40.6,147,0.0521666,2.04004,-1.12608,0.0984473,1.14211,0,0,0
L55268,L,300.1,311.4,1356,45.7,149,0.0507696,2.0238,-2.61918,1.36532,1.18494,0,0,0
L55269,L,300.1,311.3,1676,30.3,151,0.0680805,1.84103,2.11665,-2.15541,1.25609,0,0,0
L55270,L,300.1,311.4,1910,23,153,0.104555,1.99369,2.93158,-2.82689,1.30702,0,0,0
L55271,L,300.2,311.6,1375,56.9,155,0.0932842,2.24249,-2.34076,2.85834,1.33471,0,0,0
M22952,M,300.2,311.6,1513,40.8,157,0.0864382,2.25536,0.1812,0.17665,1.41243,0,0,0
L55273,L,300.2,311.6,1511,35.7,160,0.126785,2.25791,0.156179,-1.09716,1.48837,0,0,0
H37508,H,300.2,311.6,1662,28.8,162,0.114861,2.25933,2.04005,-2.31538,1.5276,1,0,1
L55275,L,300.2,311.7,1493,48.3,167,0.0808269,2.35642,-0.139116,1.86891,1.69582,0,0,0
M22956,M,300.2,311.7,1555,37.4,169,0.111476,2.36043,0.845517,-0.631144,1.73175,0,0,0
L55277,L,300.3,311.7,1452,41.5,172,0.260933,2.36716,-0.977527,0.33616,1.85607,0,0,0
L55278,L,300.2,311.6,1500,39,174,0.0531562,2.23809,-0.0514875,-0.26717,1.8975,0,0,0
L55279,L,300.2,311.7,1603,30.5,176,0.0803834,2.33107,1.50184,-2.07421,1.98321,0,0,0
L55280,L,300.3,311.7,1682,27.8,178,0.288681,2.35186,2.18275,-2.43962,1.99582,0,0,0
L55281,L,300.3,311.8,1567,37.7,180,0.294002,2.4076,1.0547,-0.600031,2.07634,0,0,0
L55282,L,300.3,311.8,1413,46,182,0.279244,2.44201,-1.76615,1.39568,2.11922,0,0,0
M22963,M,300.3,311.9,1429,41.6,184,0.287246,2.53234,-1.46794,0.306218,2.19162,0,0,0
L55284,L,300.3,311.9,1692,31.5,187,0.260199,2.51224,2.24008,-1.88734,2.25843,0,0,0
L55285,L,300.4,311.9,1476,48.7,189,0.362231,2.50439,-0.527854,1.9338,2.30486,0,0,0
M22966,M,300.4,312,1596,30.4,191,0.361516,2.5941,1.41396,-2.09538,2.39807,0,0,0
H37521,H,300.3,311.9,1390,49,194,0.247174,2.50456,-2.13663,2.039,2.47453,0,0,0
M22968,M,300.3,311.8,1607,33.7,199,0.254941,2.41221,1.48469,-1.46144,2.66316,0,0,0
L55289,L,300.3,311.7,1821,26.3,202,0.252309,2.3456,2.72094,-2.63089,2.70426,0,0,0
H37524,H,300.3,311.8,2141,18.5,204,0.29403,2.39728,3.06061,-3.04008,2.7372,0,0,0
M22971,M,300.4,311.8,1553,33.1,209,0.358435,2.43727,0.837242,-1.57716,2.87541,1,1,1
M22972,M,300.4,311.8,1442,45.1,0,0.314085,2.43341,-1.20086,1.18362,-3.10225,0,0,0
L55293,L,300.4,311.7,1459,45.6,3,0.366911,2.36324,-0.833242,1.32376,-3.02615,1,0,1
H37528,H,300.4,311.8,2496,13.5,5,0.352704,2.43547,3.09625,-3.14159,-2.95293,1,0,1
L55295,L,300.4,311.8,1367,57.2,10,0.394365,2.46927,-2.42381,2.8824,-2.85463,0,0,0
L55296,L,300.3,311.8,2004,19.6,12,0.253083,2.41442,2.9952,-3.0115,-2.72035,1,0,1
L55297,L,300.3,311.7,1406,47.5,14,0.298723,2.34574,-1.84808,1.72966,-2.70822,1,0,0
L55298,L,300.3,311.8,1548,33,16,0.250463,2.39928,0.737985,-1.61047,-2.65661,0,0,0
L55299,L,300.3,311.7,1333,55.2,18,0.260705,2.35666,-2.78015,2.73976,-2.56663,0,0,0
L55300,L,300.2,311.6,1767,26.4,20,0.131161,2.19851,2.60125,-2.63263,-2.53742,0,0,0
L55301,L,300.2,311.6,1827,27,22,0.16125,2.14818,2.72221,-2.59002,-2.4698,0,0,0
M22982,M,300.2,311.6,1533,46.4,24,0.116364,2.17028,0.495227,1.49453,-2.3758,0,0,0
H37537,H,300.2,311.5,1515,36.8,27,0.0970553,2.14812,0.196249,-0.759855,-2.33349,0,0,0
L55304,L,300.2,311.4,1568,41,32,0.11074,2.00044,1.04862,0.199942,-2.19758,0,0,0
L55305,L,300.2,311.4,1452,47.8,34,0.151635,2.03592,-0.966167,1.80283,-2.11278,0,0,0
L55306,L,300.2,311.4,1433,37.9,36,0.112824,2.02387,-1.38924,-0.520615,-2.04411,0,0,0
M22987,M,300.1,311.3,1650,33.8,38,-0.0206497,1.83954,1.92186,-1.46544,-1.97356,0,0,0
L55308,L,300.1,311.4,1629,31.3,41,-0.0412487,2.03825,1.77119,-1.92842,-1.91596,0,0,0
L55309,L,300,311.3,1520,39.2,43,-0.0912149,1.8282,0.313053,-0.217167,-1.84837,0,0,0
H37544,H,300,311.2,1393,43.1,45,-0.09719,1.73245,-2.07459,0.738196,-1.80478,0,0,0
H37545,H,299.9,311.2,1364,49.6,50,-0.133274,1.79032,-2.52302,2.11579,-1.67438,0,0,0
M22992,M,299.9,311.3,1389,50,55,-0.148571,1.86273,-2.18288,2.16118,-1.47459,0,0,0
L55313,L,299.8,311.1,1466,46.1,58,-0.244775,1.57619,-0.70001,1.41795,-1.40194,0,0,0
L55314,L,299.7,311.1,1650,32.4,60,-0.285732,1.57541,1.94203,-1.73521,-1.39985,0,0,0
L55315,L,299.6,311,1554,36.3,62,-0.351388,1.46447,0.852114,-0.902927,-1.34381,0,0,0
M22996,M,299.6,310.9,1474,39.7,64,-0.362911,1.36278,-0.546208,-0.0890023,-1.26255,0,0,0
H37551,H,299.5,310.8,1600,32.4,67,-0.468465,1.06936,1.44061,-1.71657,-1.16681,0,0,0
L55318,L,299.5,310.8,1356,54.9,72,-0.399655,1.10266,-2.58775,2.73407,-1.02715,0,0,0
L55319,L,299.5,310.8,1571,38.2,74,-0.466815,1.09733,1.09478,-0.478246,-0.970586,0,0,0
L55320,L,299.6,310.9,1658,28,76,-0.361063,1.33119,1.99944,-2.44727,-0.887329,0,0,0
L55321,L,299.6,310.8,1393,49.9,78,-0.386433,1.09798,-2.11697,2.1048,-0.82263,0,0,0
M23002,M,299.7,311,1448,49.8,80,-0.328408,1.41677,-1.04475,2.0928,-0.765177,0,0,0
L55323,L,299.7,310.9,1477,40.4,83,-0.321975,1.3349,-0.488235,0.0998119,-0.709153,0,0,0
M23004,M,299.7,311,1506,42.7,85,-0.329038,1.43938,0.0698215,0.631345,-0.632637,0,0,0
M23005,M,299.7,310.9,1685,32.1,88,-0.354705,1.38023,2.20593,-1.7953,-0.558502,0,0,0
L55326,L,299.6,310.9,1533,31.8,91,-0.351297,1.35633,0.490184,-1.81149,-0.462076,0,0,0
L55327,L,299.5,310.8,1447,41,93,-0.451744,1.10372,-1.09042,0.230099,-0.401549,0,0,0
M23008,M,299.5,310.7,1488,39.5,95,-0.467928,1.04739,-0.254145,-0.159053,-0.371839,0,0,0
M23009,M,299.6,310.8,1427,50.4,98,-0.409373,1.06672,-1.46787,2.24889,-0.303106,0,0,0
M23010,M,299.5,310.7,1424,41.3,101,-0.498222,1.0311,-1.51206,0.30969,-0.195873,0,0,0
L55331,L,299.5,310.7,1472,40.9,104,-0.458541,1.04845,-0.588545,0.229961,-0.110147,0,0,0
L55332,L,299.5,310.7,1438,45.7,106,-0.425435,1.04052,-1.23351,1.34494,-0.0550799,0,0,0
L55333,L,299.6,310.8,1507,42.4,108,-0.409333,1.07668,0.0926465,0.576254,0.00211028,0,0,0
L55334,L,299.6,310.7,1393,52.1,110,-0.389422,1.07869,-2.08116,2.46772,0.0644763,0,0,0
L55335,L,299.5,310.8,1283,52.4,112,-0.472486,1.06995,-3.09417,2.46679,0.089081,0,0,0
L55336,L,299.6,310.8,1644,30.9,114,-0.390814,1.06916,1.85334,-1.97982,0.195343,0,0,0
L55337,L,299.6,310.8,1498,46.9,116,-0.381388,1.10715,-0.0778321,1.59123,0.23133,0,0,0
L55338,L,299.6,310.8,1400,40.8,118,-0.376512,1.10029,-1.98105,0.215164,0.307532,0,0,0
H37573,H,299.6,310.9,1679,31.2,120,-0.360361,1.33753,2.14159,-1.94788,0.354102,0,0,0
M23020,M,299.7,311.1,1618,30.3,125,-0.327506,1.56263,1.64824,-2.11841,0.490712,0,0,0
H37575,H,299.6,311,1714,30.2,128,-0.400904,1.4095,2.41551,-2.10549,0.591285,0,0,0
L55342,L,299.6,311,1574,35,133,-0.4,1.44841,1.13781,-1.2064,0.737308,0,0,0
L55343,L,299.7,311.1,1574,36.4,135,-0.304383,1.58832,1.11874,-0.90795,0.788567,0,0,0
L55344,L,299.6,310.9,1472,40.9,137,-0.425477,1.32938,-0.599996,0.219082,0.848311,0,0,0
L55345,L,299.6,311,1552,33.2,139,-0.398623,1.45975,0.80218,-1.57576,0.906692,0,0,0
L55346,L,299.7,311.1,1603,31.4,141,-0.340417,1.58516,1.44868,-1.92172,0.948076,0,0,0
H37581,H,299.7,311.1,1353,47.1,143,-0.322442,1.603,-2.67602,1.64812,1.05508,0,0,0
L55348,L,299.7,311.1,1690,30.6,148,-0.320241,1.56556,2.18977,-2.02973,1.11929,0,0,0
M23029,M,299.8,311.2,1745,26.3,150,-0.201009,1.72861,2.50886,-2.63501,1.20398,0,0,0
L55350,L,299.9,311.3,1522,45.7,153,-0.116032,1.86289,0.324313,1.33464,1.27063,0,0,0
H37585,H,300,311.4,1641,34.5,155,-0.0572828,1.93158,1.8321,-1.31257,1.32123,0,0,0
L55352,L,299.9,311.4,1596,28.9,160,-0.175586,1.9597,1.34963,-2.2694,1.52561,0,0,0
H37587,H,299.9,311.4,1497,37,162,-0.107833,1.99419,-0.0942662,-0.768208,1.56208,0,0,0
L55354,L,299.9,311.3,1371,52.3,167,-0.104962,1.86108,-2.42958,2.41742,1.70991,0,0,0
M23035,M,299.9,311.3,1445,41.2,169,-0.139547,1.88257,-1.16992,0.250348,1.73558,0,0,0
L55356,L,299.8,311.2,1564,40,172,-0.222155,1.76066,0.987737,0.0207552,1.86234,0,0,0
L55357,L,299.7,311.1,1439,44.9,174,-0.259261,1.59416,-1.26782,1.16005,1.9235,0,0,0
L55358,L,299.7,311.2,1352,52.1,176,-0.286812,1.76899,-2.60846,2.47068,2.01018,0,0,0
L55359,L,299.8,311.3,1560,35.4,178,-0.228538,1.88065,0.917207,-1.09486,2.03307,0,0,0
M23040,M,299.7,311.2,1616,42.3,180,-0.269304,1.77984,1.59939,0.54059,2.10166,0,0,0
L55361,L,299.7,311.2,1835,23.7,183,-0.301531,1.79089,2.78678,-2.83373,2.17991,0,0,0
M23042,M,299.7,311.1,1649,32.7,185,-0.26093,1.55921,1.92834,-1.66803,2.23558,0,0,0
L55363,L,299.8,311.1,1452,47.3,188,-0.194626,1.57699,-0.986239,1.66322,2.30641,0,0,0
L55364,L,299.8,311.1,2144,17.7,190,-0.212456,1.55929,3.09467,-3.10235,2.36643,0,0,0
L55365,L,299.7,311.1,1554,41,192,-0.236649,1.55793,0.879203,0.21779,2.42545,0,0,0
L55366,L,299.7,311,1827,25.4,194,-0.259341,1.42233,2.75727,-2.68098,2.51204,0,0,0
L55367,L,299.6,310.9,1448,46.3,196,-0.387221,1.31942,-1.05701,1.51194,2.55453,0,0,0
M23048,M,299.6,310.9,1530,38.8,198,-0.396081,1.33239,0.46526,-0.322884,2.55612,0,0,0
L55369,L,299.7,311,1983,21,201,-0.281057,1.45189,3.00854,-2.94508,2.69513,0,0,0
M23050,M,299.7,310.9,1620,37.2,203,-0.230444,1.34829,1.6478,-0.703174,2.76175,0,0,0
M23051,M,299.6,310.9,1630,29.8,206,-0.390171,1.32872,1.77125,-2.16027,2.81461,0,0,0
L55372,L,299.6,310.9,1229,65.2,209,-0.363888,1.32849,-3.12404,3.10576,2.87816,0,1,1
L55373,L,299.5,310.8,1873,22.3,211,-0.442705,1.07815,2.83577,-2.8957,2.93152,0,0,0
L55374,L,299.4,310.7,1426,45.7,213,-0.484596,1.0484,-1.48705,1.31943,2.94932,0,0,0
L55375,L,299.4,310.8,1376,53.9,215,-0.483913,1.09461,-2.32987,2.65894,3.01469,0,1,1
L55376,L,299.4,310.8,1622,33.6,217,-0.52123,1.10693,1.69427,-1.48585,2.99396,0,0,0
M23057,M,299.4,310.7,1492,45.7,219,-0.470749,1.08126,-0.215368,1.359,3.01923,0,0,0
M23058,M,299.3,310.7,1374,48.9,222,-0.573721,1.07107,-2.38331,1.98743,3.06048,0,0,0
L55379,L,299.2,310.7,1737,27,225,-0.62067,1.08299,2.43747,-2.52289,3.09448,0,1,1
L55380,L,299.3,310.8,1426,42.4,0,-0.558033,1.0957,-1.46884,0.595312,-3.11836,0,0,0
M23061,M,299.3,310.9,1826,25.1,2,-0.568829,1.32239,2.75899,-2.69088,-3.04828,0,0,0
L55382,L,299.3,310.9,1669,32.4,5,-0.560399,1.32683,2.09229,-1.69541,-2.9724,0,0,0
M23063,M,299.4,310.9,1473,40.1,7,-0.504303,1.33269,-0.584526,0.0434526,-2.88793,0,0,0
L55384,L,299.4,310.9,1751,27.8,10,-0.474495,1.32752,2.5164,-2.43179,-2.8324,0,0,0
M23065,M,299.4,310.9,1446,47.3,12,-0.487777,1.31458,-1.12557,1.68646,-2.75672,0,0,0
L55386,L,299.3,310.8,1483,43.5,15,-0.609326,1.1095,-0.424424,0.851821,-2.66126,0,0,0
L55387,L,299.2,310.7,1535,42.6,17,-0.63799,1.04442,0.535139,0.613613,-2.63212,0,0,0
L55388,L,299.2,310.7,1477,44,19,-0.594821,1.07022,-0.478948,0.948511,-2.55495,0,0,0
L55389,L,299.3,310.8,1391,46.9,21,-0.540524,1.10002,-2.13572,1.5733,-2.49681,0,0,0
H37624,H,299.2,310.7,1636,29.4,23,-0.649441,1.02496,1.84096,-2.23796,-2.4083,0,0,0
L55391,L,299.2,310.6,1675,33.3,28,-0.658585,0.862413,2.12011,-1.54433,-2.2461,0,0,0
H37626,H,299.2,310.5,1329,48.9,30,-0.684385,0.605987,-2.87987,1.96873,-2.24703,0,0,0
M23073,M,299.2,310.5,1548,33.5,35,-0.639062,0.604762,0.749313,-1.46607,-2.09316,0,0,0
L55394,L,299.2,310.5,1391,45.8,38,-0.66043,0.588711,-2.12124,1.35534,-2.00388,0,0,0
L55395,L,299.1,310.5,1437,43.1,40,-0.682797,0.592281,-1.28958,0.722594,-1.96232,0,0,0
L55396,L,299.2,310.6,1370,61.9,42,-0.637604,0.833057,-2.42714,3.04426,-1.92785,0,0,0
L55397,L,299.1,310.6,1577,37.1,44,-0.713208,0.76781,1.17049,-0.696222,-1.85025,0,0,0
L55398,L,299.1,310.5,1485,37.8,46,-0.731243,0.546757,-0.333541,-0.56197,-1.77565,0,0,0
L55399,L,299,310.4,1504,34.3,48,-0.933438,0.392555,0.00803069,-1.36792,-1.69796,0,0,0
M23080,M,298.9,310.3,1551,35.2,50,-1.02899,0.287323,0.777036,-1.15179,-1.64485,0,0,0
M23081,M,299.1,310.5,1428,43,53,-0.701197,0.601653,-1.50115,0.723027,-1.54173,0,0,0
L55402,L,299,310.5,1755,27.9,56,-0.905294,0.576241,2.5456,-2.42942,-1.49967,0,0,0
L55403,L,299.1,310.5,1329,54.9,58,-0.660909,0.542336,-2.85405,2.73846,-1.41746,0,0,0
L55404,L,299.1,310.5,1496,35.2,60,-0.740495,0.546874,-0.113805,-1.18863,-1.39069,0,0,0
L55405,L,299.1,310.5,1532,36.6,62,-0.717376,0.574793,0.500738,-0.896286,-1.2918,0,0,0
L55406,L,299.1,310.5,1389,61.4,64,-0.676502,0.686243,-2.1384,3.01715,-1.24255,0,0,0
M23087,M,299.1,310.4,1524,51.4,66,-0.723789,0.424109,0.376761,2.37176,-1.1658,0,0,0
M23088,M,299.1,310.4,1422,49.3,69,-0.707421,0.414008,-1.61179,2.03808,-1.10767,0,0,0
L55409,L,299.1,310.5,1739,27.4,72,-0.733202,0.682946,2.51098,-2.48862,-1.05336,0,0,0
L55410,L,299.1,310.5,1736,26.9,74,-0.725012,0.669017,2.44907,-2.55119,-0.943838,0,0,0
L55411,L,299.1,310.5,1419,48.8,76,-0.740508,0.631212,-1.6396,1.98126,-0.882852,0,0,0
L55412,L,299.1,310.6,1326,49.7,78,-0.725902,0.775783,-2.83724,2.12533,-0.830221,0,0,0
M23093,M,299.1,310.6,1449,43.2,80,-0.704955,0.784555,-1.03887,0.729247,-0.770321,0,0,0
L55414,L,299.2,310.6,1534,39.7,83,-0.683596,0.807786,0.527903,-0.0895323,-0.701359,0,0,0
M23095,M,299.2,310.6,1443,50.9,85,-0.638849,0.798209,-1.17184,2.30352,-0.648439,0,0,0
L55416,L,299.2,310.6,1498,41.1,88,-0.623459,0.826406,-0.0989776,0.282726,-0.582708,0,0,0
L55417,L,299.1,310.6,1796,26,90,-0.703323,0.786176,2.71176,-2.62021,-0.504539,0,0,0
L55418,L,299.1,310.4,1519,45.3,92,-0.67785,0.442671,0.314004,1.23348,-0.448911,0,0,0
L55419,L,299,310.4,1339,49.6,94,-0.891998,0.412393,-2.77289,2.08533,-0.42907,0,0,0
L55420,L,299,310.4,1483,41.5,96,-0.867038,0.44204,-0.36503,0.373859,-0.352732,0,0,0
M23101,M,298.9,310.2,2099,20,98,-0.976954,0.250445,3.07441,-3.00755,-0.278562,0,0,0
M23102,M,299,310.3,1689,29.7,101,-0.874113,0.314712,2.21175,-2.18813,-0.202762,0,0,0
H37657,H,299.1,310.4,1369,54.5,104,-0.684089,0.412382,-2.46069,2.6809,-0.159963,0,0,0
L55424,L,299,310.4,1512,38.8,109,-0.927883,0.426595,0.140465,-0.32943,0.00647864,0,0,0
M23105,M,299,310.3,1303,68.6,111,-0.912535,0.268415,-2.98456,3.11861,0.111104,0,1,1
L55426,L,299,310.3,1552,39.9,114,-0.892292,0.252544,0.801664,-0.0251994,0.204534,0,0,0
L55427,L,299,310.4,1713,28,116,-0.920169,0.423981,2.39399,-2.37461,0.223102,0,0,0
L55428,L,298.9,310.3,1456,44.1,118,-1.02124,0.256761,-0.875022,1.00306,0.275473,0,0,0
L55429,L,299,310.4,1524,39.8,120,-0.902448,0.408566,0.372104,-0.069868,0.368026,0,0,0
M23110,M,299,310.4,1394,45.2,122,-0.890179,0.391668,-2.09011,1.23716,0.389406,0,0,0
L55431,L,299,310.4,1981,21.2,125,-0.904112,0.389304,3.01386,-2.9489,0.518784,0,0,0
L55432,L,299,310.4,1565,36.1,127,-0.874332,0.446269,1.04082,-0.974645,0.589533,0,0,0
L55433,L,299.1,310.4,1657,31,129,-0.712052,0.40268,1.95343,-1.9506,0.62288,0,0,0
M23114,M,299,310.4,1625,37.1,131,-0.844422,0.405831,1.71095,-0.733789,0.65623,0,0,0
L55435,L,299,310.4,1606,31.1,134,-0.862468,0.442411,1.47736,-1.94926,0.7355,0,0,0
H37670,H,299,310.5,1336,56.8,136,-0.915696,0.686291,-2.78898,2.85503,0.822572,0,0,0
M23117,M,299,310.6,1587,34.2,141,-0.890383,0.709443,1.28418,-1.36644,0.959959,0,0,0
L55438,L,299.1,310.6,1602,39.7,144,-0.733845,0.733303,1.41694,-0.113709,1.05369,0,0,0
L55439,L,299.1,310.5,1471,38.4,146,-0.677549,0.682613,-0.598021,-0.349452,1.12707,0,0,0
H37674,H,299.1,310.6,1332,48,148,-0.716384,0.716647,-2.86486,1.84535,1.15828,0,0,0
H37675,H,299.2,310.6,1434,48.4,153,-0.644946,0.691454,-1.36901,1.92924,1.30153,0,0,0
L55442,L,299.1,310.6,1921,23.9,158,-0.647175,0.746227,2.94967,-2.78136,1.44462,0,0,0
H37677,H,299.2,310.6,1704,30.6,160,-0.656964,0.747057,2.33504,-2.00615,1.49714,0,0,0
M23124,M,299.1,310.6,1397,49.5,165,-0.723327,0.735344,-2.05184,2.09415,1.58929,0,0,0
H37679,H,299.1,310.6,1791,28,168,-0.740845,0.758174,2.67284,-2.43009,1.72337,0,0,0
L55446,L,299.1,310.6,1818,24.1,173,-0.706127,0.74286,2.70828,-2.77421,1.817,0,0,0
L55447,L,299.2,310.7,1540,36.3,175,-0.692424,0.962967,0.612425,-0.894365,1.92966,0,0,0
M23128,M,299.2,310.8,1502,39.8,177,-0.691584,1.15364,-0.0285923,-0.0787946,2.00506,0,0,0
H37683,H,299.2,310.8,1761,30.4,180,-0.665235,1.16888,2.5457,-2.10728,2.07392,0,0,0
M23130,M,299.1,310.8,1517,38.4,185,-0.732464,1.14106,0.249331,-0.385796,2.2494,0,0,0
L55451,L,299.1,310.7,1309,51.1,188,-0.71698,0.979591,-2.95966,2.359,2.27553,0,0,0
L55452,L,298.9,310.6,1363,52.6,190,-1.03612,0.754256,-2.50915,2.53854,2.34736,0,0,0
M23133,M,299,310.6,1787,22.2,192,-0.897917,0.762858,2.66285,-2.93149,2.46865,0,0,0
L55454,L,298.9,310.5,1640,29.2,195,-1.04409,0.660612,1.85117,-2.24781,2.51379,0,0,0
M23135,M,298.9,310.6,1720,25.3,197,-1.01583,0.757788,2.39446,-2.6976,2.56689,0,0,0
L55456,L,298.8,310.5,1384,52.8,200,-1.15451,0.673096,-2.21296,2.53829,2.676,0,0,0
H37691,H,298.8,310.5,1294,55.8,202,-1.18832,0.62643,-3.04446,2.80418,2.70837,0,0,0
L55458,L,298.8,310.5,1464,46.4,207,-1.17319,0.663514,-0.76218,1.49861,2.82694,0,0,0
L55459,L,298.8,310.6,1803,25.4,209,-1.14014,0.749911,2.70231,-2.68716,2.87161,0,0,0
L55460,L,298.8,310.6,1602,39.1,211,-1.15325,0.884222,1.43113,-0.216889,2.92645,0,0,0
H37695,H,298.9,310.6,1519,38.8,213,-1.03153,0.904075,0.255207,-0.30205,2.96158,0,0,0
M23142,M,298.9,310.7,1638,33.6,218,-1.02554,0.954512,1.81807,-1.51008,3.03825,0,0,0
H37697,H,298.9,310.6,1615,33,221,-1.02682,0.909301,1.59019,-1.59178,3.10671,0,0,0
L55464,L,298.8,310.6,1651,33.3,0,-1.18992,0.905573,1.94775,-1.55744,-3.11418,0,0,0
L55465,L,298.9,310.6,1387,52.7,2,-1.01283,0.838689,-2.16099,2.5363,-3.02774,0,0,0
M23146,M,298.8,310.5,1678,32.8,4,-1.196,0.568942,2.15204,-1.66895,-2.98588,0,0,0
L55467,L,298.9,310.6,1585,38.1,7,-1.03778,0.843583,1.23673,-0.448772,-2.90383,0,0,0
M23148,M,298.8,310.6,1640,33.8,9,-1.16338,0.879625,1.82098,-1.43688,-2.85854,0,0,0
L55469,L,298.9,310.6,1406,43.8,12,-1.03193,0.885802,-1.89678,0.904892,-2.79053,0,0,0
M23150,M,298.9,310.6,1679,35.8,14,-1.01381,0.860512,2.15008,-1.06078,-2.68958,0,0,0
L55471,L,298.9,310.5,1717,26.9,17,-0.965464,0.609434,2.38252,-2.55425,-2.61579,0,0,0
H37706,H,298.9,310.5,1429,39.9,19,-1.05611,0.636233,-1.49147,-0.0196246,-2.56222,0,0,0
M23153,M,298.9,310.4,1533,44.4,24,-1.04273,0.405144,0.493496,1.0338,-2.40436,0,0,0
M23154,M,298.9,310.5,1525,38.5,27,-1.05355,0.617842,0.376638,-0.363974,-2.27957,0,0,0
L55475,L,298.9,310.4,1739,26.3,30,-1.06212,0.425575,2.49049,-2.60747,-2.23269,0,0,0
L55476,L,298.9,310.3,1436,39,32,-1.03591,0.306573,-1.3241,-0.266382,-2.17642,0,0,0
M23157,M,298.8,310.2,1595,33.1,34,-1.04705,0.23094,1.35138,-1.59253,-2.09623,0,0,0
H37712,H,298.7,310.1,1435,45.6,37,-1.24425,0.128614,-1.33624,1.30429,-2.0485,0,0,0
L55479,L,298.7,310,1637,31.8,42,-1.20453,0.00726711,1.86186,-1.83019,-1.89608,0,0,0
L55480,L,298.7,310.1,1558,37.6,44,-1.23907,0.140926,0.894305,-0.61916,-1.81348,0,0,0
M23161,M,298.7,310.1,1644,34.1,46,-1.21771,0.165393,1.8813,-1.40076,-1.78975,0,0,0
L55482,L,298.7,310.1,1641,31.1,49,-1.20846,0.137599,1.87486,-1.96815,-1.67894,0,0,0
L55483,L,298.8,310.2,1504,41,51,-1.06219,0.214015,0.0165711,0.246816,-1.64283,0,0,0
M23164,M,298.7,310.1,1506,50.7,53,-1.22466,0.0984764,0.0398912,2.25938,-1.55724,0,0,0
H37719,H,298.8,310.1,1380,44,56,-1.09327,0.111668,-2.2798,0.931961,-1.45732,0,0,0
M23166,M,298.7,310.1,1549,42.5,61,-1.24601,-0.0120756,0.767521,0.583189,-1.33431,0,0,0
M23167,M,298.7,310.1,1402,69.7,64,-1.199,-0.0240242,-1.91796,3.14159,-1.24049,0,1,1
L55488,L,298.7,310.1,1401,45.3,67,-1.22688,-0.0103234,-1.94983,1.27072,-1.15847,0,0,0
M23169,M,298.7,310,1459,40.2,69,-1.26519,-0.0161262,-0.838822,0.0215465,-1.14956,0,0,0
L55490,L,298.7,309.9,1465,39.7,72,-1.23727,-0.150852,-0.716693,-0.130723,-1.0003,0,0,0
M23171,M,298.8,310,1295,52.7,74,-1.07104,-0.0738291,-3.04398,2.54441,-0.92462,0,0,0
M23172,M,298.8,310,1529,38.5,77,-1.06774,-0.0503972,0.473184,-0.354493,-0.924712,0,0,0
M23173,M,298.8,310,1484,44.9,80,-1.06907,-0.0204717,-0.359123,1.20983,-0.811975,0,0,0
L55494,L,298.8,309.9,1739,30.6,83,-1.05234,-0.152573,2.48842,-2.035,-0.690919,0,0,0
H37729,H,298.7,309.8,1422,40.7,85,-1.27652,-0.31112,-1.58662,0.184215,-0.666646,0,0,0
L55496,L,298.8,309.8,1463,40,90,-1.09036,-0.325236,-0.763633,-0.0687016,-0.544393,0,0,0
L55497,L,298.7,309.7,1667,30.4,92,-1.28351,-0.476591,2.07202,-2.15495,-0.434122,0,0,0
H37732,H,298.7,309.7,1565,39.3,94,-1.22703,-0.48681,0.994321,-0.160363,-0.431124,0,0,0
L55499,L,298.7,309.7,1393,45.7,99,-1.23847,-0.457523,-2.07948,1.35931,-0.228549,0,0,0
M23180,M,298.8,309.7,1453,47.7,101,-1.06902,-0.462118,-0.956013,1.77144,-0.187541,0,0,0
L55501,L,298.8,309.6,1442,50,104,-1.04583,-0.633389,-1.17642,2.13843,-0.10706,0,0,0
L55502,L,298.7,309.6,1364,44.9,106,-1.22107,-0.637348,-2.55424,1.16751,-0.0716835,0,0,0
H37737,H,298.7,309.5,1453,40.4,108,-1.24203,-0.707594,-0.939886,0.111397,-0.0252088,0,0,0
M23184,M,298.7,309.5,1394,46,113,-1.25604,-0.733179,-2.09153,1.42286,0.136161,0,0,0
M23185,M,298.7,309.5,1500,38.8,116,-1.23677,-0.760433,-0.0487582,-0.34829,0.229936,0,0,0
H37740,H,298.6,309.5,1523,34.2,119,-1.33715,-0.779144,0.332533,-1.40277,0.331714,0,0,0
M23187,M,298.7,309.6,1254,57.1,124,-1.29231,-0.610271,-3.08446,2.87068,0.460385,0,0,0
L55508,L,298.6,309.5,1325,52.2,127,-1.3291,-0.699998,-2.88467,2.44334,0.573005,0,0,0
L55509,L,298.8,309.7,1424,49.6,129,-1.05322,-0.494005,-1.54503,2.11274,0.590077,0,0,0
L55510,L,298.8,309.7,1505,39,131,-1.03615,-0.49661,0.00714174,-0.215887,0.628774,0,0,0
M23191,M,298.8,309.7,1392,48.7,133,-1.09583,-0.468952,-2.11255,1.94678,0.689811,0,0,0
L55512,L,298.8,309.7,1529,44,136,-1.0742,-0.509151,0.426161,0.926576,0.818353,0,0,0
M23193,M,298.8,309.7,1477,48.5,138,-1.04848,-0.463939,-0.488885,1.87212,0.881211,0,0,0
M23194,M,298.8,309.7,1459,47.3,141,-1.08638,-0.467707,-0.819712,1.66841,0.971225,0,0,0
M23195,M,299,309.8,2240,15.9,144,-0.849033,-0.324776,3.09124,-3.09842,1.07934,0,0,0
L55516,L,298.9,309.7,1449,48.8,147,-1.02804,-0.456651,-1.02047,1.9655,1.13111,0,0,0
M23197,M,298.8,309.7,1589,35.3,149,-1.05006,-0.445327,1.30845,-1.1463,1.17888,0,0,0
L55518,L,298.8,309.7,1740,28.5,152,-1.07833,-0.489855,2.49119,-2.39289,1.2783,0,0,0
M23199,M,298.8,309.7,1499,40.3,154,-1.07255,-0.449206,-0.0561841,0.0699321,1.32475,0,0,0
M23200,M,298.8,309.7,1480,38.1,157,-1.08445,-0.518624,-0.398669,-0.466166,1.41272,0,0,0
L55521,L,298.8,309.7,1751,29.6,160,-1.05816,-0.459926,2.55114,-2.22395,1.49112,0,0,0
L55522,L,298.7,309.7,1510,40.6,162,-1.24164,-0.485156,0.144016,0.118934,1.53743,0,0,0
H37757,H,298.8,309.8,1437,48.2,164,-1.01384,-0.305785,-1.29442,1.89053,1.63247,0,0,0
L55524,L,298.8,309.7,1609,40.4,169,-1.09164,-0.490592,1.54818,0.111946,1.74559,0,0,0
H37759,H,298.8,309.8,1490,35.9,171,-1.04041,-0.347696,-0.22894,-0.98196,1.79746,0,0,0
L55526,L,298.7,309.7,1601,35.7,176,-1.27833,-0.426494,1.43375,-1.08035,1.96702,0,0,0
L55527,L,298.7,309.6,1665,31.1,178,-1.31947,-0.677266,2.02627,-1.88913,1.97677,0,0,0
M23208,M,298.7,309.6,1452,42.7,180,-1.28818,-0.622968,-1.0189,0.61134,2.06512,0,0,0
M23209,M,298.7,309.5,1487,33.6,183,-1.2492,-0.716711,-0.270752,-1.50865,2.1627,0,0,0
M23210,M,298.7,309.6,1382,48.1,186,-1.26068,-0.654212,-2.25584,1.86601,2.28349,0,0,0
M23211,M,298.7,309.6,1686,26.2,189,-1.27037,-0.604513,2.22761,-2.61649,2.34613,0,0,0
L55532,L,298.6,309.6,1491,36.9,192,-1.34716,-0.597725,-0.239954,-0.746434,2.42008,0,0,0
L55533,L,298.7,309.6,1442,55.6,194,-1.18721,-0.615214,-1.22813,2.7757,2.46638,0,0,0
L55534,L,298.6,309.6,1390,50.3,196,-1.3193,-0.66101,-2.11765,2.23045,2.55356,0,0,0
L55535,L,298.7,309.6,1502,46.7,198,-1.27392,-0.664151,-0.0110545,1.55101,2.57563,0,0,0
M23216,M,298.6,309.6,1344,59.4,200,-1.35136,-0.635387,-2.72027,3.00507,2.64959,0,0,0
L55537,L,298.5,309.5,1385,46.3,203,-1.39311,-0.723537,-2.22453,1.4856,2.78193,0,1,1
L55538,L,298.7,309.7,1547,37.4,0,-1.20236,-0.447858,0.722724,-0.667934,-3.11806,0,0,0
M23219,M,298.6,309.6,1525,42.4,2,-1.36162,-0.577948,0.412947,0.548351,-3.06728,0,0,0
L55540,L,298.6,309.6,1540,35.8,5,-1.32555,-0.645706,0.636081,-1.04033,-2.98078,0,0,0
L55541,L,298.6,309.5,1450,44.3,7,-1.37179,-0.750409,-1.05106,1.04075,-2.85549,0,0,0
L55542,L,298.6,309.6,1353,62.5,9,-1.39123,-0.598021,-2.63043,3.07368,-2.83988,0,0,0
L55543,L,298.8,309.7,1582,45,11,-1.07298,-0.49457,1.22997,1.16852,-2.78157,0,0,0
L55544,L,298.9,309.8,1396,49,13,-1.05939,-0.326775,-2.0232,2.00154,-2.7094,0,0,0
M23225,M,298.8,309.8,1551,36.6,15,-1.1365,-0.299243,0.78865,-0.847814,-2.69571,0,0,0
M23226,M,298.9,309.8,1836,22.8,18,-1.01892,-0.333543,2.78698,-2.85655,-2.579,0,0,0
L55547,L,298.9,309.8,1390,49.9,21,-1.01312,-0.303679,-2.13937,2.13768,-2.47524,0,0,0
L55548,L,298.9,309.8,1534,42.1,23,-1.0258,-0.346253,0.503218,0.510464,-2.43482,0,0,0
L55549,L,298.8,309.7,1953,20.6,25,-1.12984,-0.458501,2.95321,-2.98936,-2.38486,0,0,0
L55550,L,298.8,309.8,1634,33.6,27,-1.11024,-0.390371,1.77952,-1.52266,-2.29515,0,0,0
L55551,L,298.7,309.7,1881,21.7,29,-1.22681,-0.451414,2.86221,-2.94973,-2.23621,0,0,0
M23232,M,298.8,309.7,1448,44.8,31,-1.11298,-0.453744,-1.09505,1.14224,-2.1876,0,0,0
M23233,M,298.7,309.7,1362,50.5,34,-1.22604,-0.441391,-2.56065,2.22551,-2.12821,0,0,0
L55554,L,298.8,309.7,1225,63.4,37,-1.14736,-0.514822,-3.14159,3.11633,-2.01159,0,0,0
M23235,M,298.8,309.6,1384,48.2,39,-1.13152,-0.553175,-2.24591,1.85804,-1.99425,0,0,0
L55556,L,298.8,309.8,1334,49.3,42,-1.10303,-0.325223,-2.81579,2.05257,-1.89547,0,0,0
L55557,L,298.8,309.7,1336,50.3,44,-1.11109,-0.44397,-2.77862,2.22473,-1.8254,0,0,0
M23238,M,298.8,309.9,1331,61.6,46,-1.12149,-0.240279,-2.85157,3.03253,-1.71648,0,0,0
L55559,L,298.8,309.9,1629,31.9,49,-1.09077,-0.17337,1.73223,-1.78911,-1.68104,0,0,0
L55560,L,298.9,310,1776,25.7,51,-1.00418,-0.0947607,2.65189,-2.64901,-1.63395,0,0,0
H37795,H,298.8,310,1530,38.3,53,-1.09935,-0.0854412,0.482555,-0.41148,-1.57512,0,0,0
L55562,L,298.9,310,1719,27.3,58,-1.04604,-0.0648728,2.38993,-2.47306,-1.44367,0,0,0
M23243,M,298.8,309.9,1495,35.2,60,-1.10531,-0.200807,-0.118682,-1.13364,-1.32831,0,0,0
L55564,L,298.8,309.7,1450,43.1,63,-1.12413,-0.355758,-1.08799,0.741282,-1.2669,0,0,0
H37799,H,298.8,309.8,1563,38.8,65,-1.09269,-0.309157,0.983115,-0.277896,-1.23776,0,0,0
M23246,M,298.9,309.9,1501,37.1,70,-0.990698,-0.214795,-0.0151135,-0.698747,-1.07203,0,0,0
L55567,L,298.8,309.9,1351,47.2,73,-1.08535,-0.180312,-2.67612,1.68167,-0.980069,0,0,0
L55568,L,298.9,309.9,1365,46.5,75,-1.00418,-0.199807,-2.4828,1.49215,-0.916163,0,0,0
L55569,L,298.8,309.9,1525,39.7,77,-1.06658,-0.217613,0.373798,-0.116945,-0.881399,0,0,0
M23250,M,298.8,309.8,1288,61.9,79,-1.12743,-0.300205,-3.06155,3.0604,-0.817298,0,0,0
L55571,L,298.6,309.6,1423,42.7,82,-1.23848,-0.557306,-1.56162,0.647379,-0.720847,0,0,0
M23252,M,298.5,309.6,1502,39.4,84,-1.3771,-0.575301,0.00370215,-0.162515,-0.728263,0,0,0
L55573,L,298.5,309.5,1428,43.5,87,-1.39718,-0.698486,-1.45122,0.861493,-0.578981,0,0,0
M23254,M,298.6,309.5,1566,38.1,89,-1.30071,-0.6896,1.01191,-0.446433,-0.56705,0,0,0
M23255,M,298.5,309.5,1483,44.8,92,-1.362,-0.726685,-0.386787,1.15466,-0.438992,0,0,0
H37810,H,298.6,309.6,1593,33.3,95,-1.35386,-0.548478,1.34291,-1.55425,-0.322103,0,0,0
L55577,L,298.5,309.6,1724,26.4,100,-1.40745,-0.619456,2.4436,-2.59546,-0.233927,0,0,0
L55578,L,298.5,309.7,2617,12.1,102,-1.38461,-0.421003,3.10641,-3.14159,-0.168089,0,1,1
L55579,L,298.6,309.7,1294,59.4,104,-1.29396,-0.403132,-3.0206,2.95848,-0.12103,0,0,0
L55580,L,298.6,309.6,1533,40.7,106,-1.27978,-0.606985,0.55159,0.187264,-0.0485955,0,0,0
H37815,H,298.5,309.4,1671,31.8,108,-1.37414,-0.831659,2.06785,-1.84525,-0.0037859,0,0,0
L55582,L,298.5,309.5,1370,52.4,113,-1.39984,-0.717164,-2.42251,2.49727,0.136908,0,0,0
L55583,L,298.5,309.6,1462,45.1,115,-1.41831,-0.585431,-0.754677,1.17522,0.194683,0,0,0
L55584,L,298.4,309.5,1545,36.6,117,-1.52224,-0.7677,0.678952,-0.853547,0.239849,0,0,0
M23265,M,298.4,309.5,1484,41.7,119,-1.58052,-0.786605,-0.331087,0.370038,0.352853,0,0,0
M23266,M,298.4,309.5,1344,45.3,122,-1.57105,-0.762776,-2.75798,1.23217,0.425389,0,0,0
L55587,L,298.4,309.5,1357,50.1,125,-1.54303,-0.75547,-2.64043,2.15271,0.532076,0,0,0
M23268,M,298.5,309.6,1572,33,127,-1.38107,-0.585559,1.10356,-1.6092,0.552989,0,0,0
L55589,L,298.5,309.6,1861,26.9,130,-1.38828,-0.574058,2.8165,-2.51933,0.627985,0,0,0
L55590,L,298.5,309.5,1548,44.5,132,-1.44035,-0.733813,0.783054,1.11383,0.694026,0,0,0
L55591,L,298.6,309.8,1496,37.7,134,-1.30425,-0.233998,-0.157254,-0.565086,0.761091,0,0,0
M23272,M,298.6,309.7,1314,49.7,136,-1.32404,-0.430483,-2.9361,2.08562,0.803935,0,0,0
M23273,M,298.6,309.7,1422,49.7,139,-1.25894,-0.439901,-1.59019,2.13794,0.887194,0,0,0
L55594,L,298.6,309.8,1842,20.1,142,-1.2899,-0.275195,2.77969,-2.97899,0.980463,0,0,0
M23275,M,298.7,309.9,1434,53,144,-1.25879,-0.219744,-1.3215,2.58003,1.07411,0,0,0
M23276,M,298.8,310.1,1585,31.3,147,-1.08191,0.0453016,1.25528,-1.95421,1.1719,0,0,0
H37831,H,298.8,310.1,1704,30.7,150,-1.09789,0.0181665,2.26659,-1.97916,1.2264,0,0,0
L55598,L,298.9,310.2,1971,23.2,155,-1.03353,0.139763,2.98714,-2.83946,1.29317,0,0,0
L55599,L,299,310.3,1431,39.9,157,-0.893451,0.333936,-1.41464,-0.0709027,1.41016,0,0,0
L55600,L,298.9,310.4,1546,37.7,159,-1.05097,0.376119,0.730547,-0.589644,1.44364,0,0,0
L55601,L,298.9,310.3,1496,36.3,161,-1.03669,0.279877,-0.115011,-0.881716,1.5166,0,0,0
H37836,H,298.9,310.3,1243,63,163,-1.01826,0.349108,-3.14159,3.06543,1.57928,0,0,0
L55603,L,299,310.4,1452,46.2,168,-0.869089,0.408602,-0.995961,1.44242,1.72862,0,0,0
L55604,L,299.1,310.6,1380,44.7,170,-0.697032,0.741481,-2.26784,1.12448,1.76743,0,0,0
L55605,L,299.2,310.6,1567,38.4,172,-0.639853,0.764236,1.01286,-0.406166,1.85489,0,0,0
L55606,L,299.1,310.5,1628,35.9,174,-0.731235,0.718089,1.71966,-1.01628,1.94741,0,0,0
L55607,L,299.1,310.4,1505,46.1,176,-0.705506,0.436427,0.0553184,1.43934,1.96915,0,0,0
M23288,M,299,310.3,1827,28,178,-0.899149,0.312508,2.76996,-2.4348,2.01641,0,0,0
L55609,L,299,310.3,1577,40,181,-0.832659,0.327189,1.19026,-0.025068,2.11726,0,0,0
L55610,L,298.9,310.2,1304,57.2,183,-1.038,0.154192,-3.01048,2.9045,2.15101,0,0,0
H37845,H,298.9,310.1,1324,54.6,185,-1.01406,0.0265666,-2.89586,2.67932,2.22573,0,0,0
L55612,L,298.8,310,1537,39.9,190,-1.08467,-0.0539911,0.57493,-0.0888881,2.3572,0,0,0
M23293,M,298.8,310.1,1501,48.7,192,-1.10548,-0.00536556,-0.0123078,1.95816,2.42309,0,0,0
M23294,M,298.7,309.9,1654,29.1,195,-1.21474,-0.213092,1.96415,-2.25578,2.48964,0,0,0
M23295,M,298.7,310,1519,38.1,198,-1.19079,-0.0183869,0.28807,-0.463798,2.61511,0,0,0
L55616,L,298.7,309.9,1371,51.3,201,-1.20992,-0.193865,-2.41104,2.35569,2.65769,0,0,0
L55617,L,298.7,309.8,1181,65.9,203,-1.14995,-0.292964,-3.12554,3.10036,2.72107,0,1,1
L55618,L,298.6,309.8,1469,42.8,205,-1.33886,-0.291931,-0.6038,0.657937,2.77262,0,0,0
L55619,L,298.6,309.8,1637,34.6,207,-1.28962,-0.282052,1.82603,-1.32447,2.84231,0,0,0
L55620,L,298.6,309.8,1370,56,0,-1.28845,-0.293361,-2.39606,2.82903,-3.11323,0,0,0
L55621,L,298.6,309.9,1630,30.6,2,-1.29346,-0.1749,1.72136,-2.06387,-3.08313,0,0,0
L55622,L,298.6,310,1517,39,4,-1.29257,-0.037558,0.240745,-0.267558,-2.99227,0,0,0
M23303,M,298.6,309.9,1668,32.3,6,-1.33361,-0.183292,2.0668,-1.70381,-2.94185,0,0,0
M23304,M,298.6,309.9,1818,24.9,9,-1.25068,-0.17943,2.73608,-2.75645,-2.85444,0,0,0
M23305,M,298.6,310,1541,36.9,12,-1.27073,-0.0684094,0.656977,-0.784059,-2.76566,0,0,0
L55626,L,298.5,309.9,1482,42.1,15,-1.38328,-0.202926,-0.411738,0.496412,-2.65693,0,0,0
L55627,L,298.6,310.1,1439,49.9,17,-1.33829,0.0531556,-1.23583,2.14158,-2.60191,0,0,0
L55628,L,298.5,310,1492,41.2,19,-1.43893,-0.0262331,-0.181328,0.298538,-2.51039,0,0,0
L55629,L,298.4,309.9,1725,27.8,21,-1.49643,-0.208028,2.43199,-2.46025,-2.45997,0,0,0
L55630,L,298.4,310,1559,44.2,23,-1.52529,-0.0324711,0.946789,0.983399,-2.43997,0,0,0
L55631,L,298.5,310,1435,42.5,25,-1.44314,-0.0898251,-1.34207,0.549568,-2.37568,0,0,0
M23312,M,298.6,310,1512,37.5,27,-1.34059,-0.050755,0.185324,-0.623109,-2.31261,0,0,0
L55633,L,298.6,309.9,1564,37.1,30,-1.34534,-0.169013,0.955186,-0.693686,-2.21078,0,0,0
L55634,L,298.6,310,1522,40.3,32,-1.36066,-0.0466438,0.312312,0.0727373,-2.11435,0,0,0
L55635,L,298.6,309.9,1356,59.5,34,-1.39357,-0.190524,-2.6072,2.9492,-2.10749,0,0,0
L55636,L,298.6,309.9,1556,38.6,36,-1.36183,-0.149389,0.873482,-0.337702,-2.05367,0,0,0
L55637,L,298.6,309.9,1393,45.5,38,-1.37175,-0.169157,-2.09923,1.2894,-1.99544,0,0,0
L55638,L,298.7,309.9,1753,26.8,40,-1.23574,-0.180885,2.58518,-2.57387,-1.95785,0,0,0
L55639,L,298.7,309.9,1651,29.5,42,-1.19944,-0.187688,1.91055,-2.2375,-1.87583,0,0,0
L55640,L,298.7,309.9,1372,54.7,44,-1.22409,-0.175003,-2.39174,2.70155,-1.8113,0,0,0
L55641,L,298.7,309.9,1446,43.3,46,-1.23106,-0.169288,-1.10926,0.812755,-1.76642,0,0,0
M23322,M,298.7,309.8,1501,44.7,48,-1.24994,-0.262542,-0.0714448,1.09438,-1.67933,0,0,0
M23323,M,298.7,309.9,1411,45.1,51,-1.25384,-0.19417,-1.82199,1.20274,-1.61981,0,0,0
H37878,H,298.6,309.7,1672,27.5,54,-1.37628,-0.435545,2.0748,-2.51796,-1.55215,0,0,0
M23325,M,298.7,309.8,1475,40.5,59,-1.28235,-0.282939,-0.519143,0.0762874,-1.43221,0,0,0
L55646,L,298.7,309.8,1469,38.4,62,-1.23115,-0.265351,-0.623179,-0.405549,-1.32304,0,0,0
L55647,L,298.6,309.8,1704,28.3,64,-1.39279,-0.262439,2.34142,-2.39608,-1.2483,0,0,0
H37882,H,298.6,309.7,1463,39.1,66,-1.34041,-0.441694,-0.736954,-0.206203,-1.20034,0,0,0
M23329,M,298.6,309.7,1280,64.1,71,-1.37182,-0.455229,-3.09324,3.13199,-1.04097,0,0,0
L55650,L,298.7,309.9,1464,38,74,-1.21954,-0.181243,-0.753443,-0.476011,-0.951421,0,0,0
L55651,L,298.6,309.8,1332,46.4,76,-1.41521,-0.277634,-2.81713,1.5085,-0.874581,0,0,0
L55652,L,298.5,309.7,1634,37.8,78,-1.40736,-0.393807,1.77466,-0.530658,-0.866466,0,0,0
M23333,M,298.6,309.8,1430,43.1,80,-1.37573,-0.247908,-1.41564,0.732957,-0.780533,0,0,0
M23334,M,298.5,309.7,1523,44.6,83,-1.46544,-0.458875,0.335183,1.06477,-0.690237,0,0,0
M23335,M,298.5,309.7,1557,37.7,86,-1.4568,-0.447113,0.906991,-0.576909,-0.623132,0,0,0
L55656,L,298.5,309.6,1585,32.2,89,-1.43849,-0.567843,1.23712,-1.7465,-0.519118,0,0,0
H37891,H,298.5,309.6,1579,33.5,91,-1.40056,-0.57362,1.2022,-1.54506,-0.472247,0,0,0
M23338,M,298.5,309.7,1354,60.8,96,-1.40825,-0.443329,-2.62729,3.01131,-0.363969,0,0,0
L55659,L,298.6,309.7,1627,33.4,99,-1.32873,-0.467641,1.73221,-1.54335,-0.23769,0,0,0
L55660,L,298.4,309.6,1477,35.6,101,-1.55286,-0.577779,-0.518444,-1.05761,-0.177689,0,0,0
M23341,M,298.3,309.4,1595,29,103,-1.64793,-0.850781,1.42165,-2.27378,-0.146317,0,0,0
L55662,L,298.4,309.5,1520,38.1,106,-1.55848,-0.730212,0.31635,-0.497716,-0.0586923,0,0,0
L55663,L,298.3,309.4,1618,31.5,108,-1.65339,-0.81931,1.64996,-1.87046,-0.00356969,0,0,0
L55664,L,298.4,309.5,1397,50.3,110,-1.53577,-0.743706,-2.02847,2.17978,0.0784461,0,0,0
L55665,L,298.4,309.5,1450,47.9,112,-1.54172,-0.725986,-1.03088,1.85675,0.139215,0,0,0
M23346,M,298.5,309.5,1501,40.2,114,-1.41202,-0.747658,-0.0311375,0.0258907,0.178412,0,0,0
L55667,L,298.4,309.4,1392,50.1,117,-1.53384,-0.855821,-2.12397,2.17959,0.233719,0,0,0
L55668,L,298.4,309.4,1385,43.2,119,-1.45659,-0.815864,-2.20617,0.777768,0.318813,0,0,0
L55669,L,298.4,309.4,1461,46.3,121,-1.54076,-0.825405,-0.792196,1.48739,0.386798,0,0,0
M23350,M,298.5,309.6,1364,58.7,123,-1.39003,-0.555175,-2.48994,2.95304,0.424348,0,0,0
L55671,L,298.5,309.5,1579,38.6,126,-1.42686,-0.752341,1.19623,-0.338261,0.488844,0,0,0
M23352,M,298.4,309.5,1514,38.8,128,-1.54162,-0.766189,0.187682,-0.290357,0.563922,0,0,0
M23353,M,298.3,309.5,1560,36.9,131,-1.62777,-0.728192,0.923041,-0.762687,0.667642,0,0,0
L55674,L,298.3,309.5,1542,36.7,134,-1.6483,-0.758461,0.652886,-0.841702,0.749458,0,0,0
L55675,L,298.3,309.4,1668,27.1,136,-1.67226,-0.8344,2.11159,-2.48562,0.815794,0,0,0
M23356,M,298.3,309.4,1816,22.6,138,-1.66088,-0.821782,2.71362,-2.87058,0.845815,0,0,0
M23357,M,298.3,309.4,1509,34.2,141,-1.6471,-0.85603,0.149575,-1.38981,0.962381,0,0,0
L55678,L,298.4,309.6,1479,37.8,144,-1.44609,-0.58184,-0.506925,-0.544557,1.05804,0,0,0
L55679,L,298.4,309.6,1655,30.2,146,-1.46555,-0.626417,2.02489,-2.15339,1.11983,0,0,0
L55680,L,298.3,309.5,1711,30.3,148,-1.67475,-0.751462,2.37874,-2.10766,1.20287,0,0,0
L55681,L,298.4,309.7,1581,34.6,150,-1.44719,-0.443898,1.20402,-1.30092,1.21048,0,0,0
H37916,H,298.6,309.8,1279,55.9,152,-1.322,-0.284788,-3.07243,2.82384,1.28515,0,0,0
L55683,L,298.5,309.8,1468,40.9,157,-1.42774,-0.27288,-0.659295,0.211364,1.35326,0,0,0
L55684,L,298.4,309.7,1419,41.3,159,-1.46365,-0.394878,-1.62734,0.289876,1.43945,0,0,0
L55685,L,298.4,309.7,1530,38.6,161,-1.4173,-0.488038,0.445509,-0.349814,1.55349,0,0,0
L55686,L,298.4,309.6,1710,27.3,163,-1.46849,-0.60071,2.33373,-2.45873,1.55123,0,1,1
L55687,L,298.4,309.7,1518,39.8,165,-1.4739,-0.466546,0.272721,-0.0872716,1.65092,0,0,0
M23368,M,298.4,309.7,1679,33.3,167,-1.50156,-0.452405,2.10671,-1.56245,1.67775,0,0,0
M23369,M,298.4,309.7,1870,22.5,170,-1.48301,-0.455933,2.83603,-2.87801,1.78283,0,0,0
L55690,L,298.3,309.7,1484,44.3,173,-1.6184,-0.442949,-0.346019,1.04402,1.82604,0,0,0
L55691,L,298.4,309.7,1457,44.2,175,-1.4537,-0.452308,-0.866422,1.02417,1.9203,0,0,0
H37926,H,298.3,309.6,1546,36.2,177,-1.61189,-0.618391,0.708103,-0.913787,1.99722,0,0,0
M23373,M,298.2,309.5,1478,36.5,182,-1.72099,-0.704899,-0.458564,-0.861733,2.12641,0,0,0
L55694,L,298.2,309.4,1447,47.1,185,-1.75641,-0.834077,-1.0864,1.61074,2.22013,0,0,0
L55695,L,298.2,309.4,1443,45.4,187,-1.74336,-0.819874,-1.173,1.24051,2.2823,0,0,0
L55696,L,298.3,309.6,1527,30.9,189,-1.66061,-0.619505,0.416974,-1.93524,2.37911,0,0,0
M23377,M,298.3,309.6,1469,54.8,191,-1.67246,-0.557851,-0.68561,2.729,2.37922,0,0,0
M23378,M,298.3,309.6,1681,27.1,194,-1.61996,-0.617069,2.18579,-2.54031,2.47387,0,0,0
L55699,L,298.3,309.6,1420,44.1,197,-1.64684,-0.612106,-1.63307,1.02608,2.58207,0,0,0
M23380,M,298.3,309.5,1543,49.9,199,-1.64216,-0.688283,0.6587,2.12631,2.604,0,0,0
L55701,L,298.4,309.5,1376,50.4,202,-1.51423,-0.700549,-2.3317,2.20868,2.70315,0,0,0
H37936,H,298.3,309.4,1631,29.8,0,-1.64533,-0.853629,1.74606,-2.17499,-3.11886,0,0,0
H37937,H,298.3,309.3,1529,41.7,5,-1.66504,-1.06508,0.473894,0.413149,-2.95073,0,0,0
L55704,L,298.3,309.4,1468,46.2,10,-1.66182,-0.826148,-0.67683,1.46071,-2.87333,0,0,0
L55705,L,298.3,309.4,1378,52.3,12,-1.64022,-0.838749,-2.28328,2.48688,-2.74357,0,0,0
L55706,L,298.3,309.3,1401,51.9,14,-1.63742,-1.02537,-1.9601,2.39264,-2.71075,0,0,0
L55707,L,298.4,309.3,1531,37.4,16,-1.47676,-1.07679,0.507885,-0.632452,-2.65404,0,0,0
L55708,L,298.4,309.3,1512,35.8,18,-1.46666,-1.02684,0.19702,-1.03904,-2.55106,0,0,0
M23389,M,298.5,309.4,1522,47.4,20,-1.47034,-0.907757,0.280502,1.71139,-2.52762,0,0,0
M23390,M,298.5,309.3,1615,31.8,23,-1.41487,-0.994509,1.60748,-1.81583,-2.44649,0,0,0
L55711,L,298.6,309.3,1449,46.5,26,-1.30243,-0.918261,-1.06277,1.53567,-2.30626,0,0,0
L55712,L,298.6,309.4,1315,55.5,28,-1.29522,-0.924211,-2.94568,2.79434,-2.26095,0,0,0
M23393,M,298.6,309.4,1465,41.1,30,-1.32558,-0.925271,-0.759114,0.247656,-2.25421,0,0,0
M23394,M,298.6,309.5,1404,43.3,33,-1.28147,-0.646779,-1.91953,0.760433,-2.13622,0,0,0
L55715,L,298.6,309.5,1547,44.8,36,-1.27253,-0.657234,0.74845,1.13874,-2.03733,0,0,0
M23396,M,298.6,309.5,1426,45.4,38,-1.29716,-0.65989,-1.51292,1.25974,-2.01271,0,0,0
L55717,L,298.6,309.5,1730,30.2,41,-1.31705,-0.634261,2.44387,-2.13946,-1.91625,0,0,0
L55718,L,298.5,309.4,1548,37.7,43,-1.37443,-0.841663,0.77836,-0.612539,-1.84477,0,0,0
L55719,L,298.5,309.4,1517,40.2,45,-1.44222,-0.835363,0.291232,0.00912532,-1.78265,0,0,0
L55720,L,298.6,309.5,1687,29.3,47,-1.31918,-0.655004,2.19873,-2.27374,-1.71399,0,0,0
L55721,L,298.5,309.5,1738,25.2,49,-1.44883,-0.639456,2.48968,-2.71918,-1.6875,0,0,0
H37956,H,298.4,309.4,1512,35.3,51,-1.46615,-0.849046,0.150261,-1.10295,-1.6075,0,0,0
M23403,M,298.5,309.4,1365,48.7,56,-1.40409,-0.847122,-2.46822,1.94016,-1.47154,0,0,0
H37958,H,298.5,309.4,2011,21,59,-1.47587,-0.855275,2.9824,-2.95248,-1.40044,0,0,0
L55725,L,298.4,309.3,1806,27.6,64,-1.50822,-0.974419,2.68845,-2.49574,-1.21697,0,0,0
L55726,L,298.4,309.3,1716,28.4,66,-1.50711,-0.942565,2.41219,-2.34799,-1.21405,0,0,0
M23407,M,298.4,309.4,1666,24.3,68,-1.50247,-0.888132,2.03582,-2.79163,-1.14193,0,0,0
L55728,L,298.5,309.4,1578,36.3,71,-1.44383,-0.843452,1.15333,-0.901101,-1.05996,0,0,0
L55729,L,298.3,309.3,1558,37.2,73,-1.59208,-0.940837,0.935387,-0.682996,-1.01318,0,0,0
L55730,L,298.3,309.2,1456,45.5,75,-1.67444,-1.05515,-0.92161,1.30035,-0.921761,0,0,0
M23411,M,298.2,309.1,1457,49,77,-1.76709,-1.23785,-0.866761,2.00215,-0.86105,0,0,0
L55732,L,298.2,309.1,1467,44.5,80,-1.76791,-1.26198,-0.707674,1.08037,-0.820027,0,0,0
M23413,M,298.1,309,1661,38.2,82,-1.89043,-1.37674,2.00148,-0.445178,-0.729284,0,0,0
L55734,L,298.1,309,1592,33.9,85,-1.88649,-1.38848,1.34748,-1.39439,-0.636894,0,0,0
L55735,L,298.2,309,1596,37.2,87,-1.74758,-1.39923,1.39345,-0.71095,-0.57146,0,0,0
L55736,L,298.2,309,1489,40.6,89,-1.77447,-1.4309,-0.232683,0.145595,-0.525156,0,0,0
L55737,L,298.3,309,1471,48.3,91,-1.66456,-1.44587,-0.593746,1.87609,-0.470662,0,0,0
M23418,M,298.3,309,1505,41.3,93,-1.66159,-1.38312,0.00886508,0.2991,-0.432222,0,0,0
L55739,L,298.3,309,1519,40,96,-1.6639,-1.4207,0.30052,-0.0510611,-0.328979,0,0,0
L55740,L,298.3,309,1408,45.4,98,-1.67705,-1.41112,-1.82653,1.24704,-0.26348,0,0,0
L55741,L,298.2,308.9,1332,44.4,100,-1.77076,-1.50978,-2.80885,1.05891,-0.223757,0,0,0
L55742,L,298.1,308.9,1351,52.4,102,-1.91158,-1.5486,-2.65712,2.48458,-0.138901,0,0,0
L55743,L,298,308.9,1500,36.7,104,-1.95524,-1.51575,-0.0691576,-0.825098,-0.101315,0,0,0
M23424,M,298,308.7,1614,30.7,106,-2.04484,-1.75596,1.60118,-2.05336,-0.00278076,0,0,0
L55745,L,298,308.8,1489,36.5,109,-2.05149,-1.58998,-0.224067,-0.856402,0.0640461,0,0,0
M23426,M,297.9,308.7,1751,26.6,111,-2.11574,-1.74175,2.50065,-2.59569,0.0894046,0,0,0
L55747,L,298,308.7,1511,45.8,114,-2.03585,-1.71384,0.129402,1.35359,0.183059,0,0,0
L55748,L,297.9,308.6,1691,29.6,116,-2.14671,-1.81439,2.21863,-2.18445,0.222054,0,0,0
L55749,L,297.9,308.6,1757,27.5,118,-2.11402,-1.83608,2.56622,-2.50512,0.27364,0,0,0
H37984,H,297.9,308.7,1545,35.9,120,-2.09852,-1.77624,0.708708,-1.02475,0.363918,0,0,0
L55751,L,297.9,308.6,2262,15.7,125,-2.11606,-1.80409,3.08545,-3.13061,0.49011,0,0,0
M23432,M,297.7,308.5,1559,35.2,127,-2.2259,-2.01101,0.908759,-1.16053,0.553254,0,0,0
L55753,L,297.6,308.4,1626,32.4,130,-2.34887,-2.23128,1.68417,-1.70866,0.654838,0,0,0
L55754,L,297.6,308.3,1424,53.9,132,-2.37229,-2.30591,-1.59508,2.6045,0.697766,0,0,0
M23435,M,297.6,308.3,1648,29.1,134,-2.3786,-2.30148,1.95283,-2.28204,0.72869,0,0,0
L55756,L,297.6,308.3,1523,39.5,137,-2.3069,-2.30462,0.351744,-0.170808,0.864374,0,0,0
L55757,L,297.6,308.3,1502,43.2,139,-2.33197,-2.34785,-0.0375358,0.76619,0.871303,0,0,0
L55758,L,297.5,308.2,1489,40.7,141,-2.50654,-2.42739,-0.24263,0.14732,0.937589,0,0,0
M23439,M,297.4,308.1,1620,31.2,143,-2.5916,-2.5248,1.65491,-1.89818,1.02476,0,0,0
L55760,L,297.5,308.1,1631,30.6,146,-2.46983,-2.51201,1.80928,-2.08129,1.09744,0,0,0
M23441,M,297.5,308,1429,45.8,148,-2.48764,-2.61703,-1.45552,1.36341,1.18436,0,0,0
M23442,M,297.5,308.1,1334,72,151,-2.43865,-2.47253,-2.80448,3.12521,1.22386,0,1,1
L55763,L,297.4,308,1423,38,154,-2.5644,-2.61488,-1.60934,-0.505306,1.29117,0,0,0
L55764,L,297.4,307.9,1390,47.7,156,-2.58839,-2.70456,-2.10871,1.77213,1.38686,0,0,0
M23445,M,297.4,307.9,1338,48.5,158,-2.59465,-2.75947,-2.79008,1.91198,1.45434,0,0,0
H38000,H,297.3,307.9,1461,37.5,161,-2.70004,-2.72969,-0.802166,-0.67839,1.51905,0,0,0
M23447,M,297.4,307.9,1627,34.3,166,-2.61071,-2.68945,1.71208,-1.33505,1.67904,0,0,0
L55768,L,297.3,307.8,1385,44.4,169,-2.69935,-2.76971,-2.19649,1.01344,1.69704,0,0,0
M23449,M,297.3,307.8,1538,48,171,-2.67503,-2.75818,0.607591,1.82342,1.82884,0,0,0
L55770,L,297.4,307.9,1557,35.5,174,-2.64644,-2.77346,0.831598,-1.08025,1.90758,0,0,0
L55771,L,297.4,307.9,1606,33.4,176,-2.59561,-2.73892,1.47464,-1.52977,1.93841,0,0,0
M23452,M,297.5,308,1430,44.5,178,-2.3758,-2.61695,-1.40568,1.08989,2.02006,0,0,0
M23453,M,297.4,308,1601,34.6,181,-2.59908,-2.65394,1.46313,-1.27967,2.12906,0,0,0
L55774,L,297.4,308,1356,51.9,184,-2.6076,-2.61823,-2.58903,2.42507,2.15745,0,0,0
M23455,M,297.5,308.2,1624,30.9,186,-2.3651,-2.43861,1.68638,-2.02109,2.25406,0,0,0
L55776,L,297.5,308.2,1327,56.5,189,-2.39866,-2.41008,-2.86744,2.84336,2.32443,0,0,0
L55777,L,297.6,308.3,1410,47,191,-2.2973,-2.36711,-1.81252,1.59716,2.3975,0,0,0
L55778,L,297.6,308.3,1478,42.3,193,-2.32515,-2.34229,-0.482622,0.572051,2.45616,0,0,0
L55779,L,297.6,308.4,1460,40.3,195,-2.28267,-2.10141,-0.835947,0.0339515,2.50938,0,0,0
L55780,L,297.5,308.3,1435,40.3,197,-2.37492,-2.33015,-1.27453,0.0610555,2.58411,0,0,0
H38015,H,297.4,308.2,1359,46.9,199,-2.60493,-2.44099,-2.56634,1.63389,2.63173,0,0,0
L55782,L,297.4,308.1,1729,31.7,204,-2.57199,-2.49963,2.41917,-1.84807,2.78275,0,0,0
H38017,H,297.3,308,1384,49.1,206,-2.70303,-2.62005,-2.22766,2.02148,2.82979,0,0,0
L55784,L,297.4,308.2,1297,52.1,211,-2.61566,-2.40313,-2.99923,2.47722,2.93723,0,0,0
L55785,L,297.5,308.4,1633,33.3,213,-2.32552,-2.12383,1.76981,-1.57976,2.98151,0,0,0
M23466,M,297.5,308.4,1505,37.2,215,-2.34339,-2.11947,0.0252281,-0.693473,3.01181,0,0,0
L55787,L,297.5,308.4,1433,50,218,-2.38864,-2.10136,-1.3807,2.16729,3.03873,0,0,0
L55788,L,297.4,308.4,1369,50.6,220,-2.56411,-2.14087,-2.44251,2.24512,3.03799,0,1,1
L55789,L,297.4,308.3,1475,40.5,222,-2.6363,-2.33625,-0.548117,0.10908,3.10834,0,1,1
L55790,L,297.4,308.3,1561,38.3,0,-2.59428,-2.37325,0.928196,-0.4214,-3.14159,0,0,0
L55791,L,297.4,308.3,1472,45.5,2,-2.61847,-2.39336,-0.585038,1.28492,-3.04832,0,0,0
L55792,L,297.5,308.4,1441,44.5,4,-2.38691,-2.1493,-1.20147,1.08326,-2.98055,0,0,0
M23473,M,297.5,308.5,1401,50.5,6,-2.3771,-1.98803,-2.01852,2.2353,-2.90875,0,0,0
L55794,L,297.5,308.5,1691,33.1,9,-2.42627,-2.02404,2.23564,-1.59901,-2.86361,0,0,0
L55795,L,297.6,308.6,1382,47.1,11,-2.27605,-1.78169,-2.2675,1.62902,-2.79921,0,0,0
L55796,L,297.6,308.6,1355,46.4,13,-2.27821,-1.7845,-2.58654,1.44145,-2.69887,0,0,0
L55797,L,297.6,308.6,1529,45.3,15,-2.29481,-1.78395,0.465736,1.21248,-2.68188,0,0,0
L55798,L,297.7,308.7,1829,24.9,17,-2.20843,-1.7627,2.75717,-2.71625,-2.65343,0,0,0
H38033,H,297.6,308.6,1480,39.8,19,-2.299,-1.78583,-0.425056,-0.118446,-2.54643,0,0,0
L55800,L,297.6,308.5,1475,42.4,24,-2.28337,-1.96818,-0.526803,0.578643,-2.40226,0,0,0
M23481,M,297.6,308.5,1431,52.6,26,-2.34656,-1.99112,-1.40712,2.49513,-2.31994,0,0,0
L55802,L,297.5,308.3,1437,42.3,29,-2.38214,-2.41061,-1.28672,0.576984,-2.27031,0,0,0
M23483,M,297.5,308.3,1476,45.6,31,-2.3851,-2.36302,-0.542111,1.32284,-2.17651,0,0,0
H38038,H,297.5,308.4,1490,39.7,34,-2.4078,-2.10936,-0.226988,-0.0798265,-2.12528,0,0,0
L55805,L,297.4,308.3,1632,33.5,39,-2.57403,-2.34224,1.74559,-1.49216,-1.9381,0,0,0
L55806,L,297.4,308.2,1402,49.7,41,-2.57247,-2.4113,-1.93023,2.09085,-1.9413,0,0,0
L55807,L,297.4,308.3,1347,45.8,43,-2.59131,-2.37458,-2.70422,1.35727,-1.83197,0,0,0
L55808,L,297.5,308.4,1747,31,45,-2.37364,-2.12188,2.51118,-2.02477,-1.78864,0,0,0
H38043,H,297.5,308.5,1557,39.1,47,-2.3945,-1.9346,0.874629,-0.219085,-1.7111,0,0,0
L55810,L,297.4,308.4,1371,57.4,52,-2.55972,-2.09737,-2.40232,2.89729,-1.57881,0,0,0
H38045,H,297.3,308.3,1506,37,54,-2.73681,-2.36875,0.0580509,-0.706165,-1.51545,0,0,0
L55812,L,297.3,308.3,1590,35.5,59,-2.71483,-2.38325,1.30909,-1.08491,-1.41923,0,0,0
L55813,L,297.4,308.3,1336,53.7,61,-2.56964,-2.4115,-2.80689,2.61936,-1.31233,0,0,0
L55814,L,297.3,308.3,1411,43.2,63,-2.70704,-2.391,-1.80617,0.820256,-1.27536,0,0,0
L55815,L,297.4,308.3,1704,27.3,65,-2.5474,-2.39586,2.31441,-2.52194,-1.23999,0,0,0
L55816,L,297.5,308.4,1723,27.3,67,-2.36144,-2.12717,2.42213,-2.52924,-1.17615,0,0,0
L55817,L,297.5,308.5,1459,39.7,69,-2.40467,-1.96546,-0.831973,-0.125983,-1.11889,0,0,0
L55818,L,297.6,308.5,1572,35.9,71,-2.27703,-1.99532,1.1225,-1.03032,-1.07776,0,0,0
L55819,L,297.5,308.4,1384,56,73,-2.3946,-2.08065,-2.17817,2.84981,-1.00221,0,0,0
L55820,L,297.6,308.6,1383,47.5,75,-2.34288,-1.82318,-2.2607,1.76824,-0.916291,0,0,0
M23501,M,297.6,308.5,1360,48.6,77,-2.34953,-1.98752,-2.55218,1.94445,-0.910268,0,0,0
M23502,M,297.5,308.4,1596,36.6,80,-2.35178,-2.11907,1.3845,-0.851643,-0.797962,0,0,0
L55823,L,297.5,308.5,1448,54.3,83,-2.4004,-1.98146,-1.09486,2.69131,-0.71799,0,0,0
M23504,M,297.6,308.5,1443,38.2,85,-2.30078,-1.96971,-1.17973,-0.459119,-0.63685,0,0,0
M23505,M,297.6,308.6,1492,35.5,88,-2.36168,-1.76664,-0.182579,-1.14042,-0.568251,0,0,0
L55826,L,297.5,308.6,1497,43.9,91,-2.37305,-1.81125,-0.135697,0.900162,-0.501286,0,0,0
L55827,L,297.5,308.5,1530,38.5,93,-2.37957,-1.99751,0.43107,-0.390391,-0.413847,0,0,0
M23508,M,297.4,308.4,1478,46.2,95,-2.55751,-2.0922,-0.459654,1.4701,-0.354861,0,0,0
L55829,L,297.4,308.4,1328,61.8,98,-2.55588,-2.11794,-2.81469,3.06179,-0.273241,0,0,0
H38064,H,297.4,308.3,1771,27.4,100,-2.55764,-2.37031,2.61962,-2.485,-0.24742,0,0,0
M23511,M,297.4,308.4,1564,35,105,-2.5524,-2.13907,0.995045,-1.18934,-0.0764248,0,0,0
H38066,H,297.3,308.3,1461,41.5,108,-2.69849,-2.39296,-0.815838,0.304374,0.00823701,0,0,0
M23513,M,297.4,308.3,1335,57.9,113,-2.55388,-2.3933,-2.78363,2.92749,0.155879,0,0,0
M23514,M,297.4,308.4,1441,46.8,116,-2.60676,-2.12741,-1.20932,1.61355,0.246208,0,0,0
L55835,L,297.3,308.3,1268,60.6,119,-2.70631,-2.34958,-3.09086,3.00494,0.308937,0,0,0
M23516,M,297.3,308.3,1697,27.4,121,-2.69933,-2.37181,2.27496,-2.49825,0.381043,0,0,0
L55837,L,297.4,308.4,1421,46,124,-2.60135,-2.13408,-1.62467,1.41221,0.44994,0,0,0
L55838,L,297.4,308.5,1496,36.4,126,-2.63108,-2.00938,-0.133938,-0.8689,0.528705,0,0,0
L55839,L,297.5,308.5,1375,55.6,128,-2.43002,-1.99698,-2.4038,2.8057,0.532327,0,0,0
L55840,L,297.4,308.5,1295,52.1,130,-2.55225,-1.98815,-3.01273,2.45649,0.621165,0,0,0
L55841,L,297.4,308.5,1643,33.8,132,-2.57325,-1.97398,1.88654,-1.45872,0.736223,0,0,0
L55842,L,297.5,308.6,1514,36.9,134,-2.39079,-1.80893,0.233245,-0.742619,0.764216,0,0,0
L55843,L,297.5,308.6,1671,29.4,136,-2.43777,-1.77782,2.06909,-2.22714,0.782033,0,0,0
H38078,H,297.5,308.6,1355,58.9,138,-2.43702,-1.79029,-2.66621,2.96993,0.90374,0,0,0
L55845,L,297.6,308.7,1365,50.6,143,-2.33481,-1.76263,-2.51049,2.23351,1.04206,0,0,0
L55846,L,297.5,308.7,1407,42.5,145,-2.40769,-1.7562,-1.8394,0.579251,1.07268,0,0,0
M23527,M,297.5,308.8,1455,46.1,147,-2.42774,-1.5686,-0.940645,1.43475,1.11768,0,0,0
L55848,L,297.5,308.8,1502,45.9,150,-2.37084,-1.55287,0.0166018,1.37723,1.18782,0,0,0
M23529,M,297.5,308.8,1471,52.3,152,-2.41994,-1.54005,-0.593928,2.46057,1.2866,0,0,0
L55850,L,297.5,308.9,1581,30.4,155,-2.40508,-1.52544,1.20479,-2.10216,1.3661,0,0,0
L55851,L,297.5,308.8,1530,37.8,157,-2.37185,-1.56134,0.453317,-0.510021,1.40546,0,0,0
L55852,L,297.5,308.8,1312,50.3,159,-2.3719,-1.58563,-2.95271,2.22943,1.46072,0,0,0
L55853,L,297.4,308.6,1494,42.6,161,-2.5869,-1.81154,-0.145865,0.659013,1.53151,0,0,0
M23534,M,297.4,308.6,1528,29.1,163,-2.57382,-1.80055,0.39231,-2.25031,1.59044,0,0,0
H38089,H,297.3,308.6,1688,29.4,166,-2.69677,-1.82573,2.23425,-2.27236,1.67004,0,0,0
M23536,M,297.3,308.5,1520,42.4,171,-2.67303,-1.9923,0.271652,0.587968,1.79576,0,0,0
M23537,M,297.3,308.5,1664,28.9,174,-2.71609,-1.94449,2.0274,-2.30422,1.90684,0,0,0
L55858,L,297.3,308.5,1514,44.5,177,-2.70394,-2.01372,0.243222,1.03036,1.97085,0,0,0
L55859,L,297.3,308.5,1456,54.2,179,-2.7015,-1.96952,-0.916533,2.66143,2.03068,0,0,0
L55860,L,297.2,308.5,1494,39.6,181,-2.75184,-1.97135,-0.194061,-0.134293,2.13509,0,0,0
L55861,L,297.2,308.4,1605,30,183,-2.72636,-2.14736,1.51429,-2.13389,2.16214,0,0,0
M23542,M,297.2,308.5,1353,46.5,185,-2.72533,-1.96634,-2.58586,1.55718,2.18663,0,0,0
L55863,L,297.2,308.5,1447,47.9,188,-2.69631,-1.98979,-1.11832,1.80213,2.27973,0,0,0
L55864,L,297.2,308.5,1588,40.4,190,-2.74076,-1.98456,1.34355,0.114102,2.40085,0,0,0
H38099,H,297.2,308.5,1524,41.4,192,-2.72527,-1.9664,0.373299,0.265859,2.38218,0,0,0
M23546,M,297.2,308.5,1611,31.6,197,-2.76499,-1.9693,1.5976,-1.84513,2.58192,0,0,0
M23547,M,297.2,308.5,1604,34.9,200,-2.70826,-1.95508,1.47108,-1.2925,2.64074,0,0,0
L55868,L,297.1,308.5,1483,46.9,203,-2.85504,-1.9634,-0.369452,1.57653,2.7512,0,0,0
L55869,L,297.1,308.4,1543,39.6,205,-2.83253,-2.15978,0.646727,-0.0745365,2.78155,0,0,0
L55870,L,297.1,308.5,1323,44.4,207,-2.83921,-1.92192,-2.86685,1.06276,2.83922,0,1,1
L55871,L,297.1,308.5,1555,36.2,0,-2.82336,-1.95209,0.865848,-0.938132,-3.09309,0,0,0
L55872,L,297.1,308.4,1583,31.9,2,-2.82598,-2.16585,1.25301,-1.80331,-3.03611,0,0,0
M23553,M,297.2,308.5,1584,40,4,-2.71625,-1.96892,1.23221,-0.0183398,-2.95387,0,0,0
L55874,L,297.2,308.5,1766,25.8,7,-2.68879,-1.97094,2.59846,-2.62162,-2.89847,0,0,0
M23555,M,297.2,308.6,1498,44.4,9,-2.70286,-1.81263,-0.113912,1.04408,-2.85286,0,0,0
L55876,L,297.2,308.6,1413,49.8,12,-2.72853,-1.86251,-1.77623,2.11976,-2.75146,0,0,0
L55877,L,297.3,308.6,1505,33.5,14,-2.68611,-1.80663,0.0190513,-1.50714,-2.66323,0,0,0
H38112,H,297.3,308.7,1438,46.2,16,-2.75253,-1.75693,-1.2744,1.44466,-2.61396,0,0,0
M23559,M,297.3,308.7,1655,34.1,21,-2.71061,-1.73724,1.9899,-1.4115,-2.52248,0,0,0
M23560,M,297.3,308.7,1451,43.8,24,-2.70516,-1.76216,-1.0147,0.884483,-2.40341,0,0,0
M23561,M,297.3,308.7,1466,38.4,27,-2.68951,-1.75185,-0.679255,-0.393532,-2.30783,0,0,0
L55882,L,297.2,308.6,1774,23,30,-2.74773,-1.81166,2.61348,-2.84325,-2.21697,0,0,0
M23563,M,297.2,308.6,1284,51.3,32,-2.77378,-1.79404,-3.09118,2.37852,-2.14716,0,0,0
L55884,L,297.1,308.5,1425,40,35,-2.8216,-1.92659,-1.52449,-0.0219896,-2.07889,0,0,0
L55885,L,297.2,308.6,1437,52.4,37,-2.75098,-1.83344,-1.28144,2.46085,-2.05014,0,0,0
L55886,L,297.2,308.6,1335,53,39,-2.75296,-1.82975,-2.7858,2.57325,-1.99532,0,0,0
L55887,L,297.2,308.5,1471,41.7,41,-2.77727,-1.97349,-0.611812,0.431932,-1.86292,0,0,0
M23568,M,297.2,308.5,1364,54,43,-2.77117,-1.98165,-2.52162,2.66269,-1.8657,0,0,0
L55889,L,297.1,308.5,1578,35.6,46,-2.80719,-1.93819,1.16498,-1.07978,-1.8161,0,0,0
L55890,L,297.1,308.5,1712,32.1,48,-2.80678,-1.98405,2.33808,-1.7648,-1.73608,0,0,0
L55891,L,297.1,308.5,1733,28.7,50,-2.81461,-1.97181,2.4634,-2.34525,-1.6733,0,0,0
L55892,L,297.2,308.6,1652,32.1,52,-2.74343,-1.78954,1.93826,-1.75714,-1.62803,0,0,0
L55893,L,297.2,308.6,1917,24.1,54,-2.76852,-1.87392,2.91537,-2.7679,-1.55849,0,0,0
M23574,M,297.2,308.6,1444,41.1,56,-2.76647,-1.84633,-1.15154,0.260699,-1.49318,0,0,0
L55895,L,297.1,308.6,1442,37.1,59,-2.80867,-1.83827,-1.18975,-0.667229,-1.40687,0,0,0
M23576,M,297.1,308.6,1717,31.3,61,-2.79866,-1.85627,2.37711,-1.87725,-1.35369,0,0,0
L55897,L,297.1,308.7,1474,42.3,64,-2.78166,-1.73714,-0.528934,0.512954,-1.27696,0,0,0
L55898,L,297.2,308.7,1509,39.3,66,-2.71162,-1.76031,0.0925662,-0.196783,-1.19155,0,0,0
L55899,L,297.2,308.8,1451,43.1,68,-2.78376,-1.53505,-0.99723,0.765654,-1.10269,0,0,0
L55900,L,297.3,308.8,1554,36.1,70,-2.68203,-1.57056,0.848768,-0.962128,-1.07109,0,0,0
L55901,L,297.2,308.7,1669,30.7,72,-2.74777,-1.74799,2.06099,-2.06494,-0.997075,0,0,0
L55902,L,297.2,308.6,1366,50.4,74,-2.76734,-1.82748,-2.49674,2.21459,-0.946458,0,0,0
L55903,L,297.2,308.6,1578,34.4,76,-2.78394,-1.82471,1.19113,-1.33519,-0.924769,0,0,0
M23584,M,297.2,308.6,1513,39,78,-2.75879,-1.86817,0.209743,-0.283317,-0.826019,0,0,0
M23585,M,297.1,308.5,1515,42.1,81,-2.865,-1.97607,0.196956,0.46454,-0.788579,0,0,0
L55906,L,297.2,308.6,1562,33,84,-2.74249,-1.83241,0.918847,-1.58852,-0.651444,0,0,0
L55907,L,297.2,308.7,1501,38.5,86,-2.75186,-1.7495,-0.0380242,-0.387166,-0.598213,0,0,0
M23588,M,297.2,308.7,1398,38.1,88,-2.74968,-1.7565,-1.99117,-0.48335,-0.578627,0,0,0
L55909,L,297.3,308.7,1352,53.8,91,-2.70629,-1.77575,-2.683,2.66172,-0.487394,0,0,0
H38144,H,297.3,308.7,1569,33.9,93,-2.72585,-1.73464,1.06583,-1.42619,-0.451396,0,0,0
H38145,H,297.2,308.6,1486,46.6,98,-2.77679,-1.8445,-0.326585,1.51603,-0.277347,0,0,0
L55912,L,297.2,308.6,1864,23.6,103,-2.75062,-1.84618,2.82565,-2.79184,-0.12348,0,0,0
M23593,M,297.3,308.7,1447,44.5,105,-2.69215,-1.77123,-1.11136,1.05984,-0.104888,0,0,0
L55914,L,297.2,308.6,1392,41.5,108,-2.78412,-1.80345,-2.11207,0.371876,0.0161019,0,0,0
L55915,L,297.3,308.6,1358,47.6,110,-2.76631,-1.84093,-2.59383,1.74387,0.0374115,0,0,0
L55916,L,297.3,308.7,1491,40.2,112,-2.70298,-1.77554,-0.224368,0.0429737,0.0955298,0,0,0
L55917,L,297.3,308.7,1556,36.7,114,-2.74012,-1.77019,0.849866,-0.828362,0.172537,0,0,0
L55918,L,297.3,308.7,1531,36.7,116,-2.73563,-1.80809,0.496756,-0.78562,0.281044,0,0,0
H38153,H,297.4,308.7,1429,37.6,118,-2.60549,-1.76313,-1.47497,-0.612325,0.300576,0,0,0
M23600,M,297.4,308.8,1573,33.9,123,-2.62843,-1.54589,1.13841,-1.43903,0.425909,0,0,0
L55921,L,297.4,308.8,1538,41.2,126,-2.62051,-1.55629,0.591686,0.291218,0.518432,0,0,0
L55922,L,297.4,308.8,1467,39,128,-2.63354,-1.53421,-0.644005,-0.245879,0.624979,0,0,0
H38157,H,297.4,308.7,1323,51.1,130,-2.62362,-1.76414,-2.93237,2.34563,0.642499,0,0,0
M23604,M,297.4,308.7,1798,23,135,-2.64245,-1.79743,2.66229,-2.84895,0.78053,0,0,0
L55925,L,297.4,308.6,1411,46.3,138,-2.61977,-1.85274,-1.79849,1.46815,0.870355,0,0,0
L55926,L,297.3,308.5,1528,44.5,140,-2.74626,-2.01353,0.408901,1.07649,0.932954,0,0,0
L55927,L,297.3,308.5,1504,42,142,-2.72133,-2.04577,0.0347451,0.446992,1.00375,0,0,0
L55928,L,297.3,308.5,1384,39.6,144,-2.74904,-2.05148,-2.2152,-0.0921271,1.10916,0,0,0
L55929,L,297.2,308.4,1677,26.4,146,-2.79623,-2.16268,2.14336,-2.57428,1.09929,0,0,0
L55930,L,297.3,308.5,1764,30.8,148,-2.67315,-2.02561,2.56985,-2.03599,1.13411,0,0,0
M23611,M,297.4,308.5,1472,42,150,-2.60861,-2.02781,-0.647656,0.456904,1.20333,0,0,0
M23612,M,297.4,308.5,1465,55.9,153,-2.6254,-2.03671,-0.768534,2.82431,1.25288,0,0,0
M23613,M,297.4,308.6,1657,33.1,156,-2.63567,-1.79343,1.97354,-1.6155,1.39834,0,0,0
L55934,L,297.4,308.6,1635,30.5,159,-2.60813,-1.78145,1.78638,-2.0627,1.45132,0,0,0
M23615,M,297.4,308.7,1582,31.9,161,-2.61646,-1.76718,1.21478,-1.78363,1.5283,0,0,0
L55936,L,297.5,308.7,1761,26.2,164,-2.3589,-1.76317,2.57663,-2.61333,1.61427,0,0,0
L55937,L,297.5,308.8,1587,34.9,166,-2.35576,-1.58183,1.29263,-1.23108,1.63924,0,0,0
M23618,M,297.5,308.7,1446,53,168,-2.39142,-1.70138,-1.11798,2.55407,1.73427,0,0,0
M23619,M,297.5,308.7,1352,53,171,-2.35543,-1.74064,-2.6704,2.5513,1.81166,0,0,0
M23620,M,297.4,308.7,1392,46.4,174,-2.61926,-1.75496,-2.12551,1.46937,1.91637,0,0,0
L55941,L,297.5,308.8,1417,49.8,177,-2.40826,-1.60257,-1.71414,2.12979,2.0285,0,0,0
H38176,H,297.5,308.8,1824,24,179,-2.39864,-1.56537,2.71607,-2.77913,2.02732,0,0,0
L55943,L,297.5,308.8,1603,36.7,184,-2.36529,-1.60646,1.44922,-0.808237,2.16101,0,0,0
L55944,L,297.4,308.8,1620,33.4,186,-2.63886,-1.54727,1.63829,-1.52167,2.22032,0,0,0
L55945,L,297.4,308.8,1353,49.4,188,-2.61504,-1.54272,-2.66094,2.05534,2.27037,0,0,0
L55946,L,297.5,308.8,1360,50.7,190,-2.3396,-1.56309,-2.57645,2.25434,2.39545,0,0,0
L55947,L,297.5,308.6,1380,53.5,192,-2.37434,-1.80671,-2.2776,2.60342,2.43445,0,0,0
M23628,M,297.5,308.7,1363,53.6,194,-2.38622,-1.70375,-2.55982,2.61823,2.48631,0,0,0
M23629,M,297.4,308.6,1452,41.2,197,-2.59952,-1.82067,-0.975774,0.243061,2.55363,0,0,0
L55950,L,297.4,308.6,1680,32.8,200,-2.54182,-1.8883,2.17591,-1.61324,2.64524,0,0,0
L55951,L,297.5,308.6,1536,39,202,-2.34807,-1.81935,0.570037,-0.232295,2.69761,0,0,0
L55952,L,297.5,308.6,1621,28.9,0,-2.42034,-1.83221,1.68416,-2.3231,-3.14079,0,0,0
L55953,L,297.5,308.6,1585,37.6,2,-2.40571,-1.79564,1.25036,-0.621474,-3.07979,0,0,0
M23634,M,297.6,308.7,1408,51.5,4,-2.26803,-1.71873,-1.83272,2.37333,-2.99165,0,0,0
H38189,H,297.5,308.6,1536,38.7,7,-2.37975,-1.79867,0.537335,-0.366722,-2.8717,0,0,0
L55956,L,297.5,308.6,1352,52.6,12,-2.35788,-1.8388,-2.62889,2.51085,-2.72885,0,0,0
H38191,H,297.5,308.6,1481,38.8,14,-2.41545,-1.82774,-0.36969,-0.303144,-2.72653,0,0,0
L55958,L,297.5,308.7,1454,45,19,-2.3808,-1.7275,-0.911019,1.16596,-2.58943,0,0,0
M23639,M,297.5,308.6,1349,51.5,21,-2.37042,-1.82295,-2.66203,2.36888,-2.49392,0,0,0
M23640,M,297.5,308.6,1327,52.1,24,-2.39471,-1.80343,-2.88171,2.45659,-2.37322,0,0,0
L55961,L,297.6,308.7,1552,42.3,27,-2.30357,-1.69519,0.827802,0.489182,-2.26613,0,0,0
L55962,L,297.5,308.7,1456,44.7,29,-2.38673,-1.70623,-0.862565,1.11474,-2.241,0,0,0
M23643,M,297.6,308.6,1254,45.8,31,-2.27409,-1.84161,-3.08782,1.39434,-2.21612,0,0,0
L55964,L,297.5,308.6,1437,43.3,34,-2.37576,-1.8126,-1.33904,0.771734,-2.10075,0,0,0
L55965,L,297.5,308.6,1694,27.1,36,-2.40549,-1.80856,2.24066,-2.53374,-2.07242,0,0,0
L55966,L,297.5,308.5,1306,50.7,38,-2.37586,-2.01628,-2.98272,2.27941,-1.97518,0,0,0
M23647,M,297.5,308.5,1699,30.1,40,-2.45954,-2.0131,2.31731,-2.14125,-1.94645,0,0,0
L55968,L,297.4,308.5,1369,53.2,43,-2.55745,-2.00743,-2.44512,2.61229,-1.87218,0,0,0
L55969,L,297.4,308.5,1471,43.9,45,-2.48702,-2.01276,-0.617899,0.906966,-1.77302,0,0,0
L55970,L,297.4,308.5,1410,43.9,47,-2.54318,-1.98769,-1.82229,0.91378,-1.73793,0,0,0
M23651,M,297.4,308.5,1412,45.5,49,-2.49704,-2.00872,-1.76591,1.28529,-1.73431,0,0,0
L55972,L,297.4,308.5,1418,51.2,52,-2.50436,-2.01284,-1.65304,2.37731,-1.59642,0,0,0
L55973,L,297.4,308.5,1782,25.9,54,-2.49939,-2.00164,2.6528,-2.61457,-1.50258,0,0,0
M23654,M,297.4,308.5,1497,36.4,56,-2.50521,-2.02546,-0.0702978,-0.869942,-1.4383,0,0,0
L55975,L,297.3,308.4,1459,39.4,59,-2.72991,-2.14471,-0.872347,-0.165701,-1.40838,0,0,0
L55976,L,297.2,308.3,1796,23.8,61,-2.72523,-2.37076,2.68414,-2.78238,-1.33519,0,0,0
L55977,L,297.2,308.3,1569,31.2,63,-2.74497,-2.29219,1.06254,-1.9175,-1.28659,0,0,0
L55978,L,297.3,308.4,1469,46.7,65,-2.69933,-2.16586,-0.613097,1.52932,-1.20333,0,0,0
L55979,L,297.3,308.4,1472,41.3,67,-2.72836,-2.2271,-0.609572,0.276276,-1.15572,0,0,0
L55980,L,297.4,308.5,1475,47.2,69,-2.48552,-2.02087,-0.560734,1.65928,-1.10751,0,0,0
L55981,L,297.4,308.6,1488,36.4,71,-2.50508,-1.82044,-0.271056,-0.900375,-1.029,0,0,0
L55982,L,297.4,308.6,1524,43.1,73,-2.47561,-1.81636,0.371332,0.717105,-1.00204,0,0,0
L55983,L,297.4,308.5,1486,48.6,75,-2.52301,-2.03061,-0.328445,1.91945,-0.925593,0,0,0
M23664,M,297.5,308.6,1255,60.7,77,-2.37412,-1.79419,-3.11554,3.01118,-0.846395,0,0,0
M23665,M,297.4,308.6,1469,42.6,80,-2.5246,-1.82876,-0.659006,0.616723,-0.79003,0,0,0
L55986,L,297.4,308.5,1692,34.3,83,-2.53644,-2.043,2.23889,-1.36404,-0.685063,0,0,0
M23667,M,297.4,308.6,1604,32.8,85,-2.55613,-1.84475,1.48609,-1.61029,-0.62902,0,0,0
L55988,L,297.4,308.6,1446,48.1,88,-2.5529,-1.81432,-1.11461,1.83165,-0.544291,0,0,0
L55989,L,297.3,308.5,1503,43.3,90,-2.6447,-1.9875,-0.0173592,0.803407,-0.514726,0,0,0
M23670,M,297.3,308.5,1625,32.8,92,-2.68156,-2.01865,1.68596,-1.65654,-0.437937,0,0,0
L55991,L,297.2,308.5,1574,35.8,95,-2.78488,-2.0466,1.11557,-1.03361,-0.360567,0,0,0
M23672,M,297.2,308.4,1378,41.9,97,-2.76813,-2.18256,-2.30602,0.446136,-0.349231,0,0,0
L55993,L,297.1,308.4,1693,29.5,100,-2.80867,-2.18212,2.22798,-2.21451,-0.202604,0,0,0
L55994,L,297.2,308.4,1462,51.2,102,-2.8101,-2.17341,-0.780267,2.382,-0.188375,0,0,0
H38229,H,297.3,308.5,1435,55,104,-2.69839,-2.02206,-1.29111,2.77834,-0.0848818,0,0,0
M23676,M,297.2,308.5,1425,45.8,109,-2.78498,-1.98157,-1.52003,1.34781,-0.000763595,0,0,0
H38231,H,297.3,308.6,1376,53.5,112,-2.70219,-1.82776,-2.33943,2.61793,0.144872,0,0,0
M23678,M,297.4,308.7,1481,48,117,-2.51479,-1.72695,-0.420989,1.80491,0.249941,0,0,0
H38233,H,297.4,308.7,1349,48.9,120,-2.56174,-1.74405,-2.65649,1.96821,0.364918,0,0,0
L56000,L,297.3,308.7,1551,40,125,-2.7298,-1.73436,0.828168,-0.0255216,0.500973,0,0,0
H38235,H,297.4,308.7,1623,33.8,127,-2.53719,-1.71657,1.70099,-1.45808,0.565316,0,0,0
L56002,L,297.4,308.8,1462,49.7,132,-2.54283,-1.54783,-0.784658,2.11723,0.697514,0,0,0
M23683,M,297.3,308.8,1447,57.4,134,-2.611,-1.57907,-1.08582,2.88566,0.737699,0,0,0
M23684,M,297.3,308.9,1799,24.5,137,-2.62876,-1.49219,2.69005,-2.77894,0.859109,0,0,0
M23685,M,297.3,308.8,1548,41.3,140,-2.61492,-1.49946,0.729998,0.278327,0.926647,0,0,0
M23686,M,297.2,308.8,1485,47.9,143,-2.78224,-1.54841,-0.360648,1.81479,1.03847,0,0,0
L56007,L,297.2,308.7,1463,49.9,146,-2.77021,-1.71288,-0.761927,2.17646,1.15274,0,0,0
L56008,L,297.3,308.7,1587,35.8,148,-2.61053,-1.71275,1.3046,-1.05323,1.1979,0,0,0
M23689,M,297.3,308.8,1469,44.1,150,-2.66241,-1.56997,-0.620868,0.98159,1.25314,0,0,0
H38244,H,297.3,308.7,1430,42.8,153,-2.6476,-1.74252,-1.42101,0.662342,1.32704,0,0,0
H38245,H,297.4,308.7,1726,26.8,158,-2.53958,-1.71676,2.41918,-2.57903,1.46345,0,0,0
L56012,L,297.4,308.8,1651,34.1,163,-2.52922,-1.54896,1.94514,-1.37132,1.59846,0,0,0
L56013,L,297.4,308.8,1529,41.3,165,-2.54562,-1.57876,0.474426,0.256484,1.65261,0,0,0
L56014,L,297.4,308.8,1473,46.2,167,-2.54423,-1.58679,-0.544352,1.46425,1.7077,0,0,0
H38249,H,297.4,308.8,1324,53.5,169,-2.51617,-1.59965,-2.88344,2.57857,1.76135,0,0,0
L56016,L,297.4,308.9,1708,28.8,174,-2.52101,-1.45716,2.35828,-2.35843,1.90328,0,0,0
M23697,M,297.5,309.1,1540,38.5,176,-2.40173,-1.24481,0.611495,-0.348663,1.98173,0,0,0
L56018,L,297.5,309,1320,54.7,179,-2.44027,-1.4326,-2.90104,2.72335,1.99007,0,0,0
M23699,M,297.4,308.9,1376,39,181,-2.53891,-1.44592,-2.332,-0.256206,2.10491,0,0,0
M23700,M,297.3,308.7,1542,37,184,-2.66475,-1.70478,0.657613,-0.749659,2.20287,0,0,0
L56021,L,297.3,308.7,1506,39.3,187,-2.65329,-1.73828,0.0688464,-0.174466,2.25538,0,0,0
L56022,L,297.3,308.7,1492,43.6,189,-2.63104,-1.73541,-0.190719,0.851735,2.27911,0,0,0
H38257,H,297.3,308.8,1564,38,191,-2.64973,-1.60682,0.958072,-0.509453,2.36204,0,0,0
H38258,H,297.4,308.9,1645,30.8,196,-2.57139,-1.48585,1.90189,-1.99639,2.5167,0,0,0
M23705,M,297.4,308.9,1348,59.1,201,-2.533,-1.46652,-2.72499,2.94815,2.65911,0,0,0
M23706,M,297.4,308.8,1325,62.4,204,-2.52171,-1.62661,-2.89028,3.05884,2.7428,0,1,1
L56027,L,297.5,308.9,1443,43.5,0,-2.43866,-1.4742,-1.16059,0.84407,-3.12476,0,0,0
M23708,M,297.5,308.9,1436,44.8,2,-2.41189,-1.49489,-1.28847,1.15666,-3.07911,0,0,0
L56029,L,297.5,308.9,1596,30.7,5,-2.46171,-1.45417,1.38741,-1.98195,-2.92962,0,0,0
L56030,L,297.6,309,1491,43.2,7,-2.31636,-1.33611,-0.240884,0.781363,-2.90049,0,0,0
M23711,M,297.7,308.9,1573,35.1,9,-2.2043,-1.46776,1.15253,-1.19731,-2.8201,0,0,0
L56032,L,297.7,308.9,1575,39.9,12,-2.20728,-1.46642,1.13326,-0.057513,-2.77961,0,0,0
L56033,L,297.7,308.9,1458,41.1,14,-2.21244,-1.52134,-0.851573,0.278819,-2.71573,0,0,0
M23714,M,297.7,309,1433,41.8,16,-2.24124,-1.32766,-1.36901,0.438605,-2.62214,0,0,0
L56035,L,297.7,308.9,1662,28.1,19,-2.24141,-1.45717,2.0695,-2.40944,-2.53726,0,0,0
M23716,M,297.7,308.9,1327,63.7,21,-2.22868,-1.48691,-2.87319,3.04551,-2.44797,0,0,0
L56037,L,297.7,308.9,1742,26.3,24,-2.24723,-1.4904,2.47422,-2.61093,-2.39712,0,0,0
L56038,L,297.8,308.9,1506,33.5,26,-2.13916,-1.47969,0.0196836,-1.5272,-2.31905,0,0,0
L56039,L,297.9,309.1,1457,44.4,28,-2.07416,-1.25072,-0.873734,1.02576,-2.31053,0,0,0
M23720,M,297.9,309.1,1488,37.3,30,-2.03325,-1.28534,-0.261971,-0.686924,-2.23224,0,0,0
L56041,L,297.9,309.1,1619,34.7,33,-2.02748,-1.26071,1.66036,-1.28363,-2.09902,0,0,0
M23722,M,298,309.2,1558,41.7,35,-1.99473,-1.09956,0.895383,0.34002,-2.047,0,0,0
L56043,L,298,309.2,1731,28.7,38,-2.00372,-1.11171,2.43241,-2.34848,-1.99959,0,0,0
M23724,M,298,309.1,1574,34.8,40,-1.96576,-1.27961,1.10748,-1.26491,-1.94948,0,0,0
L56045,L,297.9,309,1290,49.8,43,-2.08833,-1.34924,-3.04581,2.13279,-1.87644,0,0,0
H38280,H,297.9,308.9,1416,39.6,45,-2.03941,-1.52949,-1.71404,-0.124271,-1.82787,0,0,0
L56047,L,297.9,308.9,1566,41.9,50,-2.06316,-1.5259,0.973133,0.459587,-1.68301,0,0,0
L56048,L,297.9,309,1456,46.5,52,-2.03802,-1.3485,-0.9216,1.51943,-1.58873,0,0,0
L56049,L,297.9,309,1528,37.5,54,-2.0679,-1.35114,0.434305,-0.655622,-1.53369,0,0,0
M23730,M,297.9,309.1,1338,49.6,56,-2.04626,-1.22091,-2.74375,2.07436,-1.47539,0,0,0
M23731,M,297.9,309.1,1558,39.2,59,-2.06503,-1.2644,0.919883,-0.244205,-1.4095,0,0,0
M23732,M,297.9,309.1,1614,38.1,62,-2.08221,-1.29102,1.58208,-0.482745,-1.29244,0,0,0
H38287,H,298,309.1,1557,36.4,65,-1.97905,-1.25377,0.899301,-0.885265,-1.21969,0,0,0
L56054,L,298.1,309.3,1443,45.3,70,-1.87503,-0.945645,-1.18053,1.23324,-1.05903,0,0,0
H38289,H,298.1,309.3,1332,51,72,-1.88698,-0.909038,-2.81837,2.31801,-1.05225,0,0,0
M23736,M,298.1,309.3,1752,25.2,77,-1.89685,-0.959277,2.51736,-2.70681,-0.858169,0,0,0
M23737,M,298.1,309.2,1460,45.8,80,-1.87095,-1.13818,-0.837878,1.40489,-0.734135,0,0,0
L56058,L,298.1,309.2,1802,26.9,83,-1.89817,-1.09977,2.70682,-2.53874,-0.709237,0,0,0
L56059,L,298,309.2,1527,39.5,85,-1.9544,-1.12333,0.403083,-0.119876,-0.668989,0,0,0
L56060,L,298,309.2,1458,39.8,87,-1.96958,-1.12869,-0.838429,-0.0986672,-0.580821,0,0,0
H38295,H,298,309.2,1520,37.9,89,-1.95067,-1.11199,0.293856,-0.517987,-0.547265,0,0,0
L56062,L,298,309.2,1378,49.7,94,-1.94145,-1.1006,-2.32553,2.10437,-0.419874,0,0,0
M23743,M,297.9,309.2,1529,38.1,96,-2.07735,-1.13287,0.44944,-0.50139,-0.340078,0,0,0
L56064,L,298,309.2,1527,32.4,99,-2.00556,-1.10309,0.434803,-1.74485,-0.279863,0,0,0
M23745,M,298,309.2,1438,42.9,101,-1.94343,-1.12658,-1.32368,0.701636,-0.21062,0,0,0
L56066,L,297.9,309,1583,36.7,104,-2.04645,-1.30536,1.2444,-0.829239,-0.12619,0,0,0
L56067,L,297.8,308.9,1530,37.6,106,-2.15799,-1.50317,0.455888,-0.635462,-0.0467305,0,0,0
M23748,M,297.7,308.9,1530,39.1,108,-2.20703,-1.52017,0.478046,-0.268366,-0.0073542,0,0,0
M23749,M,297.7,308.8,2089,19.1,111,-2.24392,-1.58973,3.02567,-3.01158,0.118369,0,0,0
L56070,L,297.7,308.8,1616,34.2,114,-2.25424,-1.5407,1.61854,-1.38328,0.197184,0,0,0
M23751,M,297.7,308.9,1681,28.3,116,-2.19346,-1.54703,2.1718,-2.37545,0.234155,0,0,0
L56072,L,297.6,308.8,1475,43,119,-2.34081,-1.55525,-0.555829,0.71515,0.353687,0,0,0
L56073,L,297.5,308.7,1371,46.5,121,-2.39405,-1.73272,-2.41099,1.51099,0.372862,0,0,0
M23754,M,297.5,308.7,1546,38,123,-2.40415,-1.73496,0.717497,-0.462479,0.444565,0,0,0
H38309,H,297.4,308.6,1461,40.1,126,-2.62204,-1.82654,-0.79469,0.00201458,0.515705,0,0,0
L56076,L,297.4,308.7,1638,31.9,131,-2.60204,-1.71095,1.84764,-1.82312,0.687773,0,0,0
M23757,M,297.3,308.7,1577,35.6,133,-2.63196,-1.68575,1.20596,-1.10632,0.692812,0,0,0
L56078,L,297.4,308.6,1532,38.7,136,-2.5912,-1.79046,0.504836,-0.336847,0.85515,0,0,0
M23759,M,297.3,308.5,1710,27.7,138,-2.63999,-2.02029,2.39625,-2.47121,0.874199,0,0,0
M23760,M,297.3,308.6,1584,29.4,141,-2.62275,-1.82466,1.24885,-2.23615,0.951715,0,0,0
L56081,L,297.3,308.6,1446,50.1,144,-2.65493,-1.79324,-1.11863,2.1498,1.05484,0,0,0
H38316,H,297.4,308.7,1522,46.3,146,-2.60825,-1.72461,0.359079,1.47245,1.11727,0,0,0
M23763,M,297.4,308.7,1382,49.9,151,-2.58957,-1.7309,-2.26349,2.16062,1.24919,0,0,0
L56084,L,297.4,308.7,1584,38.2,154,-2.6281,-1.70596,1.23968,-0.45042,1.31932,0,0,0
L56085,L,297.3,308.6,1385,55.2,156,-2.64931,-1.87176,-2.23328,2.77111,1.38056,0,0,0
L56086,L,297.3,308.7,1592,34.4,158,-2.64637,-1.70217,1.31434,-1.35274,1.43366,0,0,0
M23767,M,297.2,308.6,1404,43.7,160,-2.79643,-1.86098,-1.89161,0.865739,1.50504,0,0,0
L56088,L,297.2,308.5,1518,44.3,163,-2.78284,-2.00906,0.280212,1.00627,1.6006,0,0,0
L56089,L,297.1,308.4,1529,40.4,165,-2.78872,-2.16408,0.454356,0.0653201,1.6356,0,0,0
L56090,L,297.1,308.4,1550,37,167,-2.75859,-2.12942,0.725398,-0.787799,1.74037,0,0,0
L56091,L,297.1,308.3,1773,23.8,169,-2.81217,-2.28457,2.62524,-2.79301,1.72603,0,0,0
L56092,L,297.2,308.5,1446,43.7,171,-2.76871,-2.0188,-1.16409,0.874559,1.83423,0,0,0
M23773,M,297.2,308.5,1487,46.9,173,-2.76384,-2.03404,-0.304288,1.59811,1.83155,0,0,0
M23774,M,297.3,308.5,1524,49.3,176,-2.63837,-2.01596,0.367494,2.02025,1.91832,0,0,0
L56095,L,297.1,308.3,1403,54.1,179,-2.79728,-2.29183,-1.89687,2.69159,2.07164,0,0,0
L56096,L,297.1,308.2,2267,15.7,181,-2.80033,-2.44577,3.09321,-3.09323,2.12181,0,0,0
M23777,M,297.1,308.2,1529,37.9,183,-2.76201,-2.41888,0.42989,-0.547465,2.14002,0,0,0
L56098,L,297.1,308.2,1402,51.2,186,-2.78229,-2.44857,-1.93422,2.38395,2.22238,0,0,0
L56099,L,297.2,308.3,1693,28,188,-2.77394,-2.28275,2.24101,-2.40941,2.29011,0,0,0
L56100,L,297.1,308.3,1496,45.8,190,-2.79754,-2.30278,-0.155455,1.38973,2.34415,0,0,0
L56101,L,297.1,308.1,1633,33.3,192,-2.76853,-2.56648,1.77129,-1.55719,2.41314,0,0,0
L56102,L,297.1,308.2,1399,42.6,194,-2.83355,-2.46827,-2.01563,0.59252,2.47101,0,0,0
M23783,M,297,308.1,1363,45.3,196,-2.87275,-2.5178,-2.4961,1.24873,2.54014,0,0,0
H38338,H,297.1,308.2,1527,42.2,199,-2.81623,-2.45666,0.436211,0.511791,2.59176,0,0,0
M23785,M,297.2,308.2,1405,42.5,204,-2.77164,-2.47889,-1.88037,0.60802,2.7658,0,0,0
M23786,M,297.3,308.3,1459,59.6,207,-2.6446,-2.28923,-0.842349,3.00261,2.83665,0,1,1
M23787,M,297.4,308.4,1789,25,210,-2.60915,-2.11311,2.67903,-2.69711,2.93157,0,0,0
L56108,L,297.4,308.4,1531,41.5,213,-2.58643,-2.12387,0.519923,0.358772,2.99271,0,0,0
M23789,M,297.4,308.4,1620,35.8,215,-2.61465,-2.15329,1.64323,-1.00891,3.03028,0,0,0
L56110,L,297.4,308.4,1571,39.4,0,-2.5768,-2.10313,1.10451,-0.173834,-3.1128,0,0,0
L56111,L,297.4,308.4,1434,39.9,2,-2.59845,-2.12435,-1.33174,-0.0671572,-3.06952,0,0,0
L56112,L,297.4,308.4,1474,43.6,4,-2.57204,-2.15895,-0.536381,0.84548,-2.98648,0,0,0
M23793,M,297.3,308.3,1544,41.7,6,-2.61977,-2.30895,0.692262,0.402829,-2.948,0,0,0
L56114,L,297.3,308.2,1601,35.7,9,-2.59849,-2.45964,1.47988,-1.10171,-2.88583,0,0,0
L56115,L,297.4,308.3,1801,26.9,11,-2.61493,-2.24469,2.6914,-2.54899,-2.80429,0,0,0
L56116,L,297.4,308.3,1465,42,13,-2.60635,-2.25544,-0.708521,0.471169,-2.73573,0,0,0
M23797,M,297.4,308.4,1340,52.6,15,-2.60277,-2.09068,-2.73762,2.51544,-2.69295,0,0,0
M23798,M,297.4,308.4,1517,41,18,-2.60153,-2.13111,0.229018,0.140583,-2.52481,0,0,0
M23799,M,297.3,308.4,1434,44.8,21,-2.656,-2.12221,-1.34905,1.14187,-2.51222,0,0,0
H38354,H,297.3,308.3,1935,19.3,24,-2.64675,-2.28052,2.95983,-3.03352,-2.43675,0,0,0
M23801,M,297.3,308.3,1595,32.2,29,-2.65846,-2.28325,1.38285,-1.80264,-2.26441,0,0,0
L56122,L,297.3,308.3,2188,17,32,-2.65718,-2.29048,3.08675,-3.0657,-2.13282,0,0,0
M23803,M,297.3,308.4,1449,44.4,34,-2.69318,-2.24378,-0.989343,1.05356,-2.10217,0,0,0
L56124,L,297.3,308.3,1471,38.2,37,-2.65111,-2.23908,-0.599215,-0.441697,-1.9978,0,0,0
L56125,L,297.4,308.2,1639,33.8,39,-2.5733,-2.46681,1.86223,-1.43342,-1.95441,0,0,0
M23806,M,297.3,308.2,1846,24.5,41,-2.67666,-2.4651,2.78928,-2.74533,-1.95406,0,0,0
M23807,M,297.3,308.2,1452,38.2,44,-2.66801,-2.41865,-0.974153,-0.485425,-1.78903,0,0,0
M23808,M,297.4,308.3,1483,41.9,47,-2.55228,-2.26144,-0.401402,0.426898,-1.72953,0,0,0
L56129,L,297.4,308.3,1284,60.3,50,-2.54514,-2.27762,-3.0412,3.01679,-1.654,0,0,0
L56130,L,297.4,308.2,1419,50,52,-2.58011,-2.46887,-1.66572,2.12703,-1.65001,0,0,0
L56131,L,297.3,308.1,1763,28.4,54,-2.67634,-2.53202,2.5713,-2.37009,-1.49879,0,0,0
M23812,M,297.2,308,1478,42.5,56,-2.77833,-2.59918,-0.443767,0.579113,-1.45776,0,0,0
L56133,L,297.3,308,1518,36,59,-2.71209,-2.60971,0.243427,-0.976537,-1.40414,0,0,0
L56134,L,297.3,308,1447,49,61,-2.69753,-2.53646,-1.09183,1.99513,-1.30722,0,0,0
M23815,M,297.4,308,1355,55.1,63,-2.54555,-2.56436,-2.59411,2.78198,-1.28374,0,0,0
L56136,L,297.4,308.1,1348,57.4,66,-2.55476,-2.49139,-2.69003,2.90987,-1.15318,0,0,0
L56137,L,297.4,308.1,1348,53.7,68,-2.56432,-2.46656,-2.68381,2.62221,-1.14746,0,0,0
M23818,M,297.4,308.1,1734,27.7,70,-2.54257,-2.48207,2.50189,-2.45603,-1.0759,0,0,0
L56139,L,297.3,308,1420,46.5,73,-2.71218,-2.58077,-1.64866,1.52141,-1.01293,0,0,0
L56140,L,297.3,307.9,1797,24.7,75,-2.67396,-2.65444,2.66662,-2.70052,-0.908401,0,0,0
M23821,M,297.3,308,1403,45,77,-2.69207,-2.5341,-1.94703,1.19174,-0.906451,0,0,0
L56142,L,297.3,307.9,1628,30.2,80,-2.66833,-2.63196,1.73085,-2.12171,-0.759457,0,0,0
M23823,M,297.2,307.9,1687,30.4,82,-2.76381,-2.66024,2.18372,-2.05161,-0.693612,0,0,0
M23824,M,297.2,307.9,1456,44.9,85,-2.75339,-2.63271,-0.881875,1.15761,-0.668973,0,0,0
L56145,L,297.1,307.9,1496,44.7,88,-2.8153,-2.64125,-0.115512,1.12378,-0.560431,0,0,0
L56146,L,297.1,307.8,1636,30.3,90,-2.8097,-2.78827,1.86914,-2.07521,-0.522919,0,0,0
L56147,L,297.1,307.8,1536,40.4,92,-2.82471,-2.76533,0.61217,0.0530306,-0.459272,0,0,0
L56148,L,297.1,307.8,1454,50.6,94,-2.86092,-2.78601,-0.935743,2.26047,-0.383073,0,0,0
L56149,L,297,307.8,1396,50,96,-2.88541,-2.80533,-2.0292,2.15193,-0.349969,0,0,0
L56150,L,297,307.6,1575,37.4,98,-2.88721,-2.96349,1.14454,-0.610997,-0.226204,0,0,0
L56151,L,296.9,307.6,1514,35.7,100,-2.8295,-2.9052,0.191125,-1.10134,-0.20045,0,0,0
M23832,M,296.8,307.4,1455,49.9,102,-2.9438,-2.99727,-0.94911,2.1208,-0.152689,0,0,0
L56153,L,296.8,307.4,1549,48.3,105,-2.94402,-2.99393,0.774786,1.91338,-0.107806,0,0,0
L56154,L,296.8,307.5,1474,42.4,107,-2.90972,-2.95636,-0.549763,0.578596,-0.0561239,0,0,0
H38389,H,296.7,307.4,1661,34.2,109,-2.98375,-2.98876,2.00879,-1.38931,0.0568208,0,0,0
L56156,L,296.7,307.4,1535,34.6,114,-2.98406,-3.00115,0.530661,-1.29722,0.172851,0,0,0
M23837,M,296.9,307.5,1556,31.2,116,-2.86431,-2.94794,0.852689,-1.92875,0.206201,0,0,0
L56158,L,296.9,307.6,1435,45,119,-2.87931,-2.91293,-1.34025,1.18001,0.340724,0,0,0
M23839,M,296.9,307.5,1332,51.1,121,-2.88733,-2.93272,-2.82922,2.35264,0.415268,0,0,0
L56160,L,297,307.6,1513,42.4,124,-2.88518,-2.94241,0.153226,0.560332,0.47651,0,0,0
L56161,L,297,307.7,1502,39.4,126,-2.85274,-2.88999,-0.014641,-0.185747,0.561142,0,0,0
L56162,L,297,307.7,1315,60.1,128,-2.88014,-2.84943,-2.90549,3.00747,0.598345,0,0,0
M23843,M,297,307.7,1261,51.1,130,-2.90427,-2.87543,-3.13384,2.36906,0.636185,0,0,0
L56164,L,297.1,307.8,1406,60.4,133,-2.81748,-2.79138,-1.84746,2.997,0.728904,0,0,0
L56165,L,297.1,307.8,1584,42.3,135,-2.84501,-2.77231,1.24575,0.50286,0.760625,0,0,0
M23846,M,297.1,307.8,1443,43.9,137,-2.86875,-2.82257,-1.17992,0.919416,0.827965,0,0,0
L56167,L,297.2,307.9,1580,35.8,140,-2.74036,-2.65451,1.2218,-1.07884,0.898347,0,0,0
L56168,L,297.2,307.9,1825,24.6,142,-2.74659,-2.6249,2.74969,-2.74958,0.965622,0,0,0
L56169,L,297.2,307.9,1469,48.2,144,-2.71294,-2.63244,-0.650058,1.85118,1.05691,0,0,0
L56170,L,297.2,307.9,1493,38.4,146,-2.70089,-2.6603,-0.167223,-0.425997,1.10601,0,0,0
M23851,M,297.3,308,1598,29.4,148,-2.67348,-2.61567,1.40569,-2.24363,1.15881,0,0,0
H38406,H,297.2,307.9,1450,37.2,151,-2.72478,-2.65973,-1.02275,-0.673181,1.27641,0,0,0
M23853,M,297.2,307.9,1632,37.5,156,-2.72879,-2.61074,1.78738,-0.61753,1.41599,0,0,0
M23854,M,297.1,307.9,1980,20.3,159,-2.83863,-2.61776,2.94166,-2.99802,1.46741,0,0,0
L56175,L,297.2,308,1474,43.7,162,-2.73492,-2.5795,-0.545435,0.90298,1.53365,0,0,0
L56176,L,297.2,307.9,1540,37.1,164,-2.73641,-2.64211,0.57902,-0.733446,1.62096,0,0,0
M23857,M,297.1,307.9,1609,38.9,166,-2.83422,-2.67053,1.51722,-0.293559,1.66687,0,0,0
L56178,L,297.1,308,1467,42.8,169,-2.85192,-2.59328,-0.740701,0.63595,1.74543,0,0,0
L56179,L,297.1,307.9,1492,39.4,171,-2.81331,-2.65718,-0.240733,-0.1778,1.78397,0,0,0
L56180,L,297,307.9,1493,46.1,173,-2.84813,-2.61338,-0.166606,1.4134,1.87503,0,0,0
L56181,L,297,307.8,1500,39.9,175,-2.82907,-2.8242,-0.0345633,-0.0655479,1.9518,0,0,0
L56182,L,297.1,307.8,1477,36.6,177,-2.80721,-2.8192,-0.527226,-0.796453,2.03121,0,0,0
L56183,L,297.1,307.9,1342,49.1,179,-2.80204,-2.63236,-2.73785,2.04302,2.03424,0,0,0
M23864,M,297.1,307.8,1538,34.3,181,-2.82653,-2.72958,0.592427,-1.36314,2.10184,0,0,0
L56185,L,297.2,307.9,1337,58.1,184,-2.70691,-2.64741,-2.79063,2.92609,2.1748,0,0,0
L56186,L,297.3,307.9,1417,41.8,186,-2.72532,-2.66924,-1.73996,0.39175,2.26879,0,0,0
L56187,L,297.4,308,1383,46.2,188,-2.57737,-2.68426,-2.2541,1.47578,2.269,0,0,0
M23868,M,297.4,308,1440,42.4,190,-2.55557,-2.64353,-1.23894,0.561458,2.38544,0,0,0
L56189,L,297.3,307.9,1579,34.4,193,-2.67231,-2.6544,1.17562,-1.31501,2.44709,0,0,0
L56190,L,297.2,307.9,1441,40,195,-2.76821,-2.6669,-1.22775,-0.0406066,2.49526,0,0,0
M23871,M,297.2,307.9,1530,35.9,197,-2.73897,-2.65077,0.491023,-1.0247,2.57642,0,0,0
L56192,L,297.2,308,1705,26,200,-2.7146,-2.56431,2.33419,-2.63776,2.63659,0,0,0
H38427,H,297.2,308,1435,43,202,-2.77478,-2.57513,-1.35717,0.738494,2.69042,0,0,0
M23874,M,297.2,308.1,1340,61.3,207,-2.73199,-2.53588,-2.72031,3.01701,2.86719,0,1,1
L56195,L,297.2,308.1,1431,49.7,210,-2.77031,-2.52879,-1.38835,2.09383,2.91875,0,1,1
L56196,L,297.3,308.2,1396,52.7,212,-2.64103,-2.40135,-2.0565,2.48489,2.94636,0,1,1
M23877,M,297.3,308.1,1369,52,214,-2.6827,-2.48594,-2.44164,2.46398,2.98287,0,0,0
L56198,L,297.3,308.1,1615,35.4,217,-2.61897,-2.49758,1.58832,-1.12436,2.97983,0,1,1
L56199,L,297.2,308.1,1662,31.3,0,-2.73656,-2.5455,2.04277,-1.90059,-3.13736,0,0,0
L56200,L,297.3,308.2,1553,33.5,2,-2.63446,-2.40786,0.798064,-1.54314,-3.07,0,0,0
M23881,M,297.4,308.2,1536,34.6,4,-2.59532,-2.37295,0.580342,-1.31316,-2.9681,0,0,0
L56202,L,297.4,308.3,1548,46.6,7,-2.55491,-2.37138,0.744136,1.526,-2.85614,0,0,0
L56203,L,297.4,308.3,1706,30.9,9,-2.56458,-2.3215,2.31675,-1.97813,-2.83089,0,0,0
L56204,L,297.4,308.3,1366,45.5,11,-2.58122,-2.34892,-2.45166,1.27371,-2.79648,0,0,0
L56205,L,297.5,308.4,1440,35.9,13,-2.40291,-2.23432,-1.23894,-1.02877,-2.69879,0,0,0
M23886,M,297.5,308.4,1685,28.1,15,-2.42342,-2.20319,2.18818,-2.37489,-2.64222,0,0,0
M23887,M,297.4,308.3,1444,44,18,-2.57596,-2.31814,-1.19117,0.96402,-2.53663,0,0,0
L56208,L,297.4,308.3,1395,48.7,21,-2.58738,-2.33493,-2.06343,1.96892,-2.46635,0,0,0
L56209,L,297.4,308.3,1483,38.8,23,-2.61053,-2.31535,-0.382391,-0.301998,-2.42256,0,0,0
M23890,M,297.5,308.4,1403,44.3,25,-2.4369,-2.20061,-1.95242,0.992374,-2.38256,0,0,0
H38445,H,297.5,308.4,1793,23.9,28,-2.41265,-2.21256,2.66103,-2.79714,-2.27476,0,0,0
L56212,L,297.4,308.3,1723,28.8,33,-2.58524,-2.30082,2.4137,-2.31672,-2.13515,0,0,0
L56213,L,297.4,308.2,1386,41,35,-2.56076,-2.36583,-2.19359,0.220287,-2.07883,0,0,0
H38448,H,297.4,308.2,1585,46.2,37,-2.58641,-2.4087,1.26004,1.45306,-2.03428,0,0,0
M23895,M,297.3,308.1,1731,27.7,42,-2.71553,-2.57724,2.44572,-2.47063,-1.88358,0,0,0
L56216,L,297.3,308.3,1519,37.7,45,-2.67806,-2.31279,0.29142,-0.57745,-1.82287,0,0,0
L56217,L,297.3,308.2,1896,24.4,47,-2.64663,-2.43754,2.91746,-2.76026,-1.75814,0,0,0
L56218,L,297.3,308.3,2358,14.9,49,-2.70613,-2.29135,3.08954,-3.12027,-1.65036,0,0,0
M23899,M,297.3,308.3,1341,51.9,51,-2.62548,-2.33733,-2.77657,2.38038,-1.64354,0,0,0
L56220,L,297.3,308.3,1550,37,54,-2.66353,-2.35286,0.758303,-0.715747,-1.52656,0,0,0
L56221,L,297.3,308.3,1309,61.5,56,-2.6475,-2.35583,-2.98457,3.02287,-1.48666,0,0,0
M23902,M,297.3,308.4,1599,32.9,58,-2.67757,-2.21476,1.44109,-1.61058,-1.41182,0,0,0
L56223,L,297.4,308.4,1343,40,61,-2.58879,-2.22931,-2.74538,-0.0440113,-1.30629,0,0,0
L56224,L,297.4,308.4,1378,39.9,63,-2.56971,-2.23955,-2.32662,-0.0707986,-1.2655,0,0,0
L56225,L,297.4,308.4,1603,34.6,65,-2.61158,-2.22042,1.50042,-1.32034,-1.22108,0,0,0
L56226,L,297.4,308.4,1664,28.1,67,-2.59334,-2.24754,2.02599,-2.39156,-1.18586,0,0,0
L56227,L,297.3,308.4,1488,37.4,69,-2.65774,-2.238,-0.264181,-0.609875,-1.12487,0,0,0
M23908,M,297.3,308.4,1370,50.5,71,-2.68448,-2.21869,-2.44678,2.21494,-1.06653,0,0,0
L56229,L,297.3,308.5,1545,34.3,74,-2.67049,-1.93807,0.717253,-1.33225,-0.929379,0,0,0
M23910,M,297.4,308.5,1566,31.4,76,-2.63213,-2.01756,1.03466,-1.91092,-0.885056,0,0,0
L56231,L,297.4,308.6,1820,24.6,79,-2.63052,-1.86297,2.74136,-2.72918,-0.80187,0,0,0
M23912,M,297.4,308.6,1901,22.1,81,-2.62903,-1.84069,2.85699,-2.89014,-0.789331,0,0,0
M23913,M,297.4,308.5,1638,32.2,84,-2.60392,-1.99357,1.8478,-1.74925,-0.685383,0,0,0
M23914,M,297.3,308.4,1521,38.2,87,-2.66996,-2.20229,0.3212,-0.452088,-0.56859,0,0,0
H38469,H,297.3,308.4,1864,23.1,90,-2.63445,-2.23225,2.82965,-2.83657,-0.503559,0,0,0
L56236,L,297.3,308.3,1430,41.9,95,-2.6555,-2.2943,-1.42063,0.45428,-0.359794,0,0,0
M23917,M,297.3,308.4,1686,34.5,97,-2.66623,-2.24096,2.1817,-1.35642,-0.307768,0,0,0
M23918,M,297.2,308.3,1326,57.2,100,-2.78378,-2.36791,-2.85391,2.87962,-0.208947,0,0,0
L56239,L,297.2,308.3,1805,25.6,103,-2.73808,-2.30563,2.69765,-2.71467,-0.121931,0,0,0
H38474,H,297.2,308.3,1453,45.8,105,-2.767,-2.37565,-0.993232,1.3737,-0.0543786,0,0,0
M23921,M,297.2,308.4,1863,26,110,-2.74035,-2.18618,2.84065,-2.62377,0.076662,0,0,0
L56242,L,297.2,308.3,1576,35.3,113,-2.72255,-2.33343,1.15975,-1.12257,0.14096,0,0,0
L56243,L,297.2,308.3,1419,39.7,115,-2.78308,-2.3038,-1.59357,-0.0682559,0.204609,0,0,0
L56244,L,297.2,308.4,1833,25.2,117,-2.77503,-2.18078,2.77815,-2.69418,0.318562,0,0,0
H38479,H,297.2,308.4,2182,17.3,119,-2.76631,-2.18881,3.07783,-3.07976,0.347122,0,0,0
L56246,L,297.2,308.3,1656,30.3,124,-2.80222,-2.34148,1.99866,-2.06527,0.492381,0,0,0
L56247,L,297.1,308.2,1351,56.6,126,-2.82579,-2.40074,-2.64151,2.85453,0.530139,0,0,0
H38482,H,297.1,308.2,1790,30.3,128,-2.8385,-2.4233,2.66135,-2.05233,0.604239,0,0,0
M23929,M,297.2,308.2,1678,28.1,133,-2.76637,-2.45017,2.12355,-2.41309,0.734679,0,0,0
L56250,L,297.1,308.2,1427,45.2,136,-2.81449,-2.39403,-1.46099,1.24984,0.78821,0,0,0
L56251,L,297,308.1,1429,54,138,-2.87616,-2.52764,-1.49775,2.64243,0.869259,0,0,0
H38486,H,297.2,308.1,1770,27.2,140,-2.78691,-2.47823,2.59794,-2.52674,0.93888,0,0,0
L56253,L,297.2,308.1,1689,31.2,145,-2.76926,-2.43261,2.21211,-1.91608,1.04287,0,0,0
M23934,M,297.2,308.1,1554,41.3,147,-2.77967,-2.45778,0.856828,0.334839,1.09159,0,0,0
L56255,L,297.3,308.1,1506,36,150,-2.67412,-2.48049,0.0324238,-0.991029,1.17859,0,0,0
L56256,L,297.2,308.1,1474,44.3,152,-2.7594,-2.48651,-0.5607,0.991926,1.25356,0,0,0
L56257,L,297.3,308.1,1762,26.1,154,-2.62161,-2.4579,2.57961,-2.63226,1.32775,0,0,0
L56258,L,297.3,308.1,1566,35.7,156,-2.68072,-2.43457,1.02779,-1.0796,1.37813,0,0,0
H38493,H,297.3,308.1,1554,42.4,158,-2.71202,-2.46944,0.821151,0.551356,1.43714,0,0,0
L56260,L,297.2,308,1869,25.4,163,-2.71519,-2.54919,2.82527,-2.66226,1.58174,0,0,0
L56261,L,297.3,308,1527,35.1,165,-2.67248,-2.5929,0.429768,-1.16902,1.63127,0,0,0
L56262,L,297.2,307.9,1309,49.6,167,-2.71861,-2.70722,-2.95139,2.07087,1.71813,0,0,0
M23943,M,297.2,307.9,1541,35.7,169,-2.76155,-2.72134,0.633624,-1.01713,1.75517,0,0,0
L56264,L,297.2,307.9,1326,75.4,172,-2.72152,-2.69256,-2.88252,3.11752,1.83153,0,1,1
H38499,H,297.1,307.9,1365,54,174,-2.83033,-2.69581,-2.50062,2.6693,1.89792,0,0,0
L56266,L,297.1,307.8,1428,43.7,179,-2.75897,-2.73286,-1.46867,0.888639,2.07313,0,0,0
L56267,L,297.1,307.8,1681,27.6,181,-2.80475,-2.70125,2.16139,-2.47229,2.07851,0,0,0
M23948,M,297.1,307.9,1662,26.9,183,-2.81299,-2.70684,2.0188,-2.56664,2.1719,0,0,0
L56269,L,297.2,307.9,1989,20.3,186,-2.73,-2.65141,2.97975,-2.96547,2.25092,0,0,0
M23950,M,297.2,307.9,1747,29,188,-2.71942,-2.71284,2.50703,-2.28625,2.30429,0,0,0
M23951,M,297.2,308,1765,31.1,191,-2.74653,-2.5909,2.59075,-1.9253,2.3834,0,0,0
L56272,L,297.3,308.1,1568,34.4,194,-2.66295,-2.45996,1.06733,-1.33096,2.43476,0,0,0
M23953,M,297.3,308.1,1709,30.6,196,-2.70304,-2.45061,2.33699,-2.04379,2.55771,0,0,0
M23954,M,297.3,308.1,1370,58.8,199,-2.69772,-2.51399,-2.44137,2.97362,2.64646,0,0,0
L56275,L,297.3,308.1,1458,45.7,202,-2.66557,-2.44543,-0.827252,1.28809,2.68058,0,0,0
L56276,L,297.2,308.1,1712,30.9,204,-2.75485,-2.52291,2.38526,-2.03353,2.7567,0,0,0
L56277,L,297.3,308.1,1642,36.9,206,-2.69918,-2.48167,1.91062,-0.759706,2.77232,0,0,0
L56278,L,297.3,308.1,1468,49.8,0,-2.69057,-2.51645,-0.667578,2.16103,-3.13114,0,0,0
H38513,H,297.3,308.1,1477,52.3,2,-2.69043,-2.53666,-0.534202,2.44903,-3.03909,0,0,0
L56280,L,297.3,308.2,1446,53.5,7,-2.66317,-2.41226,-1.13296,2.61191,-2.92798,0,0,0
H38515,H,297.3,308.2,1653,31.4,9,-2.65344,-2.4419,1.92085,-1.88678,-2.84637,0,0,0
L56282,L,297.3,308.3,1494,38.2,14,-2.64554,-2.35301,-0.160891,-0.433666,-2.67307,0,0,0
L56283,L,297.3,308.2,1490,41,16,-2.62624,-2.44128,-0.283458,0.212507,-2.60844,0,0,0
M23964,M,297.4,308.3,1550,47.8,18,-2.59603,-2.35208,0.81297,1.77911,-2.55592,0,0,0
M23965,M,297.3,308.2,1677,34.9,21,-2.63061,-2.442,2.12547,-1.23353,-2.47291,0,0,0
L56286,L,297.4,308.3,1854,21.8,24,-2.61709,-2.29529,2.80989,-2.90532,-2.37548,0,0,0
M23967,M,297.5,308.5,1662,30.3,26,-2.44603,-2.00879,2.02771,-2.10171,-2.35753,0,0,0
M23968,M,297.5,308.6,1440,38.8,29,-2.4341,-1.84989,-1.20222,-0.278438,-2.25473,0,0,0
L56289,L,297.5,308.6,1513,39.7,32,-2.41059,-1.83486,0.158544,-0.117624,-2.16119,0,0,0
M23970,M,297.6,308.6,1389,49,34,-2.27352,-1.84648,-2.13005,2.05988,-2.1133,0,0,0
L56291,L,297.6,308.6,1351,51,37,-2.29906,-1.85247,-2.63582,2.28393,-2.0113,0,0,0
M23972,M,297.6,308.6,1482,38.3,39,-2.31211,-1.83329,-0.382775,-0.433405,-1.97004,0,0,0
L56293,L,297.6,308.6,1744,28.5,42,-2.26918,-1.82472,2.51759,-2.3139,-1.89684,0,0,0
L56294,L,297.6,308.7,1476,39,44,-2.28861,-1.6986,-0.550156,-0.28376,-1.80265,0,0,0
M23975,M,297.6,308.6,1444,48.2,46,-2.32569,-1.85706,-1.14807,1.87304,-1.78076,0,0,0
H38530,H,297.6,308.7,1659,32.1,49,-2.34138,-1.68394,2.03273,-1.77771,-1.66806,0,0,0
M23977,M,297.6,308.7,1475,46.6,54,-2.30321,-1.67272,-0.514113,1.54175,-1.52149,0,0,0
L56298,L,297.6,308.6,1526,42.1,57,-2.29039,-1.80765,0.421039,0.488916,-1.41927,0,0,0
M23979,M,297.4,308.4,1675,29.5,59,-2.61273,-2.18912,2.13245,-2.23261,-1.36427,0,0,0
L56300,L,297.4,308.4,1525,38.7,62,-2.61323,-2.17414,0.428593,-0.380683,-1.3001,0,0,0
L56301,L,297.3,308.3,1396,45.9,64,-2.60694,-2.35105,-2.05953,1.41367,-1.19634,0,0,0
L56302,L,297.4,308.4,1580,41.2,66,-2.63149,-2.18079,1.20525,0.261369,-1.16887,0,0,0
L56303,L,297.4,308.5,1462,42.8,68,-2.51487,-1.98254,-0.789371,0.675737,-1.14589,0,0,0
L56304,L,297.4,308.4,1426,50.4,70,-2.5678,-2.18355,-1.50981,2.20438,-1.07184,0,0,0
L56305,L,297.4,308.5,1569,34.2,72,-2.62157,-1.97185,1.0398,-1.38399,-1.0498,0,0,0
L56306,L,297.4,308.5,1477,40.7,74,-2.6263,-1.97817,-0.505043,0.194013,-0.979365,0,0,0
L56307,L,297.4,308.5,1761,27.2,76,-2.59986,-1.97846,2.57141,-2.54537,-0.886911,0,0,0
M23988,M,297.5,308.6,1486,45.9,78,-2.42464,-1.90371,-0.346301,1.3929,-0.832294,0,0,0
L56309,L,297.6,308.6,1664,30.1,81,-2.29721,-1.84604,2.05747,-2.12652,-0.780439,0,0,0
L56310,L,297.6,308.6,1576,32.7,83,-2.26918,-1.858,1.15585,-1.66292,-0.717939,0,0,0
H38545,H,297.6,308.6,1463,46.7,85,-2.32318,-1.82966,-0.753467,1.58747,-0.672002,0,0,0
M23992,M,297.6,308.6,1585,42,90,-2.34818,-1.79238,1.26449,0.458591,-0.506349,0,0,0
L56313,L,297.7,308.7,1479,45.7,93,-2.24003,-1.72531,-0.426635,1.32058,-0.423928,0,0,0
L56314,L,297.7,308.7,1449,40.2,95,-2.24933,-1.67167,-1.04148,0.0557275,-0.378898,0,0,0
H38549,H,297.7,308.8,1404,50.3,97,-2.24561,-1.63192,-1.87929,2.21623,-0.315249,0,0,0
L56316,L,297.7,308.7,1694,29.1,102,-2.23026,-1.68425,2.26806,-2.25467,-0.14894,0,0,0
L56317,L,297.7,308.7,1731,28.4,104,-2.23379,-1.70082,2.43713,-2.3621,-0.131304,0,0,0
L56318,L,297.6,308.6,1522,37,106,-2.31295,-1.84254,0.334791,-0.769796,-0.0630863,0,0,0
L56319,L,297.5,308.5,1536,36.9,108,-2.44622,-2.05657,0.547145,-0.771831,0.00462799,0,0,0
L56320,L,297.5,308.5,1373,39.9,110,-2.42421,-2.05169,-2.37956,-0.0331765,0.0875676,0,0,0
L56321,L,297.5,308.5,1597,36.4,112,-2.4467,-2.05559,1.42188,-0.878676,0.133978,0,0,0
L56322,L,297.6,308.5,1678,34.2,114,-2.327,-2.0294,2.11834,-1.38851,0.137713,0,0,0
L56323,L,297.6,308.5,1452,42.6,116,-2.3387,-2.03434,-1.00598,0.577898,0.253191,0,0,0
M24004,M,297.5,308.5,1447,41.6,118,-2.48068,-2.06344,-1.05732,0.375016,0.273557,0,0,0
L56325,L,297.6,308.5,1574,37.1,121,-2.3428,-2.00175,1.13074,-0.697523,0.409651,0,0,0
L56326,L,297.6,308.6,1528,40,123,-2.27932,-1.82997,0.416773,-0.04203,0.413504,0,0,0
L56327,L,297.7,308.7,1688,27.2,125,-2.20873,-1.71729,2.20951,-2.53814,0.488042,0,0,0
L56328,L,297.6,308.6,1393,40.4,127,-2.29018,-1.80059,-2.10594,0.0903279,0.578998,0,0,0
M24009,M,297.5,308.6,1429,50.5,129,-2.47579,-1.8224,-1.48648,2.2092,0.637772,0,0,0
M24010,M,297.5,308.6,1347,57,132,-2.43444,-1.77673,-2.71638,2.87502,0.718269,0,0,0
L56331,L,297.6,308.6,1553,40.5,135,-2.27019,-1.76556,0.829936,0.06766,0.769722,0,0,0
L56332,L,297.5,308.6,1260,53.6,137,-2.47783,-1.7961,-3.12158,2.60528,0.820363,0,0,0
L56333,L,297.5,308.6,1546,33.8,139,-2.50264,-1.79158,0.717314,-1.43816,0.925453,0,0,0
L56334,L,297.5,308.6,1596,36,141,-2.48071,-1.75636,1.38293,-0.987572,0.93168,0,0,0
L56335,L,297.5,308.5,1340,57.4,143,-2.49908,-2.0273,-2.80008,2.90288,1.02098,0,0,0
M24016,M,297.5,308.4,1369,54.8,145,-2.47599,-2.20311,-2.43179,2.76407,1.0659,0,0,0
L56337,L,297.5,308.5,1462,52.3,148,-2.47605,-2.0233,-0.822536,2.49092,1.15473,0,0,0
H38572,H,297.4,308.4,1487,46.2,150,-2.60003,-2.1598,-0.298577,1.45005,1.19789,0,0,0
M24019,M,297.5,308.6,1510,35.5,155,-2.49449,-1.78534,0.145379,-1.07939,1.3546,0,0,0
H38574,H,297.5,308.5,1671,28,158,-2.47464,-2.03261,2.08732,-2.42183,1.43427,0,0,0
M24021,M,297.5,308.5,1612,30,163,-2.48568,-2.03903,1.56706,-2.15509,1.63296,0,0,0
M24022,M,297.6,308.6,1509,39.7,166,-2.30264,-1.76409,0.121431,-0.107696,1.66609,0,0,0
L56343,L,297.6,308.6,1415,47.3,169,-2.31236,-1.80912,-1.71116,1.62931,1.72278,0,0,0
L56344,L,297.6,308.6,2384,14.4,171,-2.31828,-1.80002,3.11556,-3.14159,1.80635,0,0,0
L56345,L,297.6,308.6,1326,62.4,173,-2.31709,-1.78929,-2.89111,3.04715,1.93091,0,0,0
M24026,M,297.6,308.6,1390,53.4,175,-2.30021,-1.78738,-2.09334,2.62098,1.85711,0,0,0
M24027,M,297.6,308.7,1392,41.2,178,-2.35379,-1.6921,-2.1121,0.275284,2.0309,0,0,0
H38582,H,297.6,308.8,1385,44.4,181,-2.29917,-1.62833,-2.24309,1.04555,2.09238,0,0,0
L56349,L,297.7,308.8,1896,24.5,186,-2.21328,-1.60308,2.87098,-2.79496,2.2277,0,0,0
L56350,L,297.7,308.7,1474,46.8,188,-2.24864,-1.73846,-0.565435,1.59718,2.34386,0,0,0
M24031,M,297.7,308.8,1388,45.6,190,-2.25243,-1.59115,-2.15862,1.31041,2.31596,0,0,0
L56352,L,297.7,308.9,1715,27.2,193,-2.24143,-1.49043,2.33943,-2.47401,2.44945,0,0,0
H38587,H,297.8,308.9,1650,32.2,195,-2.1923,-1.55485,1.93362,-1.74617,2.51414,0,0,0
L56354,L,297.8,308.9,1871,25.6,200,-2.18162,-1.50433,2.83889,-2.65162,2.68696,0,1,1
L56355,L,297.8,309,1403,64.2,0,-2.19939,-1.3722,-1.90342,3.08398,-3.14159,0,1,1
L56356,L,297.8,308.9,1518,40.4,2,-2.16518,-1.52172,0.286985,0.114218,-3.01159,0,0,0
L56357,L,297.9,309.1,1504,43,4,-2.07824,-1.21124,0.015641,0.70122,-2.97407,0,0,0
L56358,L,297.8,309,1340,56.9,6,-2.12249,-1.3579,-2.73046,2.88505,-2.92008,0,0,0
H38593,H,297.9,309.1,1435,44.7,8,-2.14073,-1.23153,-1.29642,1.12222,-2.86836,0,0,0
L56360,L,297.9,309.1,1507,36.9,13,-2.13222,-1.24744,0.0564941,-0.786099,-2.71459,0,0,0
L56361,L,297.9,309.1,1521,36.1,15,-2.08804,-1.25445,0.325891,-0.942921,-2.65865,0,0,0
M24042,M,297.8,309,1576,45,17,-2.16329,-1.33418,1.15042,1.19794,-2.61021,0,0,0
L56363,L,297.9,309.1,1543,36.6,20,-2.12829,-1.24279,0.666906,-0.843018,-2.54243,0,0,0
L56364,L,298,309.2,1665,36.6,22,-1.95479,-1.19517,2.06688,-0.856776,-2.45965,0,0,0
L56365,L,297.9,309.1,1442,50.3,24,-2.16121,-1.17435,-1.18529,2.1811,-2.39302,0,0,0
L56366,L,297.9,309,1629,29,26,-2.08568,-1.37761,1.72696,-2.27223,-2.28452,0,0,0
L56367,L,297.9,309,1379,47.3,28,-2.13071,-1.39208,-2.29314,1.65236,-2.2971,0,0,0
L56368,L,297.9,309,1502,40.2,30,-2.1492,-1.40536,0.00856323,0.0383242,-2.24433,0,0,0
L56369,L,297.9,309.1,1595,32,32,-2.13464,-1.20753,1.363,-1.77503,-2.15396,0,0,0
M24050,M,298,309,1439,38.5,34,-1.93136,-1.36455,-1.26711,-0.3966,-2.09666,0,0,0
M24051,M,297.9,309,1970,21.6,37,-2.12716,-1.34759,2.95985,-2.96783,-2.04166,0,0,0
L56372,L,297.9,309,1562,35.8,40,-2.0826,-1.38931,0.949846,-1.01307,-1.89081,0,0,0
M24053,M,297.9,309,1530,40.9,42,-2.11469,-1.33395,0.458676,0.203004,-1.8879,0,0,0
L56374,L,297.9,308.9,1393,40.6,45,-2.15414,-1.5025,-2.1337,0.163465,-1.75654,0,0,0
L56375,L,297.9,309,1532,37.6,47,-2.08279,-1.36966,0.487899,-0.607003,-1.70734,0,0,0
L56376,L,298,308.9,1607,37.7,49,-1.95446,-1.51578,1.50984,-0.536939,-1.68383,0,0,0
M24057,M,297.9,308.8,1469,49,51,-2.06182,-1.61668,-0.667666,1.99256,-1.64429,0,0,0
M24058,M,297.9,308.8,1538,37.6,54,-2.09916,-1.63801,0.561652,-0.604512,-1.5517,0,0,0
L56379,L,297.9,308.8,1613,31.4,57,-2.10679,-1.61568,1.59655,-1.8881,-1.44276,0,0,0
M24060,M,297.9,308.8,1602,32.1,59,-2.09149,-1.70317,1.43961,-1.79452,-1.38729,0,0,0
L56381,L,297.8,308.7,1404,44.2,62,-2.13819,-1.73072,-1.91656,0.96539,-1.28917,0,0,0
L56382,L,297.8,308.8,1548,36.9,64,-2.15075,-1.65289,0.768519,-0.746248,-1.23883,0,0,0
L56383,L,297.8,308.8,1559,35.2,66,-2.1692,-1.64949,0.920359,-1.22081,-1.24246,0,0,0
L56384,L,297.8,308.8,1621,36.1,68,-2.16591,-1.63707,1.68619,-1.00959,-1.09603,0,0,0
L56385,L,297.8,308.8,1579,32.9,70,-2.19775,-1.63012,1.19887,-1.65632,-1.0767,0,0,0
M24066,M,297.9,308.9,1547,44,72,-2.09282,-1.50808,0.739917,0.914696,-1.04574,0,0,0
L56387,L,297.9,308.8,1386,48.6,75,-2.1224,-1.63116,-2.18615,1.9188,-0.958015,0,0,0
L56388,L,298,308.9,1406,40.9,77,-1.93297,-1.52082,-1.87097,0.212772,-0.909437,0,0,0
M24069,M,298,309,1393,55.9,79,-1.93034,-1.36705,-2.07212,2.77751,-0.812613,0,0,0
M24070,M,297.9,309,2456,13.9,82,-2.0899,-1.35503,3.10648,-3.14159,-0.719227,0,0,0
M24071,M,298,309,1409,49.1,85,-1.91152,-1.3403,-1.82806,1.99668,-0.690852,0,0,0
L56392,L,298,308.9,1390,53.9,88,-1.91517,-1.50409,-2.12245,2.64247,-0.578795,0,0,0
L56393,L,298,309,1679,32.4,90,-1.92192,-1.37752,2.17082,-1.72114,-0.49709,0,0,0
L56394,L,298,308.9,1508,37.1,92,-1.9184,-1.46766,0.0899317,-0.711185,-0.451965,0,0,0
L56395,L,297.9,308.8,1681,31.7,94,-2.0748,-1.64149,2.14273,-1.8175,-0.36781,0,0,0
H38630,H,297.7,308.8,1469,43.7,96,-2.22335,-1.61098,-0.659836,0.854332,-0.284142,0,0,0
L56397,L,297.8,308.8,1421,49.6,101,-2.15601,-1.65594,-1.59956,2.07327,-0.170474,0,0,0
L56398,L,297.7,308.8,1354,50.2,103,-2.22627,-1.63835,-2.61558,2.16542,-0.125023,0,0,0
M24079,M,297.7,308.8,1350,57,105,-2.24139,-1.65129,-2.67475,2.86784,-0.0672792,0,0,0
L56400,L,297.8,308.9,1282,58.1,108,-2.13923,-1.46139,-3.0669,2.91867,-0.011672,0,0,0
M24081,M,297.8,309,1675,30,110,-2.14876,-1.39254,2.1329,-2.13175,0.0246512,0,0,0
M24082,M,297.9,309,1525,38.5,113,-2.11375,-1.36204,0.409458,-0.38459,0.138489,0,0,0
L56403,L,297.9,309,1382,43.9,116,-2.09414,-1.35271,-2.25559,0.981847,0.247106,0,0,0
L56404,L,297.9,309,1450,46.8,118,-2.12734,-1.3409,-1.03548,1.60903,0.296345,0,0,0
L56405,L,298,309.1,1820,23.6,120,-1.92653,-1.16687,2.73698,-2.79005,0.372852,0,0,0
L56406,L,298,309.1,1822,23.5,122,-1.91854,-1.18844,2.74341,-2.80366,0.406849,0,0,0
L56407,L,298,309.1,1473,44.3,124,-1.92712,-1.19281,-0.533439,1.02856,0.482109,0,0,0
M24088,M,298.1,309.1,1572,37.5,126,-1.90178,-1.18008,1.09461,-0.591154,0.516806,0,0,0
M24089,M,298.1,309,2042,17.8,129,-1.92089,-1.39113,3.0194,-3.05227,0.617973,0,0,0
L56410,L,298.2,309.2,1922,22.6,132,-1.76292,-1.06747,2.90226,-2.89421,0.744539,0,0,0
L56411,L,298.2,309.1,1539,36.5,134,-1.80024,-1.20209,0.617129,-0.843586,0.742437,0,0,0
L56412,L,298.2,309.1,1350,52,136,-1.79224,-1.21738,-2.66885,2.42442,0.829189,0,0,0
L56413,L,298.3,309.1,1403,45.1,138,-1.60676,-1.21852,-1.92161,1.17316,0.888792,0,0,0
L56414,L,298.3,309.1,1904,20.3,140,-1.60396,-1.24095,2.89369,-3.0158,0.914709,0,0,0
M24095,M,298.2,308.9,1592,35.2,142,-1.77766,-1.4594,1.33827,-1.17959,0.971419,0,0,0
L56416,L,298.1,308.7,1556,31.6,145,-1.9153,-1.72424,0.843527,-1.88197,1.06699,0,0,0
M24097,M,298.1,308.8,1811,25.4,147,-1.90923,-1.61627,2.72213,-2.67431,1.10145,0,0,0
M24098,M,298.2,308.8,1456,41.2,150,-1.78427,-1.66862,-0.909546,0.264672,1.21313,0,0,0
H38653,H,298.2,308.8,1436,51.9,153,-1.77887,-1.61337,-1.32316,2.40971,1.2923,0,0,0
M24100,M,298.1,308.7,1362,49.6,158,-1.91057,-1.69331,-2.52217,2.14443,1.40104,0,0,0
L56421,L,298.1,308.7,1683,29.1,161,-1.9318,-1.75428,2.15889,-2.29998,1.5576,0,0,0
M24102,M,298.2,308.7,1269,60.9,163,-1.78739,-1.7188,-3.07532,3.02333,1.57542,0,0,0
L56423,L,298.3,308.8,1454,49,166,-1.58759,-1.5679,-0.962976,2.03387,1.68409,0,0,0
L56424,L,298.3,308.8,1767,27.3,168,-1.62194,-1.62498,2.59514,-2.503,1.73888,0,0,0
L56425,L,298.3,308.9,1708,27.3,170,-1.60727,-1.48765,2.34508,-2.50791,1.80445,0,0,0
L56426,L,298.3,308.9,1862,27,172,-1.59248,-1.45439,2.83549,-2.53865,1.83106,0,0,0
L56427,L,298.3,308.9,1695,30.7,174,-1.56248,-1.49685,2.28717,-1.98458,1.92065,0,0,0
M24108,M,298.3,309.1,1488,40.6,176,-1.62799,-1.17293,-0.270125,0.14245,1.9427,0,0,0
L56429,L,298.3,309,1657,32.2,179,-1.62296,-1.33507,1.97917,-1.77748,2.03404,0,0,0
H38664,H,298.3,309,1823,25.9,181,-1.65163,-1.34843,2.77393,-2.60483,2.06897,0,0,0
M24111,M,298.2,309.1,1651,28.8,186,-1.80548,-1.17988,1.95618,-2.32008,2.25671,0,0,0
M24112,M,298.1,309,1533,36.1,189,-1.8897,-1.36351,0.47325,-0.96536,2.33376,0,0,0
M24113,M,298.2,309,1508,40.5,192,-1.77958,-1.3387,0.101207,0.0643019,2.40698,0,0,0
L56434,L,298.3,309.1,1616,31.1,195,-1.59146,-1.17142,1.63828,-1.93457,2.51565,0,0,0
L56435,L,298.2,309,1651,31.5,197,-1.76974,-1.37054,1.96066,-1.87211,2.5265,0,0,0
L56436,L,298.2,309.1,1569,35.2,199,-1.81722,-1.20562,1.0686,-1.17292,2.61522,0,0,0
M24117,M,298.3,309.1,1296,58.7,201,-1.62425,-1.18003,-2.9885,2.94503,2.64536,0,0,0
H38672,H,298.3,309,1379,43.2,0,-1.62543,-1.37242,-2.28024,0.769453,-3.11736,0,0,0
M24119,M,298.2,309,1694,28,5,-1.76447,-1.37646,2.24825,-2.42212,-2.97917,0,0,0
L56440,L,298.2,309,1377,57.8,8,-1.78116,-1.37482,-2.35567,2.89057,-2.84037,0,0,0
H38675,H,298.3,309,1470,38.4,10,-1.60005,-1.32903,-0.615537,-0.399387,-2.81962,0,0,0
M24122,M,298.3,309.1,1404,47,15,-1.6245,-1.28697,-1.89057,1.57267,-2.63248,0,0,0
L56443,L,298.3,309.1,1593,40.1,18,-1.59915,-1.29816,1.39293,0.0233687,-2.5724,0,0,0
M24124,M,298.3,309,1526,36.9,20,-1.61466,-1.36298,0.376782,-0.729939,-2.56635,0,0,0
M24125,M,298.3,308.9,1390,49.7,23,-1.63125,-1.45918,-2.14624,2.08562,-2.4091,0,0,0
L56446,L,298.2,308.9,1737,25.5,26,-1.83571,-1.44292,2.47186,-2.66687,-2.3263,0,0,0
L56447,L,298.2,308.8,1362,57.3,28,-1.81137,-1.61347,-2.58421,2.84442,-2.27355,0,0,0
L56448,L,298.2,308.8,1666,31.5,30,-1.74361,-1.59367,2.04958,-1.85891,-2.2083,0,0,0
L56449,L,298.2,308.8,1354,60.9,32,-1.75858,-1.57019,-2.60662,3.03058,-2.18713,0,0,0
L56450,L,298.2,308.8,1302,60.4,34,-1.79646,-1.60595,-3.00868,3.01326,-2.09316,0,0,0
L56451,L,298.2,308.7,1991,20.5,36,-1.80076,-1.7226,2.99683,-2.98485,-2.03993,0,0,0
L56452,L,298.2,308.6,1353,54.1,38,-1.79564,-1.79748,-2.60959,2.64416,-1.99358,0,0,0
H38687,H,298.2,308.7,1520,35.7,40,-1.79418,-1.73058,0.321944,-1.02842,-1.94724,0,0,0
L56454,L,298.2,308.7,1428,54.9,45,-1.80368,-1.69957,-1.45929,2.7586,-1.76954,0,0,0
L56455,L,298.2,308.7,1605,29.4,47,-1.80992,-1.72241,1.50037,-2.2311,-1.75759,0,0,0
L56456,L,298.1,308.7,1691,30.3,49,-1.89667,-1.68954,2.20494,-2.0679,-1.68114,0,0,0
L56457,L,298.2,308.7,1447,48.4,51,-1.7513,-1.74228,-1.03724,1.90461,-1.63465,0,0,0
H38692,H,298.2,308.8,1606,39.9,53,-1.77058,-1.5748,1.52536,-0.0776142,-1.57912,0,0,0
M24139,M,298.2,308.8,1645,28.2,58,-1.74988,-1.64676,1.87672,-2.40287,-1.39854,0,0,0
H38694,H,298.2,308.8,1470,43.3,61,-1.73471,-1.59967,-0.611237,0.732842,-1.35248,0,0,0
L56461,L,298.2,308.9,1336,45,66,-1.7527,-1.44933,-2.78572,1.22116,-1.19665,0,0,0
M24142,M,298.2,308.9,1414,44.3,68,-1.73946,-1.49975,-1.7126,1.00434,-1.10673,0,0,0
M24143,M,298.3,309,1802,27.5,71,-1.57749,-1.3075,2.70929,-2.50911,-1.061,0,0,0
L56464,L,298.2,308.9,1683,31.7,74,-1.7504,-1.48631,2.18576,-1.83446,-0.974979,0,0,0
M24145,M,298.2,309,1410,47.6,76,-1.75091,-1.31563,-1.80664,1.73761,-0.849771,0,0,0
L56466,L,298.2,308.9,1605,32,79,-1.73176,-1.4795,1.49804,-1.77087,-0.79764,0,0,0
L56467,L,298.2,308.9,1709,28.1,81,-1.73171,-1.49823,2.35171,-2.36432,-0.770911,0,0,0
L56468,L,298.2,308.9,1444,53.1,83,-1.73335,-1.50454,-1.17413,2.56045,-0.720861,0,0,0
L56469,L,298.2,308.9,1367,45,85,-1.74857,-1.49358,-2.49511,1.1579,-0.652345,0,0,0
L56470,L,298.2,309,1418,44.2,87,-1.78825,-1.29579,-1.64814,1.00428,-0.618204,0,0,0
L56471,L,298.2,309,1353,57.8,89,-1.75142,-1.33823,-2.60607,2.92455,-0.506315,0,0,0
L56472,L,298.2,309,1643,34.1,91,-1.70835,-1.34938,1.84565,-1.41045,-0.49338,0,0,0
L56473,L,298.3,309.1,1437,38,93,-1.57284,-1.1782,-1.28983,-0.506908,-0.430124,0,0,0
L56474,L,298.1,309,1437,36.2,95,-1.89669,-1.36257,-1.28695,-0.955573,-0.393373,0,0,0
M24155,M,298.2,309,1413,47.9,97,-1.74388,-1.32236,-1.72375,1.8173,-0.280289,0,0,0
H38710,H,298.2,309,1524,39.1,100,-1.72563,-1.30943,0.326994,-0.242276,-0.226922,0,0,0
M24157,M,298.1,308.9,1479,43.4,105,-1.88197,-1.49326,-0.480356,0.805392,-0.0891096,0,0,0
L56478,L,298.1,308.9,1313,50.6,108,-1.93216,-1.51076,-2.96252,2.26596,0.00925967,0,0,0
M24159,M,298.1,308.9,1335,50.4,110,-1.9002,-1.47152,-2.8074,2.25163,0.0447025,0,0,0
L56480,L,298.1,308.9,1367,41.9,113,-1.91832,-1.48092,-2.50841,0.438436,0.180766,0,0,0
M24161,M,298.1,308.9,1459,50.3,115,-1.90401,-1.46274,-0.839454,2.19961,0.188673,0,0,0
M24162,M,298.1,308.9,1804,25.1,118,-1.91658,-1.52364,2.71739,-2.68065,0.313085,0,0,0
L56483,L,298.2,309,1491,38.3,121,-1.72294,-1.38405,-0.217929,-0.411775,0.424668,0,0,0
L56484,L,298.3,309.1,1537,43,123,-1.5964,-1.18719,0.591048,0.717001,0.452838,0,0,0
H38719,H,298.3,309.1,1646,30.2,125,-1.59145,-1.1709,1.89552,-2.12383,0.503254,0,0,0
M24166,M,298.3,309.2,1783,28.3,130,-1.659,-1.03764,2.64205,-2.36395,0.652097,0,0,0
L56487,L,298.3,309.1,1395,49.8,133,-1.64008,-1.14083,-2.06015,2.11103,0.722598,0,0,0
L56488,L,298.4,309.1,1423,48,135,-1.46672,-1.1674,-1.58755,1.84102,0.772772,0,0,0
L56489,L,298.3,309.2,1562,37.6,137,-1.68335,-1.08932,0.926742,-0.613662,0.848855,0,0,0
L56490,L,298.4,309.3,1549,40.8,139,-1.47802,-0.957688,0.754693,0.181144,0.886095,0,0,0
L56491,L,298.4,309.4,1540,43.2,141,-1.46215,-0.820224,0.625565,0.774053,0.962922,0,0,0
H38726,H,298.5,309.4,1573,33.6,143,-1.4001,-0.809256,1.10194,-1.51485,0.983772,0,0,0
L56493,L,298.5,309.4,1418,45.1,148,-1.39724,-0.807623,-1.64912,1.23059,1.17088,0,0,0
M24174,M,298.5,309.4,1565,33.7,150,-1.39534,-0.799818,0.975076,-1.46893,1.20684,0,0,0
L56495,L,298.5,309.5,1569,41,153,-1.40293,-0.767228,1.07334,0.247077,1.33334,0,0,0
H38730,H,298.5,309.4,1417,41.2,155,-1.40035,-0.837755,-1.67097,0.266549,1.38751,0,0,0
L56497,L,298.5,309.5,1480,38.1,160,-1.4159,-0.761648,-0.432054,-0.470446,1.50094,0,0,0
L56498,L,298.5,309.4,1364,44.5,162,-1.37607,-0.868659,-2.51519,1.05645,1.61331,0,0,0
L56499,L,298.5,309.4,1911,21.5,164,-1.40872,-0.826507,2.87595,-2.92479,1.60235,0,0,0
L56500,L,298.4,309.3,1409,43.1,166,-1.49921,-1.00067,-1.80445,0.763139,1.71439,0,0,0
L56501,L,298.4,309.2,1335,53.5,168,-1.42034,-1.08852,-2.78357,2.61923,1.72418,0,0,0
M24182,M,298.5,309.3,1512,38.1,170,-1.38468,-0.99245,0.179049,-0.498376,1.77716,0,0,0
L56503,L,298.6,309.4,1447,40.2,173,-1.35294,-0.835653,-1.09088,0.041858,1.87521,0,0,0
L56504,L,298.6,309.3,1537,37.6,175,-1.32109,-1.01382,0.557092,-0.596058,1.96563,0,0,0
M24185,M,298.6,309.3,1510,40.8,177,-1.36446,-0.98946,0.0940179,0.212559,1.99003,0,0,0
L56506,L,298.6,309.3,1677,31.2,180,-1.33173,-0.981049,2.14159,-1.91994,2.08634,0,0,0
L56507,L,298.5,309.2,1504,33.7,182,-1.35431,-1.11843,-0.0031027,-1.45759,2.1389,0,0,0
H38742,H,298.5,309.1,2051,19,184,-1.35696,-1.21773,3.02519,-3.04244,2.20633,0,0,0
L56509,L,298.5,309.1,1474,41.3,189,-1.38656,-1.18514,-0.549716,0.28755,2.3226,0,0,0
M24190,M,298.4,309,1507,36.1,191,-1.43291,-1.39854,0.0526859,-0.947972,2.39673,0,0,0
L56511,L,298.4,308.9,1496,37.9,194,-1.46759,-1.46632,-0.113215,-0.535934,2.52527,0,0,0
M24192,M,298.5,309,1921,22,196,-1.38628,-1.39497,2.88232,-2.87256,2.54684,0,0,0
L56513,L,298.5,309,1450,40.5,199,-1.35923,-1.40871,-0.974344,0.162389,2.62201,0,0,0
L56514,L,298.4,308.9,1402,44.8,201,-1.49705,-1.46736,-1.96686,1.1392,2.70153,0,0,0
L56515,L,298.4,308.9,1501,50,203,-1.47986,-1.4617,-0.0262362,2.18122,2.76046,0,0,0
L56516,L,298.5,308.9,1725,31.9,205,-1.37699,-1.48016,2.41346,-1.8486,2.81884,0,0,0
H38751,H,298.5,308.9,1500,40.3,207,-1.39424,-1.46832,-0.0808031,0.0677875,2.81404,0,0,0
H38752,H,298.5,309,1531,30.8,212,-1.372,-1.40609,0.494791,-2.02315,2.94938,0,0,0
L56519,L,298.5,309,1458,44.8,217,-1.40542,-1.42474,-0.88492,1.15176,2.98073,0,0,0
H38754,H,298.4,308.9,1577,37.1,0,-1.4822,-1.47623,1.17655,-0.729336,-3.07725,0,0,0
M24201,M,298.3,308.9,1363,46.1,5,-1.64727,-1.52887,-2.52792,1.37233,-2.9282,0,0,0
H38756,H,298.3,308.9,1706,31.8,8,-1.63027,-1.50277,2.3286,-1.83449,-2.88269,0,0,0
M24203,M,298.3,308.8,1391,50.4,13,-1.67473,-1.57717,-2.12783,2.23141,-2.73455,0,0,0
L56524,L,298.2,308.8,1616,33.7,16,-1.77485,-1.57085,1.58753,-1.47796,-2.62965,0,0,0
L56525,L,298.2,308.8,1442,47,18,-1.76026,-1.54285,-1.2145,1.61652,-2.58098,0,0,0
M24206,M,298.2,308.8,1626,40.4,20,-1.75541,-1.64053,1.69313,0.049959,-2.49576,0,0,0
M24207,M,298.2,308.7,1426,42.6,23,-1.76871,-1.7192,-1.57629,0.606869,-2.44616,0,0,0
L56528,L,298.2,308.7,1436,49.1,26,-1.76429,-1.72893,-1.30832,2.02696,-2.36048,0,0,0
M24209,M,298.2,308.7,1599,36.2,28,-1.76886,-1.73631,1.41067,-0.944469,-2.27207,0,0,0
L56530,L,298.2,308.7,2186,17.8,31,-1.74922,-1.76236,3.07633,-3.06738,-2.22101,0,0,0
L56531,L,298.3,308.8,1645,30.4,33,-1.65253,-1.59349,1.90941,-2.05339,-2.1271,0,0,0
L56532,L,298.2,308.7,1780,27.9,35,-1.72533,-1.74369,2.6237,-2.41553,-2.06746,0,0,0
L56533,L,298.2,308.8,1345,44.3,37,-1.7608,-1.57512,-2.72939,1.01734,-2.00371,0,0,0
M24214,M,298.2,308.8,1607,31.9,39,-1.76121,-1.59602,1.49937,-1.83439,-1.96896,0,0,0
L56535,L,298.3,308.9,1708,28,42,-1.65488,-1.50776,2.34253,-2.43237,-1.87064,0,0,0
L56536,L,298.3,308.9,1270,52.7,44,-1.63332,-1.45703,-3.06006,2.53214,-1.83653,0,0,0
M24217,M,298.3,308.9,1646,25.4,46,-1.61876,-1.54465,1.91074,-2.67392,-1.75807,0,0,0
L56538,L,298.2,308.7,1407,45.1,49,-1.75924,-1.73635,-1.84173,1.19093,-1.67247,0,0,0
M24219,M,298.1,308.7,1581,47.4,51,-1.92523,-1.77278,1.21626,1.70385,-1.61528,0,0,0
L56540,L,298,308.6,1532,42.6,54,-1.94931,-1.79129,0.503982,0.583142,-1.57745,0,0,0
L56541,L,298,308.6,1610,33.1,56,-1.98378,-1.84051,1.56578,-1.61068,-1.50093,0,0,0
M24222,M,298,308.5,1682,33,58,-1.916,-1.94084,2.18086,-1.60921,-1.41558,0,0,0
L56543,L,297.9,308.5,1519,34.3,61,-2.11309,-1.89415,0.260577,-1.37441,-1.33722,0,0,0
L56544,L,297.9,308.5,1683,28.5,63,-2.08033,-1.95467,2.14805,-2.33438,-1.2959,0,0,0
M24225,M,298,308.6,1254,55.8,65,-1.92697,-1.81031,-3.1079,2.83831,-1.20795,0,0,0
L56546,L,298,308.5,1461,48,68,-1.92052,-1.95577,-0.797913,1.83468,-1.13398,0,0,0
L56547,L,297.9,308.5,1472,45.1,70,-2.07858,-1.94626,-0.611403,1.19015,-1.04537,0,0,0
L56548,L,297.7,308.4,1510,38.6,72,-2.23105,-2.24897,0.134254,-0.364875,-1.02825,0,0,0
M24229,M,297.7,308.3,1547,36.8,74,-2.22661,-2.30593,0.773267,-0.762645,-0.945028,0,0,0
H38784,H,297.7,308.4,1418,51.9,77,-2.22902,-2.2216,-1.66483,2.46804,-0.859716,0,0,0
L56551,L,297.7,308.4,1289,51.3,82,-2.24538,-2.24782,-3.0239,2.38652,-0.742218,0,0,0
L56552,L,297.7,308.4,1487,41.4,84,-2.24611,-2.23713,-0.302454,0.308715,-0.715855,0,0,0
L56553,L,297.7,308.5,1453,45.5,86,-2.24027,-1.93141,-0.98264,1.31323,-0.655751,0,0,0
M24234,M,297.8,308.5,1466,44.7,88,-2.21644,-2.01421,-0.697693,1.15366,-0.583898,0,0,0
H38789,H,297.7,308.4,1288,49.5,91,-2.25678,-2.20636,-3.03366,2.10876,-0.504084,0,0,0
H38790,H,297.7,308.4,1738,27.7,96,-2.1878,-2.27195,2.5048,-2.45794,-0.365331,0,0,0
H38791,H,297.7,308.3,1488,41,101,-2.22329,-2.2957,-0.304492,0.204871,-0.202987,0,0,0
L56558,L,297.6,308.3,1816,28.8,106,-2.33886,-2.33207,2.75518,-2.28995,-0.0245927,0,0,0
L56559,L,297.5,308.2,1419,48.5,108,-2.47248,-2.43209,-1.68609,1.9099,-0.000320374,0,0,0
L56560,L,297.4,308.1,1435,45.7,110,-2.50852,-2.50271,-1.29895,1.32394,0.0789218,0,0,0
M24241,M,297.5,308.1,1480,42.4,112,-2.44653,-2.52408,-0.417571,0.564092,0.126947,0,0,0
L56562,L,297.5,308.2,1610,33.6,115,-2.42248,-2.37682,1.54928,-1.50124,0.24129,0,0,0
H38797,H,297.5,308.1,1548,38.2,117,-2.46061,-2.49986,0.748357,-0.484035,0.280546,0,0,0
M24244,M,297.6,308.1,1379,57.4,122,-2.36213,-2.50301,-2.30458,2.90346,0.453432,0,0,0
M24245,M,297.5,308.1,1907,23.5,125,-2.35361,-2.49091,2.91846,-2.85052,0.527299,0,0,0
M24246,M,297.5,308,2033,16.7,128,-2.34166,-2.61955,3.03638,-3.0967,0.580751,0,0,0
H38801,H,297.4,307.9,1390,52,131,-2.55713,-2.69945,-2.13426,2.41009,0.651719,0,0,0
M24248,M,297.5,307.9,1544,37.9,136,-2.35961,-2.69994,0.680821,-0.565071,0.796871,0,0,0
L56569,L,297.6,308,1258,57.4,139,-2.25085,-2.5711,-3.10711,2.87021,0.89026,0,0,0
M24250,M,297.5,308,1560,39,141,-2.35102,-2.60383,0.948898,-0.275757,0.961599,0,0,0
H38805,H,297.6,308.2,2071,18.5,144,-2.31422,-2.39623,3.02169,-3.01769,1.02629,0,0,0
L56572,L,297.6,308.1,1437,46.3,149,-2.34672,-2.51177,-1.29066,1.43892,1.18342,0,0,0
H38807,H,297.7,308.2,1489,43,151,-2.23303,-2.41699,-0.240786,0.708113,1.24049,0,0,0
L56574,L,297.7,308.2,1334,53,156,-2.24895,-2.40445,-2.79983,2.54315,1.37505,0,0,0
L56575,L,297.7,308.2,1500,39.9,158,-2.24789,-2.4167,-0.0107438,-0.0925036,1.43394,0,0,0
L56576,L,297.8,308.3,1498,47.3,160,-2.19108,-2.35527,-0.10566,1.70014,1.48158,0,0,0
M24257,M,297.7,308.2,1370,53.4,162,-2.27691,-2.412,-2.42813,2.62092,1.55796,0,0,0
H38812,H,297.7,308.2,1526,40.1,165,-2.24858,-2.41331,0.401741,0.021964,1.6654,0,0,0
L56579,L,297.8,308.3,1477,44.8,170,-2.18059,-2.30122,-0.463821,1.11061,1.77956,0,0,0
L56580,L,297.7,308.2,1446,43.9,172,-2.27188,-2.43931,-1.08174,0.920124,1.85972,0,0,0
M24261,M,297.7,308.2,1720,25.6,174,-2.27769,-2.44239,2.40708,-2.66454,1.9259,0,0,0
L56582,L,297.7,308.1,1734,30.7,177,-2.25206,-2.5389,2.45792,-2.07514,1.95547,0,0,0
L56583,L,297.7,308.1,1697,29.1,179,-2.25286,-2.5396,2.28307,-2.24625,2.03396,0,0,0
L56584,L,297.7,308.2,2007,19.3,181,-2.26873,-2.45711,3.02759,-3.00365,2.1339,0,0,0
M24265,M,297.7,308.1,1469,48.8,183,-2.24063,-2.51944,-0.660923,2.00407,2.14151,0,0,0
M24266,M,297.7,308.1,2189,15.6,186,-2.25244,-2.51369,3.08554,-3.09809,2.2432,0,0,0
L56587,L,297.8,308.3,1435,50.1,189,-2.18127,-2.34676,-1.30385,2.19706,2.30406,0,0,0
H38822,H,297.9,308.4,1637,34.5,191,-2.06196,-2.14861,1.79376,-1.34643,2.35321,0,0,0
L56589,L,298,308.5,1664,28.3,196,-1.98448,-2.0357,2.03337,-2.37893,2.52409,0,0,0
M24270,M,298,308.5,1666,31,198,-1.96471,-2.0592,2.05744,-1.96912,2.62663,0,0,0
L56591,L,298,308.5,1404,46.6,201,-2.01858,-2.03168,-1.89712,1.51175,2.67134,0,0,0
L56592,L,298,308.5,1702,26.7,203,-2.00829,-2.01187,2.29595,-2.54618,2.74398,0,0,0
L56593,L,298.1,308.6,1439,44.9,205,-1.92634,-1.9013,-1.26583,1.15736,2.79839,0,0,0
L56594,L,298.1,308.6,1354,53.9,207,-1.87766,-1.86939,-2.62701,2.64889,2.83633,0,1,1
M24275,M,298.2,308.7,1361,44.2,0,-1.72974,-1.76721,-2.55208,1.00569,-3.10846,0,0,0
M24276,M,298.1,308.5,1463,45.9,3,-1.91633,-1.9608,-0.756396,1.36991,-2.99454,0,0,0
H38831,H,298.1,308.4,1515,43.8,6,-1.95044,-2.14675,0.22239,0.922541,-2.89877,0,0,0
L56598,L,298,308.4,1432,46.2,11,-1.97155,-2.16181,-1.37389,1.47546,-2.76992,0,0,0
L56599,L,298,308.4,1911,22,13,-1.9661,-2.11533,2.88013,-2.91355,-2.73881,0,0,0
L56600,L,298,308.4,1472,42,15,-2.04419,-2.11202,-0.555751,0.482377,-2.65104,0,0,0
M24281,M,298.1,308.5,1382,54.5,17,-1.89783,-1.95686,-2.25892,2.68949,-2.60258,0,0,0
L56602,L,298.1,308.5,1665,29.6,20,-1.91896,-1.98417,2.07609,-2.20657,-2.48781,0,0,0
L56603,L,298.1,308.5,1676,30.5,22,-1.89544,-1.98804,2.13048,-2.08971,-2.41475,0,0,0
M24284,M,298,308.5,1585,33,24,-2.05039,-1.95615,1.2624,-1.6244,-2.37881,0,0,0
M24285,M,298.1,308.6,1415,46.3,27,-1.89785,-1.92849,-1.76472,1.45484,-2.25964,0,0,0
L56606,L,298.1,308.7,1341,55.7,30,-1.86583,-1.79314,-2.73002,2.81096,-2.21412,0,0,0
L56607,L,298.2,308.8,1540,34.8,32,-1.70667,-1.63368,0.595643,-1.23211,-2.18273,0,0,0
H38842,H,298.2,308.8,1837,28.4,34,-1.74479,-1.63616,2.77128,-2.34821,-2.05807,0,0,0
L56609,L,298.2,308.8,1498,36,39,-1.70455,-1.61071,-0.0919178,-0.964843,-1.96466,0,0,0
L56610,L,298.1,308.7,1671,28.8,41,-1.89944,-1.80256,2.08514,-2.31437,-1.90907,0,0,0
L56611,L,298,308.6,1430,57,43,-2.02279,-1.88768,-1.47952,2.88079,-1.84333,0,0,0
L56612,L,298,308.7,1619,40.1,45,-2.05492,-1.75935,1.6411,-0.0424634,-1.80384,0,0,0
M24293,M,298,308.7,1430,51.9,47,-2.01117,-1.77251,-1.42189,2.41649,-1.73997,0,0,0
L56614,L,298,308.6,1626,33.3,50,-2.019,-1.8999,1.69056,-1.51086,-1.67333,0,0,0
L56615,L,298,308.7,1443,49.3,52,-1.98894,-1.76386,-1.17019,2.08145,-1.59793,0,0,0
L56616,L,298,308.6,1481,42.5,54,-2.04509,-1.88898,-0.372318,0.657794,-1.51559,0,0,0
M24297,M,298.1,308.7,1527,43,56,-1.94681,-1.75632,0.430101,0.719519,-1.47653,0,0,0
M24298,M,298.1,308.7,1315,56.8,59,-1.87734,-1.75339,-2.93303,2.83242,-1.40165,0,0,0
M24299,M,298.1,308.8,1433,48.2,62,-1.88416,-1.5854,-1.35635,1.87689,-1.31929,0,0,0
M24300,M,298.1,308.8,1378,53.5,65,-1.88569,-1.63206,-2.29163,2.59159,-1.20652,0,0,0
L56621,L,298.1,308.8,1432,43.4,68,-1.89685,-1.6224,-1.39384,0.834729,-1.12865,0,0,0
M24302,M,298.1,308.8,1394,47.9,70,-1.89621,-1.61227,-2.10643,1.79189,-1.01784,0,0,0
H38857,H,298,308.8,1411,53.8,73,-1.99878,-1.6483,-1.78029,2.66049,-0.992881,0,0,0
L56624,L,298.1,308.9,2136,15.9,78,-1.89967,-1.50049,3.10297,-3.0607,-0.846937,0,0,0
M24305,M,298.2,309,1446,45.8,80,-1.75716,-1.33579,-1.09314,1.37753,-0.786666,0,0,0
H38860,H,298.1,308.9,1388,53.5,83,-1.88388,-1.54588,-2.18885,2.59278,-0.701802,0,0,0
M24307,M,298.1,308.9,1323,51.7,88,-1.93448,-1.52893,-2.90081,2.40672,-0.557674,0,0,0
L56628,L,298.2,309,1780,29.3,91,-1.756,-1.299,2.64981,-2.28,-0.477859,0,0,0
M24309,M,298.1,308.8,1434,41.8,93,-1.90526,-1.60941,-1.37488,0.412664,-0.432291,0,0,0
M24310,M,298,308.7,1494,42.6,96,-1.97867,-1.7533,-0.139671,0.602454,-0.328132,0,0,0
H38865,H,298,308.7,1536,39.6,99,-2.01771,-1.76115,0.560851,-0.149414,-0.267078,0,0,0
M24312,M,298,308.7,1392,53.4,104,-1.9737,-1.74664,-2.12242,2.64343,-0.0944444,0,0,0
H38867,H,298.2,309,1360,56.8,107,-1.72381,-1.3011,-2.55825,2.85978,-0.006414,0,0,0
L56634,L,298.4,309.2,1583,35.4,112,-1.49106,-1.11252,1.26286,-1.10267,0.0972977,0,0,0
L56635,L,298.5,309.2,1983,20.2,114,-1.38639,-1.15605,2.9745,-2.98215,0.189589,0,0,0
L56636,L,298.5,309.3,1630,33.3,116,-1.3944,-0.910839,1.77946,-1.54118,0.228922,0,0,0
M24317,M,298.5,309.3,1692,26.7,118,-1.39485,-0.926122,2.26205,-2.56573,0.266554,0,0,0
L56638,L,298.4,309.1,1417,40.6,121,-1.56658,-1.26567,-1.70699,0.135712,0.382019,0,0,0
L56639,L,298.4,309.1,1579,36.1,123,-1.53892,-1.24971,1.17989,-0.930453,0.466368,0,0,0
M24320,M,298.4,309.2,1399,45.2,125,-1.56471,-1.10339,-1.99544,1.21393,0.476889,0,0,0
M24321,M,298.4,309.2,1414,46.4,128,-1.60676,-1.09773,-1.69949,1.46184,0.593146,0,0,0
L56642,L,298.5,309.3,1570,40.1,131,-1.3985,-0.914519,1.08144,0.0047703,0.685467,0,0,0
M24323,M,298.5,309.3,1552,36.8,133,-1.38608,-0.902206,0.838515,-0.805057,0.728602,0,0,0
L56644,L,298.6,309.4,1440,48.2,136,-1.31868,-0.82291,-1.21646,1.86816,0.826275,0,0,0
M24325,M,298.6,309.4,1460,43.8,138,-1.33677,-0.893839,-0.821751,0.878772,0.889314,0,0,0
L56646,L,298.6,309.4,1471,48,141,-1.31101,-0.872356,-0.587668,1.81558,0.948405,0,0,0
L56647,L,298.6,309.3,1702,27.6,143,-1.3169,-0.988203,2.32959,-2.46808,1.021,0,0,0
L56648,L,298.6,309.4,1375,55.4,145,-1.34265,-0.878149,-2.33517,2.77288,1.06211,0,0,0
L56649,L,298.6,309.4,1698,33.2,147,-1.31988,-0.856504,2.32345,-1.56348,1.1094,0,0,0
H38884,H,298.6,309.4,1439,47.1,149,-1.32836,-0.919547,-1.27312,1.65354,1.20142,0,0,0
M24331,M,298.6,309.4,1774,27.5,154,-1.3247,-0.887474,2.62881,-2.44446,1.32236,0,0,0
M24332,M,298.7,309.4,1375,48.3,157,-1.22618,-0.873186,-2.37534,1.90176,1.4029,0,0,0
L56653,L,298.7,309.5,1446,40,160,-1.23598,-0.749872,-1.13063,-0.00920935,1.51863,0,0,0
M24334,M,298.7,309.6,1455,46.8,162,-1.27688,-0.634299,-0.892786,1.58067,1.55033,0,0,0
L56655,L,298.8,309.6,1523,41.9,165,-1.08183,-0.628726,0.369264,0.441081,1.66344,0,0,0
M24336,M,298.8,309.6,1692,31.9,167,-1.06152,-0.609083,2.27718,-1.81986,1.70311,0,0,0
M24337,M,298.8,309.6,1693,33.3,170,-1.06597,-0.617103,2.27703,-1.53245,1.75152,0,0,0
L56658,L,298.8,309.6,1890,24,173,-1.09733,-0.62861,2.8835,-2.80421,1.86479,0,0,0
H38893,H,298.9,309.6,1600,33.5,175,-0.97421,-0.614179,1.45768,-1.53155,1.93881,0,0,0
M24340,M,298.9,309.6,1434,43.8,180,-0.982708,-0.576719,-1.39137,0.916618,2.03872,0,0,0
L56661,L,298.9,309.6,1365,50.9,183,-0.969249,-0.614176,-2.52018,2.2948,2.15936,0,0,0
H38896,H,298.8,309.6,1309,57.4,185,-1.05564,-0.612492,-2.99461,2.89327,2.25541,0,0,0
H38897,H,298.9,309.6,1546,35.3,190,-0.982757,-0.662557,0.696102,-1.17036,2.33053,0,0,0
L56664,L,298.9,309.6,1663,33.7,195,-0.879064,-0.634181,2.0224,-1.4717,2.50457,0,0,0
L56665,L,298.9,309.6,1589,34.2,197,-1.01328,-0.656605,1.29848,-1.36533,2.57737,0,0,0
M24346,M,298.9,309.6,1472,46,199,-0.987943,-0.650227,-0.602644,1.41003,2.6123,0,0,0
L56667,L,298.9,309.6,1583,39.8,202,-0.980834,-0.609278,1.20932,-0.0960573,2.7038,0,0,0
M24348,M,298.9,309.6,1567,34.5,204,-0.950149,-0.653771,1.02663,-1.3445,2.77949,0,0,0
L56669,L,298.9,309.7,1407,41.9,207,-0.975786,-0.479302,-1.86199,0.422203,2.85859,0,0,0
M24350,M,299,309.7,1418,44.7,209,-0.844729,-0.489998,-1.66827,1.13021,2.87255,0,0,0
M24351,M,299,309.7,1489,40.7,212,-0.884847,-0.452723,-0.292534,0.18539,2.96273,0,0,0
L56672,L,299.1,309.9,1586,36.6,215,-0.770994,-0.235006,1.28491,-0.852282,2.99315,0,0,0
L56673,L,299.1,309.8,1398,55.4,217,-0.71244,-0.275001,-1.98487,2.74972,3.02061,0,1,1
L56674,L,299.2,309.9,1516,41.4,219,-0.574078,-0.173488,0.236982,0.34377,3.06361,0,0,0
H38909,H,299.3,310,1373,44.8,221,-0.597107,-0.165566,-2.40116,1.17025,3.08967,0,0,0
M24356,M,299.2,310,1349,50.4,226,-0.626233,-0.0310231,-2.6634,2.21244,3.08321,0,0,0
H38911,H,299.1,309.9,1443,40.3,0,-0.727554,-0.135996,-1.13487,0.0759613,-3.07264,0,0,0
H38912,H,299.2,310.1,1542,36.1,5,-0.598033,0.0837167,0.626472,-0.969738,-2.96737,0,0,0
L56679,L,299.2,310.1,1534,37.7,10,-0.673003,0.103,0.5062,-0.596648,-2.82221,0,0,0
L56680,L,299.2,310.2,1697,30.6,12,-0.604051,0.243551,2.27603,-2.06756,-2.77354,0,0,0
L56681,L,299.3,310.3,1396,47.4,14,-0.583733,0.380481,-2.02431,1.71962,-2.70775,0,0,0
L56682,L,299.3,310.2,1495,49.2,16,-0.602595,0.226501,-0.130956,2.01122,-2.63645,0,0,0
M24363,M,299.2,310.3,1551,44.8,18,-0.616178,0.367296,0.796009,1.12559,-2.5616,0,0,0
L56684,L,299.2,310.3,1440,47,21,-0.622837,0.373042,-1.24407,1.60739,-2.51383,0,0,0
L56685,L,299.2,310.3,1429,40.1,23,-0.659937,0.373866,-1.45916,-0.00966779,-2.45677,0,0,0
H38920,H,299.3,310.4,1548,41.6,25,-0.557149,0.487253,0.765757,0.36162,-2.35286,0,0,0
L56687,L,299.3,310.5,1505,38.8,30,-0.586131,0.567534,0.0601318,-0.297659,-2.23684,0,0,0
L56688,L,299.2,310.4,1611,36.4,32,-0.634809,0.497827,1.61809,-0.892025,-2.18138,0,0,0
M24369,M,299.2,310.4,1502,39.8,34,-0.588395,0.50329,-0.00770374,-0.0304397,-2.10378,0,0,0
M24370,M,299.2,310.4,1504,43.3,37,-0.627194,0.531812,-0.0192614,0.79561,-2.00024,0,0,0
L56691,L,299.1,310.3,1449,40.7,40,-0.725198,0.334719,-1.02397,0.183654,-1.93729,0,0,0
L56692,L,299,310.2,1575,37.8,42,-0.879836,0.162079,1.12505,-0.593745,-1.86491,0,0,0
M24373,M,299,310.2,1598,33.4,44,-0.879784,0.112629,1.42102,-1.53161,-1.81084,0,0,0
L56694,L,299,310.1,1416,45.9,47,-0.848298,0.0149751,-1.70682,1.39091,-1.72577,0,0,0
L56695,L,299,310.2,1682,28.8,49,-0.880698,0.145837,2.19598,-2.28592,-1.67707,0,0,0
L56696,L,298.9,310.1,1341,54.5,51,-0.979242,0.00708096,-2.72736,2.71868,-1.62399,0,0,0
L56697,L,298.9,310.1,1523,39.1,53,-0.97242,0.0463079,0.334121,-0.232889,-1.55055,0,0,0
L56698,L,299,310.1,1580,41.9,55,-0.823991,0.0601589,1.19065,0.464384,-1.53312,0,0,0
L56699,L,299,310.1,1531,36,57,-0.881853,0.0397034,0.472401,-1.04073,-1.44234,0,0,0
L56700,L,299,310.1,1375,48.9,59,-0.874908,0.0808104,-2.39376,1.98627,-1.43027,0,0,0
M24381,M,298.9,310.1,1484,40.4,61,-0.990981,-0.0179091,-0.341592,0.0923935,-1.32311,0,0,0
M24382,M,299,310.2,1657,32.3,64,-0.876128,0.171714,1.97013,-1.75273,-1.26373,0,0,0
L56703,L,299,310.2,1494,40.6,67,-0.871691,0.198356,-0.203471,0.132423,-1.16861,0,0,0
H38938,H,299,310.3,1658,27.6,69,-0.862776,0.30622,2.06309,-2.5087,-1.12743,0,0,0
L56705,L,299.1,310.3,1411,42.1,74,-0.782217,0.272961,-1.79045,0.488409,-0.958864,0,0,0
M24386,M,299.2,310.4,1395,55.4,76,-0.603078,0.53759,-2.03926,2.78649,-0.904612,0,0,0
L56707,L,299.1,310.4,1550,43.9,79,-0.755567,0.538894,0.765729,0.938772,-0.803344,0,0,0
M24388,M,299.1,310.3,1233,59,81,-0.776238,0.268011,-3.12679,2.96786,-0.784431,0,0,0
L56709,L,299.1,310.3,1459,46.7,84,-0.766507,0.299526,-0.867842,1.60242,-0.662799,0,0,0
H38944,H,299.1,310.4,1405,53.6,86,-0.699302,0.516735,-1.88658,2.60918,-0.626189,0,0,0
L56711,L,299.2,310.5,1458,44.1,91,-0.633499,0.579822,-0.833654,0.946511,-0.482637,0,0,0
L56712,L,299.2,310.5,1384,48.7,93,-0.592266,0.563859,-2.25626,1.97817,-0.394674,0,0,0
L56713,L,299.2,310.5,1705,29.5,95,-0.610626,0.573398,2.32988,-2.22863,-0.343348,0,0,0
L56714,L,299.3,310.6,1443,45.7,97,-0.562885,0.869565,-1.14295,1.32644,-0.309656,0,0,0
M24395,M,299.3,310.6,1609,31.4,99,-0.584271,0.897965,1.5397,-1.87248,-0.256113,0,0,0
L56716,L,299.3,310.5,1818,26,102,-0.573214,0.587979,2.75458,-2.65748,-0.130779,0,0,0
M24397,M,299.3,310.6,1457,42.1,104,-0.557066,0.89244,-0.888939,0.45599,-0.111855,0,0,0
L56718,L,299.3,310.6,1480,45.1,107,-0.564349,0.841758,-0.437982,1.20739,-0.0355775,0,0,0
L56719,L,299.4,310.8,1424,47.7,109,-0.486465,1.06872,-1.55792,1.76114,0.046702,0,0,0
M24400,M,299.4,310.8,1628,40.2,111,-0.482559,1.17105,1.73354,0.0710785,0.0884058,0,0,0
M24401,M,299.5,310.8,1754,31.3,114,-0.37113,1.11577,2.52662,-1.90804,0.185215,0,0,0
L56722,L,299.6,310.9,1716,28.5,117,-0.431285,1.34452,2.33916,-2.36501,0.272406,0,0,0
M24403,M,299.5,310.9,1378,48.7,119,-0.445081,1.34956,-2.33067,1.93884,0.350281,0,0,0
L56724,L,299.6,311,1708,31,122,-0.414024,1.50032,2.3146,-1.96969,0.410862,0,0,0
L56725,L,299.6,311,1430,38.3,124,-0.392577,1.45863,-1.44402,-0.436283,0.480359,0,0,0
M24406,M,299.7,311.2,1560,43.9,126,-0.276869,1.79803,0.926391,0.898714,0.552181,0,0,0
L56727,L,299.6,311.1,1679,30.7,129,-0.380002,1.54834,2.1875,-2.02772,0.619557,0,0,0
L56728,L,299.6,311.1,1521,37.2,131,-0.402656,1.57498,0.307884,-0.693477,0.700291,0,0,0
M24409,M,299.6,311.1,1649,33.8,133,-0.379877,1.59008,1.92174,-1.47529,0.729616,0,0,0
M24410,M,299.5,311,1451,43.3,136,-0.399797,1.48713,-1.01482,0.779603,0.83383,0,0,0
L56731,L,299.4,310.8,1391,48.9,139,-0.500819,1.14697,-2.08734,1.99404,0.866687,0,0,0
M24412,M,299.3,310.8,1523,40.9,141,-0.591605,1.13144,0.3647,0.19343,0.935342,0,0,0
L56733,L,299.3,310.7,1495,39.2,144,-0.599648,0.923683,-0.17593,-0.246026,1.05669,0,0,0
M24414,M,299.3,310.7,1440,45.5,146,-0.592834,0.947738,-1.22619,1.30517,1.0534,0,0,0
H38969,H,299.4,310.8,1585,31.4,149,-0.520981,1.09686,1.29981,-1.91804,1.20914,0,0,0
L56736,L,299.5,310.8,1374,48.3,154,-0.431838,1.12551,-2.39754,1.84746,1.35181,0,0,0
M24417,M,299.5,310.8,1507,40.2,156,-0.44954,1.12663,0.0710696,0.0176103,1.41818,0,0,0
M24418,M,299.5,310.9,1577,34.6,159,-0.447995,1.34596,1.16086,-1.27911,1.46789,0,0,0
L56739,L,299.5,310.9,1496,38.5,162,-0.429957,1.36923,-0.120891,-0.391258,1.54557,0,0,0
L56740,L,299.6,310.9,1487,42.5,164,-0.407755,1.35287,-0.298697,0.586984,1.60884,0,0,0
L56741,L,299.6,310.9,1853,26.3,166,-0.43959,1.3218,2.80432,-2.5986,1.64036,0,0,0
M24422,M,299.7,311,1435,50.1,168,-0.245329,1.49688,-1.34291,2.20436,1.71362,0,0,0
M24423,M,299.8,311.1,1763,25.5,171,-0.217899,1.57628,2.54453,-2.65166,1.76068,0,0,0
L56744,L,299.8,311.1,1820,24.9,174,-0.218846,1.57535,2.75261,-2.69479,1.90528,0,0,0
M24425,M,299.8,311.1,1498,38.1,176,-0.286123,1.55507,-0.0348624,-0.454221,1.93134,0,0,0
L56746,L,299.8,311.1,1603,35.1,179,-0.200769,1.60351,1.46374,-1.17977,2.06348,0,0,0
L56747,L,299.8,311.1,1412,42.5,181,-0.185228,1.5679,-1.77511,0.560454,2.12834,0,0,0
L56748,L,299.8,311.1,1588,38,183,-0.230355,1.53057,1.31001,-0.477995,2.20064,0,0,0
M24429,M,299.8,311,1948,20,185,-0.215418,1.4625,2.91595,-2.96993,2.22791,0,0,0
L56750,L,299.7,310.9,1384,48.2,188,-0.306223,1.32101,-2.23897,1.89561,2.31381,0,0,0
L56751,L,299.7,310.8,1589,36,190,-0.304727,1.15996,1.3263,-0.98383,2.35045,0,0,0
M24432,M,299.7,310.8,1405,47.6,192,-0.305046,1.14049,-1.91125,1.73991,2.4175,0,0,0
L56753,L,299.7,310.9,1491,40.1,195,-0.293474,1.33462,-0.216421,0.0158554,2.53347,0,0,0
H38988,H,299.7,310.8,1418,46.6,197,-0.262784,1.17842,-1.67219,1.54932,2.53813,0,0,0
M24435,M,299.6,310.8,1603,35.4,202,-0.389892,1.09977,1.47993,-1.14308,2.69583,0,0,0
L56756,L,299.6,310.7,1922,23.3,205,-0.382733,0.952432,2.95515,-2.83582,2.78054,0,1,1
M24437,M,299.5,310.7,1364,49.5,0,-0.412404,0.939258,-2.52922,2.08503,-3.05744,0,0,0
L56758,L,299.4,310.7,1551,41.2,3,-0.52457,0.944693,0.814439,0.246502,-3.0355,0,0,0
L56759,L,299.5,310.7,1589,33.5,5,-0.412812,0.99651,1.29698,-1.48241,-2.98073,0,0,0
M24440,M,299.5,310.7,1423,56.5,7,-0.464578,0.988593,-1.54786,2.83253,-2.92908,0,0,0
L56761,L,299.4,310.6,1418,53.1,10,-0.485164,0.760063,-1.63984,2.58428,-2.82836,0,0,0
M24442,M,299.3,310.5,1404,47.5,12,-0.572623,0.683979,-1.87063,1.73273,-2.79118,0,0,0
L56763,L,299.3,310.5,1281,59.8,15,-0.560846,0.640102,-3.06729,2.9953,-2.66805,0,0,0
L56764,L,299.3,310.5,1529,41.3,17,-0.577286,0.654381,0.461864,0.307145,-2.60997,0,0,0
M24445,M,299.3,310.5,1563,42.1,19,-0.536265,0.632264,0.930863,0.490337,-2.52263,0,0,0
L56766,L,299.4,310.6,1348,54.5,22,-0.552857,0.807479,-2.68515,2.72834,-2.42941,0,0,0
M24447,M,299.3,310.5,1462,40.5,24,-0.521533,0.694628,-0.773315,0.0838485,-2.40231,0,0,0
H39002,H,299.3,310.4,1510,45.5,27,-0.520422,0.541209,0.124966,1.28746,-2.34352,0,0,0
L56769,L,299.2,310.4,1472,43.3,32,-0.69532,0.53075,-0.612298,0.794883,-2.15042,0,0,0
M24450,M,299.2,310.4,1325,52,34,-0.703051,0.528948,-2.86382,2.45706,-2.09968,0,0,0
L56771,L,299.2,310.4,1570,37.3,37,-0.703892,0.510437,1.06642,-0.708339,-2.01375,0,0,0
L56772,L,299.2,310.4,1379,46.8,39,-0.684291,0.491371,-2.28802,1.58814,-1.97301,0,0,0
L56773,L,299.1,310.2,1352,52.8,41,-0.815048,0.247,-2.65068,2.55214,-1.92109,0,0,0
L56774,L,299.1,310.3,1727,28.7,43,-0.756314,0.324213,2.44359,-2.30426,-1.8429,0,0,0
H39009,H,299,310.1,1432,50,45,-0.888893,0.0920512,-1.39613,2.1257,-1.81875,0,0,0
L56776,L,298.9,310.1,1466,43.4,50,-0.997493,0.103788,-0.728429,0.832856,-1.6474,0,0,0
L56777,L,298.9,310.1,1510,38,52,-0.951959,0.0928368,0.139938,-0.533067,-1.59628,0,0,0
L56778,L,299,310.2,1490,41.1,54,-0.851611,0.258357,-0.2255,0.250004,-1.53997,0,0,0
L56779,L,299,310.1,1463,37.4,56,-0.902519,0.129648,-0.775687,-0.631957,-1.50516,0,0,0
M24460,M,298.9,310,1561,45.3,58,-0.946492,-0.096787,0.939365,1.24235,-1.44069,0,0,0
L56781,L,298.9,310.1,2109,18,61,-0.973183,0.0879155,3.03574,-3.07465,-1.37745,0,0,0
L56782,L,298.9,310.2,1705,32.5,63,-0.975179,0.256346,2.35789,-1.71504,-1.31811,0,0,0
M24463,M,298.9,310.1,1549,40.2,65,-0.966902,0.103687,0.785367,0.038695,-1.2154,0,0,0
H39018,H,299,310.2,1637,38,68,-0.850618,0.272265,1.83287,-0.468383,-1.19203,0,0,0
M24465,M,298.9,310.1,1484,37.9,73,-0.973611,0.119584,-0.378617,-0.560821,-0.987112,0,0,0
L56786,L,298.9,310.1,1401,44.4,76,-0.98909,0.0716917,-1.94685,1.08064,-0.922151,0,0,0
L56787,L,298.9,310.1,1571,36.8,78,-0.951381,0.0834243,1.07311,-0.786201,-0.868719,0,0,0
M24468,M,298.9,310.1,1513,41.5,80,-0.972926,0.125568,0.18763,0.359086,-0.765257,0,0,0
L56789,L,299,310.1,1470,40.3,83,-0.885411,0.112976,-0.629722,0.0682365,-0.737135,0,0,0
L56790,L,299,310.1,1505,41.3,85,-0.838275,0.0732296,0.0240805,0.269263,-0.633785,0,0,0
L56791,L,299,310.2,1432,42.2,87,-0.870566,0.205125,-1.38757,0.533781,-0.561789,0,0,0
M24472,M,299,310.2,1625,31.8,89,-0.866237,0.188332,1.69694,-1.84565,-0.559002,0,0,0
L56793,L,299,310.2,1377,62.5,92,-0.874839,0.219283,-2.31137,3.08465,-0.485387,0,1,1
M24474,M,299.1,310.3,1441,43.9,94,-0.797233,0.329711,-1.23595,0.937939,-0.413921,0,0,0
M24475,M,299,310.2,1564,39.9,97,-0.861001,0.260456,0.989764,-0.0634977,-0.265847,0,0,0
L56796,L,298.9,310.1,1580,37.3,100,-0.981103,0.0647182,1.21461,-0.637645,-0.21811,0,0,0
L56797,L,299,310.2,1516,35.3,102,-0.818994,0.235737,0.255161,-1.13607,-0.181159,0,0,0
L56798,L,299,310.1,1447,42.8,104,-0.866229,0.108426,-1.11309,0.665547,-0.156652,0,0,0
M24479,M,298.9,310,1323,52.9,106,-1.01161,-0.0450802,-2.86638,2.54521,-0.0346548,0,0,0
L56800,L,298.9,310,1470,45.9,109,-0.959274,-0.0997395,-0.650385,1.39914,0.0304334,0,0,0
M24481,M,299,310,2049,19.5,111,-0.873969,-0.085536,3.02235,-2.97136,0.0496662,0,0,0
L56802,L,298.9,310,1794,27.2,114,-0.982061,-0.118145,2.66897,-2.55239,0.196134,0,0,0
L56803,L,298.9,310.1,1356,47.8,116,-0.980961,0.096194,-2.58803,1.79845,0.213096,0,0,0
H39038,H,299,310.1,1555,38.6,118,-0.829594,0.127677,0.852901,-0.338333,0.262578,0,0,0
M24485,M,299,310.1,1487,47.5,123,-0.848681,0.148596,-0.332683,1.7498,0.448236,0,0,0
M24486,M,299,310,1341,58.9,126,-0.867206,-0.0704041,-2.7553,2.94648,0.512593,0,0,0
M24487,M,298.9,310,1487,36.6,129,-0.998177,-0.1043,-0.30023,-0.830205,0.620932,0,0,0
H39042,H,299,310,1569,34.3,132,-0.849662,-0.108139,1.08398,-1.36097,0.674841,0,0,0
H39043,H,299,310.1,2053,19.7,137,-0.85921,0.106692,3.0317,-2.98531,0.835174,0,0,0
L56810,L,299,310.1,1583,35.8,142,-0.816753,0.0789946,1.24245,-1.02573,0.975919,0,0,0
L56811,L,299,310,1672,33.2,144,-0.871664,-0.106905,2.09908,-1.58869,1.10696,0,0,0
M24492,M,299,310,1337,57.4,146,-0.888071,-0.11538,-2.79923,2.89599,1.09261,0,0,0
H39047,H,299.1,310.1,1421,41.2,149,-0.747213,0.107411,-1.60968,0.256032,1.19652,0,0,0
L56814,L,299.1,310.2,1425,52.7,154,-0.759971,0.244631,-1.51689,2.53478,1.29742,0,0,0
L56815,L,299.2,310.2,1609,33.2,156,-0.649487,0.213317,1.56654,-1.58358,1.42644,0,0,0
L56816,L,299.2,310.3,1507,41.3,158,-0.644228,0.260229,0.0998526,0.246722,1.46334,0,0,0
L56817,L,299.2,310.3,1463,38.9,160,-0.624412,0.275591,-0.788065,-0.315999,1.48298,0,0,0
H39052,H,299.3,310.4,1393,44.9,162,-0.621198,0.514952,-2.07455,1.13916,1.54286,0,0,0
L56819,L,299.3,310.4,1725,26.8,167,-0.551468,0.513005,2.41119,-2.55019,1.66376,0,0,0
L56820,L,299.4,310.5,1514,36.1,169,-0.468209,0.691874,0.228839,-0.954391,1.71958,0,0,0
L56821,L,299.3,310.4,1365,53.9,171,-0.556042,0.497711,-2.49595,2.67622,1.83442,0,0,0
L56822,L,299.4,310.5,1372,46.3,173,-0.481441,0.650001,-2.3929,1.47775,1.88066,0,0,0
L56823,L,299.4,310.4,1509,40.6,175,-0.50143,0.516333,0.140976,0.124843,1.9439,0,0,0
L56824,L,299.3,310.4,1629,32.6,177,-0.546087,0.499963,1.75209,-1.69163,1.97434,0,0,0
L56825,L,299.4,310.5,1749,28.1,179,-0.451191,0.674791,2.50462,-2.38177,2.0275,0,0,0
L56826,L,299.4,310.4,1582,31.7,181,-0.431481,0.521146,1.25015,-1.84428,2.06923,0,0,0
L56827,L,299.2,310.2,1458,47,183,-0.675906,0.231452,-0.869489,1.58485,2.17843,0,0,0
L56828,L,299.1,310.1,1416,41.2,185,-0.791703,0.117674,-1.69111,0.298655,2.19063,0,0,0
H39063,H,299.1,310,1657,33.1,187,-0.800137,-0.11374,1.99956,-1.57129,2.2578,0,0,0
M24510,M,299.1,310,1437,41.1,192,-0.75013,-0.132864,-1.29617,0.223974,2.43657,0,0,0
M24511,M,299.1,310,1580,36,195,-0.793888,-0.127216,1.22923,-0.993397,2.51078,0,0,0
M24512,M,299,310,1488,46.3,198,-0.844404,-0.137243,-0.310765,1.44393,2.58582,0,0,0
L56833,L,299,309.9,1373,55.7,201,-0.899217,-0.153151,-2.38137,2.80865,2.66622,0,1,1
L56834,L,299.1,310,1367,56.3,203,-0.769672,-0.140887,-2.42961,2.83212,2.7523,0,1,1
H39069,H,299.1,310,1431,49.5,205,-0.806513,-0.125502,-1.41438,2.0966,2.80376,0,0,0
L56836,L,299,310.1,1623,33,210,-0.857442,0.0246134,1.68639,-1.63273,2.89707,0,0,0
L56837,L,299,310,1484,39.6,212,-0.891195,-0.111238,-0.381262,-0.136812,2.95642,0,0,0
L56838,L,299,309.9,1548,34.5,214,-0.898713,-0.15067,0.728416,-1.28033,2.98027,0,0,0
L56839,L,298.9,309.8,1287,61.9,216,-1.03302,-0.335521,-3.04088,3.07327,3.00907,0,1,1
M24520,M,298.9,309.8,1392,43.1,218,-1.01407,-0.37582,-2.094,0.711161,3.037,0,0,0
H39075,H,299,310,1458,44.9,221,-0.862472,-0.103493,-0.880528,1.17055,3.07214,0,0,0
M24522,M,299.1,310.1,1570,30.9,226,-0.776939,0.00729951,1.11725,-1.98081,3.12714,0,0,0
L56843,L,299.1,310.1,1435,48.8,229,-0.798237,0.0185688,-1.3028,1.96041,3.10162,0,1,1
L56844,L,299.1,310.2,1317,54.8,231,-0.795,0.228656,-2.91736,2.7803,3.10433,0,1,1
L56845,L,299.2,310.3,1610,33.3,233,-0.690627,0.363011,1.56565,-1.56234,3.12391,0,0,0
M24526,M,299.1,310.3,1838,24,235,-0.78085,0.378809,2.76796,-2.79642,3.12454,0,0,0
L56847,L,299.2,310.3,1352,48.9,238,-0.687331,0.276388,-2.63146,2.01816,3.14159,0,1,1
L56848,L,299.1,310.3,1619,35.2,240,-0.757261,0.288057,1.67107,-1.17327,3.13692,0,0,0
L56849,L,299.1,310.3,1619,31.1,242,-0.759802,0.319366,1.65687,-1.96377,3.09108,0,0,0
L56850,L,299,310.2,1690,30.7,244,-0.879731,0.22346,2.21264,-2.06088,3.13247,0,0,0
L56851,L,299,310.2,1412,44.1,246,-0.896999,0.257009,-1.78523,0.991393,3.10167,0,0,0
H39086,H,299,310.2,1744,31.5,0,-0.860342,0.210365,2.50834,-1.88544,-3.04795,0,0,0
M24533,M,299,310.1,1593,35.4,5,-0.890271,0.00591932,1.35117,-1.11647,-2.94593,0,0,0
L56854,L,299.1,310.2,1695,29.6,8,-0.72812,0.24435,2.27281,-2.20362,-2.88492,0,0,0
M24535,M,299,310.2,1298,57.2,10,-0.841179,0.249497,-3.01333,2.89083,-2.78944,0,0,0
L56856,L,299,310.1,1886,21.2,13,-0.898173,0.00282077,2.86388,-2.93165,-2.76,0,0,0
L56857,L,299,310.1,2033,19.3,15,-0.894457,0.0137507,3.00111,-3.0228,-2.67844,0,0,0
M24538,M,299.1,310.2,1711,28.1,17,-0.763417,0.23157,2.36343,-2.39495,-2.60281,0,0,0
L56859,L,299.1,310.2,1598,33.4,20,-0.766855,0.200728,1.42316,-1.54406,-2.51573,0,0,0
L56860,L,299.1,310.1,1894,24.2,22,-0.792319,0.0815747,2.89335,-2.72068,-2.44603,0,0,0
M24541,M,299.1,310.1,1412,44.4,24,-0.753466,0.0628418,-1.83138,1.03387,-2.37542,0,0,0
L56862,L,299.1,310,1394,46.6,27,-0.760289,-0.0113482,-2.05832,1.55516,-2.32431,0,0,0
M24543,M,299,310,1338,56.4,29,-0.889761,-0.0631092,-2.81088,2.86476,-2.26446,0,0,0
H39098,H,298.9,309.9,1376,51,32,-1.02158,-0.211168,-2.32432,2.32107,-2.16855,0,0,0
L56865,L,299,310,1360,48.1,37,-0.871477,-0.060435,-2.51521,1.86634,-2.03684,0,0,0
L56866,L,299.1,310.1,1486,40.7,39,-0.778915,-0.0102062,-0.323494,0.151382,-2.00587,0,0,0
M24547,M,299.1,310.1,1649,31.6,41,-0.729263,0.0520752,1.9257,-1.82696,-1.9051,0,0,0
L56868,L,299.1,310.1,1367,45.6,44,-0.752841,0.00050181,-2.43941,1.29347,-1.77648,0,0,0
L56869,L,299,310.1,1362,59.5,46,-0.871825,0.00404805,-2.51302,2.98252,-1.76158,0,0,0
M24550,M,298.9,310,1520,35.6,48,-1.01806,-0.0408112,0.306757,-1.08172,-1.71373,0,0,0
L56871,L,299,310,1582,31.9,51,-0.892491,-0.018214,1.19796,-1.77393,-1.63963,0,0,0
M24552,M,299,310,1667,30,53,-0.87085,-0.022325,2.11477,-2.15673,-1.5863,0,0,0
L56873,L,298.9,310,1693,28.8,56,-1.00262,-0.0728862,2.22566,-2.3546,-1.46383,0,0,0
L56874,L,298.9,310,1559,33.4,58,-1.01062,-0.0384807,0.920094,-1.51574,-1.45101,0,0,0
L56875,L,298.9,309.9,1592,32,60,-0.981071,-0.233707,1.31594,-1.80416,-1.37791,0,0,0
L56876,L,298.9,309.9,1404,39.8,62,-1.01228,-0.257633,-1.9222,-0.0915956,-1.31843,0,0,0
M24557,M,298.8,309.8,1413,45.5,64,-1.07172,-0.337822,-1.75889,1.29951,-1.24641,0,0,0
L56878,L,298.8,309.8,1663,28.2,67,-1.0834,-0.320578,2.01775,-2.42868,-1.1548,0,0,0
L56879,L,298.8,309.8,1508,36.3,69,-1.07553,-0.28538,0.137542,-0.91183,-1.0948,0,0,0
M24560,M,298.9,309.8,1353,53.7,71,-0.992297,-0.308959,-2.66251,2.61364,-1.05672,0,0,0
L56881,L,298.8,309.8,1485,42.4,74,-1.10309,-0.282844,-0.367619,0.586087,-1.0044,0,0,0
L56882,L,298.9,310,1633,31.2,76,-0.999005,-0.0649248,1.78448,-1.91751,-0.889779,0,0,0
L56883,L,298.9,310,1422,43.6,78,-1.01767,-0.00910661,-1.60103,0.826411,-0.853624,0,0,0
L56884,L,298.9,310.1,1577,41.4,80,-0.986595,0.0166832,1.16243,0.297871,-0.801084,0,0,0
L56885,L,298.9,310,1482,41.1,82,-1.02037,-0.0208372,-0.399698,0.244343,-0.725668,0,0,0
M24566,M,299,310.1,1705,30.1,84,-0.856403,0.0243868,2.33441,-2.15714,-0.655076,0,0,0
L56887,L,299,310.1,1699,32.9,87,-0.834301,0.00146949,2.28945,-1.64257,-0.610588,0,0,0
L56888,L,299,310.1,1664,29.7,89,-0.900167,0.0227882,2.01127,-2.19852,-0.517532,0,0,0
M24569,M,299,310,1486,34.6,91,-0.900125,-0.0498862,-0.29586,-1.32674,-0.496392,0,0,0
L56890,L,299.1,310.1,1336,61.3,94,-0.731069,0.065391,-2.82201,3.02023,-0.420343,0,0,0
H39125,H,299.1,310.1,1429,42.9,96,-0.762777,0.0600491,-1.46792,0.656533,-0.332621,0,0,0
M24572,M,299.1,310.2,1456,48.4,101,-0.834465,0.19568,-0.884135,1.87579,-0.186515,0,0,0
L56893,L,299.1,310.2,1496,45,104,-0.778797,0.253682,-0.118496,1.19007,-0.104149,0,0,0
L56894,L,299.1,310.1,1894,20.1,106,-0.768477,0.0820541,2.84359,-2.97973,-0.042212,0,0,0
L56895,L,299.1,310.1,1373,55.6,108,-0.774913,0.0984777,-2.39385,2.81648,0.0200571,0,0,0
H39130,H,299,310,1387,45.2,110,-0.899913,-0.0133526,-2.21987,1.21303,0.00463626,0,0,0
L56897,L,298.9,309.9,1500,44.2,115,-0.99465,-0.181743,-0.0667401,0.993228,0.203726,0,0,0
L56898,L,298.9,309.9,1517,36.6,117,-1.00486,-0.214793,0.25444,-0.852881,0.28053,0,0,0
L56899,L,298.9,309.9,1309,56.2,119,-1.03639,-0.231495,-2.96931,2.82674,0.358583,0,0,0
M24580,M,298.9,309.9,1357,54.5,121,-1.00272,-0.263292,-2.58925,2.73529,0.423023,0,0,0
L56901,L,298.8,309.8,1490,40.6,124,-1.10425,-0.284251,-0.240804,0.121233,0.411707,0,0,0
H39136,H,298.8,309.8,1911,21.6,126,-1.09171,-0.32286,2.91366,-2.92381,0.520858,0,0,0
L56903,L,298.8,309.8,1599,33.6,131,-1.07463,-0.298127,1.45239,-1.50201,0.657609,0,0,0
M24584,M,298.8,309.7,2098,19,133,-1.05526,-0.450129,3.01833,-3.01763,0.719266,0,0,0
M24585,M,298.7,309.7,1629,27.9,136,-1.18791,-0.493651,1.76274,-2.42781,0.799406,0,0,0
L56906,L,298.8,309.8,1557,37.2,139,-1.08299,-0.304685,0.911345,-0.665075,0.87032,0,0,0
L56907,L,298.8,309.8,1461,39.4,141,-1.13229,-0.273586,-0.78719,-0.172737,0.978599,0,0,0
L56908,L,298.8,309.8,1563,33.7,143,-1.10092,-0.304537,0.944713,-1.45561,1.03223,0,0,0
L56909,L,298.7,309.8,1695,29,145,-1.19926,-0.294455,2.26752,-2.30925,1.05936,0,0,0
L56910,L,298.8,310,1528,36.7,147,-1.09012,-0.0476765,0.434344,-0.856965,1.11429,0,0,0
L56911,L,298.8,310,1389,49.6,149,-1.10113,-0.0484312,-2.16003,2.0795,1.15889,0,0,0
L56912,L,298.9,310,2231,17.4,151,-0.965807,-0.0452114,3.10025,-3.02985,1.23054,0,0,0
M24593,M,298.9,310.1,1442,42.9,153,-0.986662,0.117176,-1.17947,0.678841,1.27412,0,0,0
H39148,H,298.9,310.1,1458,44.3,156,-1.00886,0.103594,-0.789624,1.01385,1.39087,0,0,0
L56915,L,299,310.1,1444,47.7,161,-0.847873,0.0557204,-1.12628,1.79934,1.51155,0,0,0
M24596,M,298.9,310,1348,58.2,163,-0.952726,-0.00635056,-2.72053,2.91946,1.57517,0,0,0
L56917,L,298.9,310,1791,27.6,166,-1.02434,-0.00263686,2.65462,-2.47553,1.69431,0,0,0
L56918,L,299,310,1509,38,168,-0.852851,-0.0277058,0.11576,-0.478246,1.73061,0,0,0
L56919,L,298.9,310,1515,42.9,170,-0.993165,-0.0296088,0.234121,0.6882,1.80341,0,0,0
M24600,M,298.9,310.1,1655,31.5,172,-1.00282,0.102129,1.94617,-1.91515,1.88034,0,0,0
L56921,L,298.9,310.1,1495,42.9,175,-0.986394,0.0688737,-0.108868,0.656897,1.91916,0,0,0
L56922,L,298.9,310.2,1623,37.2,177,-0.970177,0.312848,1.7215,-0.699999,1.98516,0,0,0
L56923,L,298.9,310.2,1562,42.5,179,-0.968793,0.247564,0.941243,0.566535,2.05785,0,0,0
L56924,L,298.8,310.1,1574,36.2,181,-1.10172,0.0718679,1.16087,-0.990511,2.10428,0,0,0
L56925,L,298.8,310,1611,32.4,183,-1.10099,-0.045406,1.51194,-1.72005,2.18273,0,0,0
L56926,L,298.8,310,1403,45.6,185,-1.12158,-0.00183485,-1.9312,1.32498,2.19517,0,0,0
L56927,L,298.8,310.1,1481,47.4,187,-1.11181,0.098292,-0.406356,1.69235,2.30067,0,0,0
M24608,M,298.9,310.1,1441,41.2,189,-0.929959,0.093576,-1.22743,0.237691,2.34673,0,0,0
H39163,H,298.8,310.1,1483,45.4,192,-1.06956,0.0761534,-0.373861,1.24545,2.44383,0,0,0
L56930,L,298.7,310,1555,32.6,197,-1.21241,-0.0258995,0.839544,-1.63062,2.55775,0,0,0
L56931,L,298.6,309.9,1615,28.8,199,-1.3105,-0.226235,1.58963,-2.33648,2.62353,0,0,0
L56932,L,298.6,309.8,1561,32.6,201,-1.30595,-0.278456,0.964138,-1.64935,2.68107,0,0,0
L56933,L,298.5,309.8,1593,35.1,203,-1.40116,-0.276639,1.37079,-1.16843,2.73681,0,0,0
M24614,M,298.5,309.7,1552,34,205,-1.42032,-0.493493,0.80156,-1.37486,2.78713,0,0,0
H39169,H,298.5,309.7,1561,35.3,208,-1.45146,-0.491091,0.9413,-1.12537,2.86569,0,0,0
L56936,L,298.6,309.8,1597,35.9,213,-1.30917,-0.285023,1.43221,-0.971652,2.99002,0,0,0
M24617,M,298.6,309.9,1517,34,215,-1.26094,-0.234724,0.240807,-1.42289,2.97889,0,0,0
L56938,L,298.6,309.8,2271,16.2,218,-1.2888,-0.312514,3.10428,-3.08785,3.06171,0,1,1
L56939,L,298.5,309.7,1613,36.7,0,-1.42306,-0.487331,1.57116,-0.854416,-3.04844,0,0,0
M24620,M,298.5,309.6,1509,47.3,2,-1.41584,-0.520757,0.10659,1.6749,-3.05435,0,0,0
L56941,L,298.6,309.7,1703,26.1,5,-1.27013,-0.45556,2.33623,-2.62915,-2.94557,0,0,0
L56942,L,298.6,309.7,1925,22.1,7,-1.24251,-0.510105,2.91626,-2.8996,-2.88252,0,0,0
M24623,M,298.6,309.6,1635,29.7,9,-1.29524,-0.519387,1.77599,-2.18699,-2.83488,0,0,0
L56944,L,298.5,309.5,1294,66.7,12,-1.4581,-0.754388,-3.00629,3.10633,-2.78938,0,1,1
L56945,L,298.6,309.6,1472,39.1,14,-1.2866,-0.551932,-0.585939,-0.207724,-2.69587,0,0,0
H39180,H,298.6,309.6,1449,42.5,16,-1.27203,-0.586364,-1.0739,0.584196,-2.65135,0,0,0
L56947,L,298.6,309.6,1563,35,21,-1.3047,-0.541659,0.990544,-1.20184,-2.48749,0,0,0
L56948,L,298.6,309.6,1611,35.7,23,-1.28709,-0.507329,1.53009,-1.05891,-2.41952,0,0,0
L56949,L,298.6,309.6,1386,48.6,25,-1.26588,-0.535232,-2.19787,1.9598,-2.384,0,0,0
H39184,H,298.6,309.5,1584,31.8,27,-1.27324,-0.796143,1.27889,-1.82213,-2.33635,0,0,0
M24631,M,298.7,309.6,1424,50.4,32,-1.23673,-0.557046,-1.53995,2.22534,-2.17323,0,0,0
L56952,L,298.5,309.5,1561,34.8,35,-1.41376,-0.784407,0.943682,-1.22302,-2.05237,0,0,0
L56953,L,298.5,309.4,1560,37.9,37,-1.42637,-0.862814,0.929763,-0.515607,-2.01342,0,0,0
H39188,H,298.6,309.5,1375,41,39,-1.29778,-0.765022,-2.37071,0.208206,-1.97636,0,0,0
M24635,M,298.6,309.5,1684,27.8,44,-1.29136,-0.7748,2.19374,-2.42376,-1.81603,0,0,0
M24636,M,298.6,309.6,1397,54.1,47,-1.32731,-0.572242,-1.98349,2.66764,-1.77234,0,0,0
L56957,L,298.6,309.6,1387,57.6,50,-1.31364,-0.547771,-2.17441,2.87369,-1.63305,0,0,0
H39192,H,298.7,309.7,1311,54.5,52,-1.25489,-0.49485,-2.95437,2.70254,-1.54392,0,0,0
L56959,L,298.8,309.8,1509,36.2,57,-1.07315,-0.290227,0.115473,-0.913664,-1.43996,0,0,0
M24640,M,298.8,309.8,1477,46.7,59,-1.11488,-0.326512,-0.501372,1.5639,-1.40853,0,0,0
L56961,L,298.8,309.9,1441,41.6,62,-1.07568,-0.248963,-1.21441,0.37576,-1.32424,0,0,0
L56962,L,298.7,309.9,1404,47.1,64,-1.23338,-0.243512,-1.89546,1.64353,-1.30831,0,0,0
H39197,H,298.8,309.9,1466,44.6,66,-1.1294,-0.287609,-0.68121,1.07531,-1.19042,0,0,0
M24644,M,298.7,309.8,1435,48.8,71,-1.21487,-0.345851,-1.35879,1.97751,-1.03524,0,0,0
H39199,H,298.7,309.7,1697,29.8,74,-1.22945,-0.485637,2.29117,-2.20156,-0.965023,0,0,0
M24646,M,298.7,309.6,1738,27.3,79,-1.27529,-0.521854,2.49509,-2.50192,-0.852399,0,0,0
H39201,H,298.6,309.5,1420,50.4,82,-1.28553,-0.743577,-1.63515,2.21425,-0.719211,0,0,0
M24648,M,298.5,309.5,1535,39.8,87,-1.44951,-0.746258,0.524633,-0.0921435,-0.603381,0,0,0
L56969,L,298.6,309.6,1715,28.4,90,-1.29437,-0.539198,2.34955,-2.36428,-0.515198,0,0,0
L56970,L,298.6,309.5,1483,43.2,92,-1.31331,-0.783148,-0.36652,0.749551,-0.497444,0,0,0
M24651,M,298.5,309.4,1521,37.5,94,-1.43898,-0.804359,0.317256,-0.616985,-0.42759,0,0,0
H39206,H,298.5,309.4,1573,36,97,-1.4425,-0.834174,1.12039,-0.983508,-0.287553,0,0,0
H39207,H,298.5,309.4,1414,46.7,102,-1.44241,-0.842575,-1.75506,1.58778,-0.14079,0,0,0
L56974,L,298.5,309.3,1590,33.9,107,-1.41629,-1.04849,1.32279,-1.44005,-0.0169375,0,0,0
L56975,L,298.5,309.3,1623,33.1,109,-1.44345,-1.02354,1.68396,-1.62409,0.0439378,0,0,0
H39210,H,298.4,309.3,1694,30.9,111,-1.53516,-1.03163,2.25389,-1.99524,0.101898,0,0,0
M24657,M,298.4,309.2,1597,33.5,116,-1.54397,-1.07003,1.37776,-1.50281,0.254154,0,0,0
L56978,L,298.5,309.3,1471,44.7,119,-1.45452,-0.937893,-0.617005,1.1535,0.322549,0,0,0
M24659,M,298.5,309.3,1551,34.7,121,-1.46164,-0.937977,0.816988,-1.26377,0.369829,0,0,0
H39214,H,298.5,309.3,1421,50.3,124,-1.47021,-0.94244,-1.60476,2.17973,0.500786,0,0,0
M24661,M,298.4,309.3,1496,45.6,129,-1.51296,-0.947479,-0.117448,1.31102,0.623758,0,0,0
H39216,H,298.4,309.3,1984,19.2,132,-1.499,-0.933545,2.9783,-3.03532,0.744255,0,0,0
L56983,L,298.4,309.2,1692,29.8,137,-1.51576,-1.125,2.22612,-2.1734,0.855894,0,0,0
L56984,L,298.4,309.1,1467,42.5,139,-1.52669,-1.2724,-0.707094,0.599327,0.879331,0,0,0
L56985,L,298.4,309.2,1651,28.5,141,-1.48884,-1.10575,1.93697,-2.34283,0.947952,0,0,0
L56986,L,298.3,309.1,1417,60.5,143,-1.5741,-1.27473,-1.66473,2.99208,1.01525,0,0,0
L56987,L,298.2,309,1413,55,145,-1.6951,-1.40591,-1.77683,2.75725,1.05724,0,0,0
M24668,M,298.2,309,1441,44.2,147,-1.68311,-1.43333,-1.22932,0.988691,1.10994,0,0,0
M24669,M,298.2,309,1353,50.3,150,-1.67939,-1.37333,-2.64307,2.1907,1.26507,0,0,0
L56990,L,298.1,309,1502,40.9,153,-1.89638,-1.36296,-0.0327303,0.197206,1.26989,0,0,0
L56991,L,298.2,309,1610,31.7,155,-1.69091,-1.39469,1.54757,-1.8391,1.32383,0,0,0
M24672,M,298.2,309.1,1411,45.8,157,-1.65156,-1.18825,-1.78558,1.38174,1.43174,0,0,0
L56993,L,298.3,309.1,1387,52.3,160,-1.58629,-1.1863,-2.19431,2.41385,1.51879,0,0,0
H39228,H,298.3,309.1,1430,40.9,162,-1.54483,-1.19383,-1.38621,0.198772,1.55147,0,0,0
M24675,M,298.4,309.1,1576,38.8,167,-1.50792,-1.18856,1.15381,-0.338218,1.69673,0,0,0
M24676,M,298.5,309.2,1721,29.4,170,-1.37469,-1.07015,2.36617,-2.23022,1.75615,0,0,0
M24677,M,298.5,309.3,1465,42.4,173,-1.40448,-0.948522,-0.731957,0.528853,1.88029,0,0,0
M24678,M,298.6,309.4,1407,45.1,176,-1.37014,-0.779771,-1.8579,1.23162,1.98005,0,0,0
M24679,M,298.6,309.4,1464,36.9,179,-1.34311,-0.827798,-0.758591,-0.728875,2.04137,0,0,0
M24680,M,298.6,309.5,1568,36.7,182,-1.38284,-0.777036,1.08115,-0.81112,2.12645,0,0,0
L57001,L,298.6,309.4,1667,35.6,185,-1.3735,-0.780239,2.10551,-1.12153,2.23317,0,0,0
L57002,L,298.5,309.4,1360,60.9,187,-1.44319,-0.751039,-2.54547,3.03859,2.23669,0,1,1
M24683,M,298.5,309.3,1488,43.7,189,-1.42146,-0.939252,-0.283254,0.889256,2.32684,0,0,0
L57004,L,298.4,309.3,1504,39.3,192,-1.52082,-0.947822,-0.0181468,-0.206177,2.38248,0,0,0
L57005,L,298.4,309.2,1610,32.4,194,-1.49992,-1.12163,1.56102,-1.71332,2.42447,0,0,0
L57006,L,298.4,309.2,1345,52.7,196,-1.50157,-1.10003,-2.74507,2.49317,2.57233,0,0,0
M24687,M,298.3,309.3,1376,57,198,-1.58196,-0.931785,-2.36383,2.87621,2.59027,0,0,0
L57008,L,298.4,309.4,1385,50,201,-1.50883,-0.793975,-2.26798,2.14669,2.67674,0,0,0
M24689,M,298.4,309.4,1429,41.8,203,-1.53228,-0.84424,-1.44982,0.440103,2.75728,0,0,0
L57010,L,298.3,309.3,1337,56.1,206,-1.58729,-0.919673,-2.7582,2.8166,2.79831,0,1,1
L57011,L,298.4,309.3,1542,35.4,208,-1.49819,-0.910933,0.650235,-1.14209,2.87869,0,0,0
L57012,L,298.4,309.2,2118,17.7,210,-1.53909,-1.09243,3.05312,-3.0819,2.90409,0,0,0
L57013,L,298.3,309.1,1386,45.3,212,-1.54773,-1.2909,-2.20899,1.23679,2.95864,0,0,0
M24694,M,298.3,309.1,1632,32.7,0,-1.55289,-1.21471,1.76351,-1.70343,-3.05711,0,0,0
L57015,L,298.4,309.3,1545,36.9,3,-1.60154,-0.983867,0.727298,-0.750185,-3.01251,0,0,0
M24696,M,298.4,309.3,1390,53.6,5,-1.54102,-1.01953,-2.1531,2.61087,-2.95153,0,0,0
M24697,M,298.4,309.3,1355,50.6,8,-1.49665,-0.999618,-2.59448,2.23316,-2.87429,0,0,0
L57018,L,298.4,309.2,1425,45.5,11,-1.53494,-1.12099,-1.52348,1.28257,-2.74541,0,0,0
M24699,M,298.4,309.2,1491,51.2,13,-1.54127,-1.10175,-0.205847,2.3695,-2.75386,0,0,0
H39254,H,298.3,309.2,1486,42.4,16,-1.58041,-1.11854,-0.308877,0.532883,-2.66509,0,0,0
M24701,M,298.3,309.2,1359,51.4,21,-1.54293,-1.14551,-2.53918,2.42218,-2.48691,0,0,0
L57022,L,298.4,309.3,1395,47.6,24,-1.55986,-1.00056,-2.03524,1.72387,-2.38702,0,0,0
L57023,L,298.3,309.2,1383,52.1,26,-1.60055,-1.10837,-2.2677,2.45326,-2.36694,0,0,0
H39258,H,298.3,309.1,1484,37,28,-1.57608,-1.24855,-0.373326,-0.771864,-2.26347,0,0,0
L57025,L,298.3,309.1,1421,47.4,33,-1.58768,-1.2212,-1.59504,1.69864,-2.12765,0,0,0
L57026,L,298.3,309,1339,58.8,35,-1.58941,-1.38887,-2.75804,2.95342,-2.10604,0,0,0
L57027,L,298.4,309.1,1362,46.1,37,-1.56285,-1.19688,-2.52345,1.42661,-1.99557,0,0,0
H39262,H,298.5,309.2,1568,40.6,39,-1.45955,-1.09249,1.04635,0.144287,-1.95068,0,0,0
L57029,L,298.6,309.4,2312,15.5,44,-1.32911,-0.926655,3.09365,-3.11063,-1.78097,0,0,0
M24710,M,298.5,309.3,1498,34.6,46,-1.40242,-0.983878,-0.05968,-1.29427,-1.75062,0,0,0
M24711,M,298.5,309.3,1761,27.2,49,-1.41582,-0.976327,2.55135,-2.47956,-1.69141,0,0,0
L57032,L,298.6,309.4,1316,51.4,52,-1.32248,-0.872618,-2.91732,2.40235,-1.59254,0,0,0
L57033,L,298.6,309.4,1525,37.8,54,-1.36472,-0.934013,0.380067,-0.532198,-1.51386,0,0,0
H39268,H,298.6,309.4,1362,45.3,56,-1.33155,-0.89977,-2.55461,1.25204,-1.45914,0,0,0
L57035,L,298.7,309.6,1516,38.5,61,-1.22486,-0.575073,0.20838,-0.396966,-1.32089,0,0,0
L57036,L,298.6,309.5,1450,44.2,63,-1.37882,-0.648361,-0.991471,1.01534,-1.27943,0,0,0
M24717,M,298.6,309.5,1366,55,65,-1.30955,-0.642671,-2.46828,2.77959,-1.21964,0,0,0
L57038,L,298.5,309.5,1547,33.1,68,-1.38066,-0.6826,0.674885,-1.57305,-1.13929,0,0,0
M24719,M,298.6,309.5,1580,33.9,70,-1.34678,-0.687946,1.19524,-1.42634,-1.07413,0,0,0
H39274,H,298.7,309.6,1755,26.9,73,-1.28465,-0.581171,2.57233,-2.56643,-0.973521,0,0,0
M24721,M,298.7,309.6,1800,24.8,78,-1.26981,-0.580837,2.68974,-2.72532,-0.909652,0,0,0
M24722,M,298.8,309.7,1439,45.8,81,-1.07794,-0.521432,-1.27397,1.31267,-0.72264,0,0,0
L57043,L,298.9,309.8,1411,56.3,84,-0.923623,-0.332767,-1.77717,2.83968,-0.675805,0,0,0
M24724,M,298.9,309.9,1645,31.4,86,-0.962985,-0.178265,1.90103,-1.86782,-0.620605,0,0,0
M24725,M,298.9,309.8,2450,13.9,89,-0.945845,-0.32485,3.13558,-3.10478,-0.540364,0,0,0
L57046,L,299,309.9,1630,34,92,-0.865776,-0.212582,1.7771,-1.43849,-0.4386,0,0,0
L57047,L,299,309.9,1411,44.7,94,-0.864901,-0.172043,-1.78152,1.09924,-0.40661,0,0,0
L57048,L,298.9,309.9,1526,35.4,96,-0.911801,-0.150341,0.390636,-1.09383,-0.309764,0,0,0
L57049,L,298.9,309.9,1590,31.3,98,-0.962986,-0.164472,1.32585,-1.91483,-0.295704,0,0,0
H39284,H,299,309.9,1884,25.6,100,-0.863509,-0.164238,2.86269,-2.66471,-0.245469,0,0,0
M24731,M,298.9,309.8,1947,21.7,105,-0.960232,-0.30579,2.94189,-2.93306,-0.0971017,0,0,0
L57052,L,298.9,309.9,1373,52.1,108,-0.947637,-0.200122,-2.39986,2.41531,0.0371286,0,0,0
L57053,L,298.9,309.8,1616,36.5,110,-0.942417,-0.350915,1.61222,-0.857384,0.0990103,0,0,0
M24734,M,298.9,309.9,1449,44.1,112,-0.930917,-0.202453,-1.03121,1.0014,0.127422,0,0,0
M24735,M,298.9,309.8,1363,50.6,115,-0.982202,-0.36765,-2.47081,2.26081,0.175991,0,0,0
H39290,H,298.8,309.7,1461,55.1,118,-1.10605,-0.528506,-0.816513,2.7477,0.276952,0,0,0
L57057,L,298.8,309.7,1374,58.6,123,-1.05025,-0.457774,-2.38373,2.89892,0.411139,0,0,0
L57058,L,298.7,309.7,1293,59.1,125,-1.25125,-0.460225,-3.05894,2.95643,0.502829,0,0,0
M24739,M,298.8,309.8,1490,38.6,127,-1.06047,-0.363429,-0.252846,-0.381789,0.5749,0,0,0
L57060,L,298.8,309.8,1753,27.5,130,-1.06845,-0.391374,2.50822,-2.44464,0.599719,0,0,0
L57061,L,298.8,309.8,1493,38.5,132,-1.06697,-0.384085,-0.1974,-0.37801,0.74427,0,0,0
L57062,L,298.8,309.8,1895,22,134,-1.06497,-0.376642,2.90766,-2.92879,0.784927,0,0,0
H39297,H,298.7,309.6,1654,34.3,136,-1.23762,-0.498768,1.97399,-1.33601,0.851385,0,0,0
L57064,L,298.7,309.5,1673,30.8,141,-1.23653,-0.684349,2.10068,-2.01286,0.926157,0,0,0
L57065,L,298.8,309.6,1613,27.7,143,-1.07668,-0.526978,1.55918,-2.45395,1.01924,0,0,0
L57066,L,298.8,309.6,1903,22.3,145,-1.0582,-0.492147,2.90139,-2.88799,1.07641,0,0,0
L57067,L,298.8,309.5,1368,44.7,147,-1.09534,-0.67284,-2.45934,1.13774,1.12831,0,0,0
M24748,M,298.8,309.6,1575,34.4,149,-1.08838,-0.474291,1.13386,-1.33171,1.20927,0,0,0
H39303,H,298.8,309.6,1516,40.2,152,-1.0532,-0.478971,0.217752,-0.00784627,1.26381,0,0,0
L57070,L,298.8,309.5,1645,32.8,157,-1.10513,-0.650628,1.90426,-1.63894,1.40166,0,0,0
L57071,L,298.8,309.5,1374,48.1,159,-1.10041,-0.642888,-2.3605,1.83423,1.45186,0,0,0
H39306,H,298.9,309.7,1407,48.6,161,-0.925061,-0.4842,-1.86447,1.93926,1.52795,0,0,0
M24753,M,298.9,309.6,1284,55.3,166,-0.97609,-0.482452,-3.04144,2.7794,1.64395,0,0,0
L57074,L,298.9,309.5,1645,31.1,169,-0.938902,-0.680683,1.9034,-1.94762,1.73234,0,0,0
L57075,L,298.8,309.4,1387,54.1,171,-1.06007,-0.912544,-2.19741,2.69467,1.81204,0,0,0
M24756,M,298.8,309.3,1618,35.1,173,-1.04423,-0.951719,1.6109,-1.18261,1.84673,0,0,0
L57077,L,298.8,309.3,1357,47.1,176,-1.06156,-0.938603,-2.55902,1.63041,1.94993,0,0,0
L57078,L,298.7,309.2,1396,44.8,178,-1.20039,-1.10707,-2.08877,1.12124,2.03113,0,0,0
L57079,L,298.7,309.2,1586,31.4,180,-1.28557,-1.08036,1.26409,-1.89058,2.08442,0,0,0
H39314,H,298.7,309.2,1449,42.3,182,-1.26318,-1.1208,-1.06383,0.521721,2.16513,0,0,0
M24761,M,298.7,309.2,1423,48.9,187,-1.225,-1.10917,-1.57956,1.9531,2.25795,0,0,0
H39316,H,298.7,309.3,1402,45.3,190,-1.22748,-0.946801,-1.93647,1.20478,2.3394,0,0,0
M24763,M,298.7,309.2,1437,45.7,195,-1.28047,-1.04305,-1.29633,1.35252,2.52188,0,0,0
L57084,L,298.6,309.1,1537,35.7,198,-1.34568,-1.2766,0.602127,-1.0717,2.60096,0,0,0
M24765,M,298.7,309.1,1423,49.5,200,-1.25978,-1.27075,-1.55892,2.06968,2.66053,0,0,0
M24766,M,298.6,309.1,1587,37.3,203,-1.36181,-1.30082,1.3052,-0.659485,2.73758,0,0,0
M24767,M,298.6,309.1,1487,43.2,206,-1.37298,-1.28056,-0.299458,0.724936,2.88544,0,0,0
L57088,L,298.6,309,1456,47.7,0,-1.35968,-1.38965,-0.860464,1.78443,-3.05557,0,0,0
L57089,L,298.7,309.1,1607,32.7,2,-1.21326,-1.26847,1.51859,-1.67697,-3.04075,0,0,0
L57090,L,298.6,309,1469,46,4,-1.33205,-1.37032,-0.625796,1.4245,-2.96289,0,0,0
M24771,M,298.6,309,1481,40.8,6,-1.34431,-1.39078,-0.413951,0.177331,-2.95032,0,0,0
L57092,L,298.6,308.9,1327,58.8,9,-1.35006,-1.52712,-2.87546,2.9314,-2.87755,0,0,0
L57093,L,298.5,308.8,1589,30.6,11,-1.43107,-1.63529,1.34205,-2.02528,-2.74979,0,0,0
L57094,L,298.5,308.8,1670,29.6,13,-1.41832,-1.62392,2.0749,-2.23423,-2.72266,0,0,0
M24775,M,298.5,308.7,1662,28.3,15,-1.42584,-1.74605,2.00919,-2.3821,-2.72413,0,0,0
M24776,M,298.5,308.8,1553,34.9,18,-1.41285,-1.60535,0.822085,-1.24827,-2.57204,0,0,0
M24777,M,298.5,308.8,1557,36,21,-1.4037,-1.58851,0.906171,-0.994489,-2.45733,0,0,0
L57098,L,298.4,308.8,1352,56.7,24,-1.44001,-1.59676,-2.63852,2.86556,-2.38318,0,0,0
L57099,L,298.5,308.8,1305,58.7,26,-1.37523,-1.63403,-2.9872,2.98394,-2.31737,0,0,0
H39334,H,298.5,308.7,1450,43.9,28,-1.43977,-1.75862,-1.01481,0.937295,-2.28157,0,0,0
M24781,M,298.5,308.7,1347,48.5,33,-1.42613,-1.76696,-2.73202,1.92776,-2.12586,0,0,0
H39336,H,298.6,308.8,1566,39.1,36,-1.34951,-1.6406,0.996282,-0.237217,-2.0091,0,0,0
M24783,M,298.5,308.7,1615,33.3,41,-1.41917,-1.74977,1.60531,-1.54726,-1.92171,0,0,0
M24784,M,298.5,308.6,1384,54.4,44,-1.4552,-1.89001,-2.20795,2.7185,-1.82391,0,0,0
M24785,M,298.5,308.7,1367,47.3,47,-1.39908,-1.76802,-2.44473,1.74596,-1.72305,0,0,0
M24786,M,298.5,308.6,1897,20.2,50,-1.41286,-1.94263,2.8319,-2.99538,-1.6355,0,0,0
L57107,L,298.5,308.6,1522,36.9,53,-1.42657,-1.90453,0.345323,-0.752202,-1.53273,0,0,0
M24788,M,298.4,308.5,1576,27.4,55,-1.44973,-1.95313,1.14615,-2.50534,-1.45477,0,0,0
H39343,H,298.4,308.4,1479,39.2,58,-1.43879,-2.17995,-0.474041,-0.227936,-1.41375,0,0,0
L57110,L,298.3,308.3,1452,45.5,63,-1.56121,-2.31971,-0.932261,1.3193,-1.27541,0,0,0
L57111,L,298.3,308.3,1432,46.9,65,-1.57364,-2.31838,-1.37609,1.64029,-1.19409,0,0,0
L57112,L,298.3,308.2,1663,28.4,67,-1.52613,-2.477,2.04517,-2.38315,-1.16731,0,0,0
L57113,L,298.3,308.3,1597,32.4,69,-1.53247,-2.35917,1.39945,-1.71285,-1.10414,0,0,0
L57114,L,298.3,308.2,1472,44.3,71,-1.54959,-2.47817,-0.596974,1.00712,-1.06308,0,0,0
L57115,L,298.4,308.3,1452,48.5,73,-1.4937,-2.34857,-0.977129,1.90394,-1.03257,0,0,0
H39350,H,298.3,308.2,1534,33.2,75,-1.59551,-2.49156,0.509276,-1.5996,-0.950424,0,0,0
L57117,L,298.3,308.1,1505,46.1,80,-1.52653,-2.53668,0.0474145,1.4882,-0.750488,0,0,0
L57118,L,298.3,308.1,1528,33.9,82,-1.5776,-2.51603,0.472774,-1.42759,-0.730115,0,0,0
H39353,H,298.3,308.1,2636,12.8,84,-1.62371,-2.50377,3.1405,-3.14159,-0.66662,0,0,0
M24800,M,298.3,308.1,1722,28.6,89,-1.58236,-2.50154,2.38113,-2.35195,-0.508213,0,0,0
L57121,L,298.4,308.1,1395,44,92,-1.51853,-2.53413,-2.04373,0.921686,-0.443087,0,0,0
L57122,L,298.4,308.1,1375,50.8,94,-1.50721,-2.47097,-2.36628,2.29087,-0.384423,0,0,0
M24803,M,298.3,308,1766,26,96,-1.61904,-2.60879,2.60341,-2.64455,-0.328244,0,0,0
L57124,L,298.3,307.9,1399,47.8,99,-1.61167,-2.64518,-2.00883,1.78226,-0.238242,0,0,0
L57125,L,298.3,308,1578,37.8,101,-1.57266,-2.53709,1.14941,-0.58243,-0.175706,0,0,0
L57126,L,298.3,307.9,1502,42,103,-1.58728,-2.66796,0.00500634,0.465984,-0.164767,0,0,0
M24807,M,298.2,307.9,1529,36.6,105,-1.70716,-2.64993,0.451241,-0.847317,-0.124579,0,0,0
L57128,L,298.2,307.8,1804,25.1,108,-1.6929,-2.73093,2.72327,-2.69584,0.00178451,0,0,0
M24809,M,298.2,307.8,1411,53.4,110,-1.71686,-2.7572,-1.79387,2.57274,0.0667377,0,0,0
L57130,L,298.1,307.8,1413,54.1,113,-1.85956,-2.77601,-1.74679,2.69598,0.125596,0,0,0
L57131,L,298.2,307.8,1355,59.4,115,-1.72173,-2.72966,-2.62313,2.97502,0.172775,0,0,0
L57132,L,298.2,307.8,1429,46.9,117,-1.71278,-2.74297,-1.46519,1.63337,0.239999,0,0,0
L57133,L,298.1,307.8,1565,35.3,119,-1.89077,-2.75071,0.985629,-1.14381,0.339933,0,0,0
M24814,M,298.1,307.9,1446,42.8,121,-1.85817,-2.63094,-1.12145,0.692031,0.377177,0,0,0
M24815,M,298.2,307.9,1462,38.8,124,-1.69259,-2.66152,-0.789949,-0.277676,0.467997,0,0,0
M24816,M,298.2,307.8,1578,34.5,127,-1.68312,-2.73329,1.17614,-1.31413,0.502251,0,0,0
L57137,L,298.1,307.8,1606,33,130,-1.85481,-2.72268,1.47459,-1.61612,0.631677,0,0,0
M24818,M,298.1,307.8,1525,35.9,132,-1.88241,-2.72976,0.393635,-1.01,0.691959,0,0,0
L57139,L,298.1,307.8,1379,49.1,135,-1.82788,-2.71959,-2.30512,2.01629,0.822771,0,0,0
L57140,L,298.2,307.8,1575,35,137,-1.68112,-2.7348,1.16464,-1.20566,0.813897,0,0,0
L57141,L,298.2,307.9,1399,54.9,139,-1.70538,-2.6612,-2.0304,2.74303,0.870987,0,0,0
L57142,L,298.2,307.9,1429,49.4,141,-1.70152,-2.64786,-1.46024,2.06714,0.960375,0,0,0
L57143,L,298.3,307.9,1435,39.9,143,-1.65128,-2.63336,-1.33405,-0.0509881,1.02246,0,0,0
L57144,L,298.3,307.9,1766,26.5,145,-1.64783,-2.62286,2.558,-2.60144,1.06281,0,0,0
L57145,L,298.3,307.9,1703,28.9,147,-1.68817,-2.63375,2.33033,-2.32188,1.10956,0,0,0
L57146,L,298.3,307.9,1507,41.2,149,-1.64866,-2.64447,0.0791012,0.275573,1.18073,0,0,0
M24827,M,298.3,307.9,1609,32.4,151,-1.65921,-2.62774,1.50527,-1.69611,1.25861,0,0,0
L57148,L,298.4,308,1605,32.4,154,-1.4872,-2.55976,1.47862,-1.69261,1.3159,0,0,0
L57149,L,298.4,308.1,1491,50,156,-1.52512,-2.54351,-0.232091,2.15807,1.38693,0,0,0
H39384,H,298.4,308.1,1891,24.7,158,-1.53028,-2.55825,2.9053,-2.75885,1.45948,0,0,0
H39385,H,298.5,308.2,1563,44.6,163,-1.42707,-2.49359,0.943398,1.06654,1.57431,0,0,0
L57152,L,298.6,308.2,1390,51.4,168,-1.34432,-2.52191,-2.11687,2.36674,1.71421,0,0,0
L57153,L,298.5,308.2,1444,40.5,170,-1.42366,-2.44611,-1.16595,0.115787,1.75349,0,0,0
L57154,L,298.6,308.2,1361,68.2,172,-1.35323,-2.4682,-2.53905,3.09698,1.85638,0,1,1
M24835,M,298.6,308.3,1589,34.1,174,-1.31208,-2.34207,1.32301,-1.40865,1.91089,0,0,0
L57156,L,298.6,308.2,1705,26.3,177,-1.32086,-2.47581,2.34165,-2.58674,2.00696,0,0,0
L57157,L,298.6,308.3,1422,40.4,179,-1.32815,-2.31435,-1.58251,0.12964,1.97843,0,0,0
H39392,H,298.6,308.3,1377,52.1,181,-1.30572,-2.30542,-2.32862,2.4186,2.11764,0,0,0
L57159,L,298.5,308.3,1334,49.8,186,-1.41782,-2.32022,-2.78657,2.13058,2.23339,0,0,0
L57160,L,298.6,308.4,1559,36.6,188,-1.3126,-2.21627,0.900186,-0.855079,2.30579,0,0,0
L57161,L,298.7,308.5,1353,47,190,-1.25214,-1.92382,-2.62856,1.6059,2.39245,0,0,0
M24842,M,298.7,308.4,1507,45.7,192,-1.22644,-2.18683,0.0404229,1.31261,2.41027,0,0,0
L57163,L,298.7,308.4,1694,28.7,195,-1.27067,-2.19285,2.26177,-2.31053,2.50859,0,0,0
H39398,H,298.7,308.4,1432,42.8,197,-1.24537,-2.23088,-1.42587,0.707616,2.59575,0,0,0
H39399,H,298.7,308.5,1572,35.6,202,-1.24201,-1.94528,1.1014,-1.0723,2.7174,0,0,0
M24846,M,298.8,308.6,1507,42.3,207,-1.11931,-1.92554,0.0543263,0.559632,2.8198,0,0,0
M24847,M,298.8,308.6,1500,37.1,210,-1.14631,-1.86718,-0.0654324,-0.725183,2.91436,0,0,0
L57168,L,298.9,308.6,1771,24.1,213,-0.961845,-1.93028,2.6132,-2.80123,2.95461,0,0,0
M24849,M,298.8,308.5,1577,33.2,0,-1.15145,-1.97272,1.20064,-1.55642,-3.06506,0,0,0
L57170,L,298.8,308.5,1527,36.2,3,-1.18757,-2.00963,0.350765,-0.898211,-3.02003,0,0,0
M24851,M,298.9,308.4,1827,26.1,5,-0.953939,-2.23688,2.74257,-2.63048,-2.96843,0,0,0
L57172,L,298.8,308.4,1484,39.2,8,-1.16512,-2.21778,-0.367391,-0.260321,-2.89933,0,0,0
L57173,L,298.8,308.4,1401,47.3,10,-1.15121,-2.22359,-1.99373,1.66233,-2.78481,0,0,0
L57174,L,298.8,308.3,1634,27.9,12,-1.15387,-2.33659,1.81157,-2.45462,-2.74114,0,0,0
M24855,M,298.8,308.4,1604,29.5,14,-1.1632,-2.22441,1.45759,-2.21866,-2.7297,0,0,0
H39410,H,298.9,308.4,1632,31.8,17,-0.920876,-2.20617,1.74061,-1.84724,-2.66017,0,0,0
M24857,M,299,308.6,1645,33.4,22,-0.892948,-1.89991,1.86004,-1.54631,-2.47665,0,0,0
H39412,H,299,308.7,1408,48.5,25,-0.854997,-1.72207,-1.85087,1.93853,-2.39326,0,0,0
M24859,M,299,308.7,1500,40.2,30,-0.833562,-1.71919,-0.0436889,0.0578088,-2.20737,0,0,0
